Timestamp (UTC),Longitude,Latitude,Pressure [dBar],Temperature [degC],Salinity [psu],PAR [microE/m2/s],CDOM [ppb],Backscatter (700nm),Chlorophyll-a [micro-gm/l]
1787257037.0,170.62408333333332,-45.80801666666666,,,,,,,
1787261612.0,170.65651666666668,-45.79789999999999,,,,,,,
1787264938.0,170.81498333333334,-45.77958333333333,,,,,,,
1787267556.0,170.8861166666667,-45.837333333333326,,,,,,,
1787267982.0,170.8861166666667,-45.837333333333326,,,,,,,
1787276623.0,,,,,,,,,
1787276779.0,,,,,,,,,
1787276799.0,170.95746666666665,-45.83419999999999,,,,,,,
1787281531.0,170.95746666666665,-45.83419999999999,,,,,,,
1787281548.0,170.95746666666665,-45.83419999999999,,,,,,,
1787281610.0,170.95746666666665,-45.83419999999999,,,,,,,
1787281673.0,170.97395,-45.82681666666667,,,,,,,
1787286058.5405273,170.9680383333333,-45.829773333333335,,,,,,,
1787286148.785736,,,4.410000145435333,11.480299949645996,34.95706740930125,0.0,1.7252000570297241,0.0003284999984316528,0.8978999853134155
1787286239.048767,,,13.71999979019165,11.463299751281738,34.97137567214684,0.0,1.7252000570297241,0.00024272500013466924,0.6715999841690063
1787286329.3637695,,,24.660000801086426,11.376299858093262,34.97050346736135,0.0,1.7252000570297241,0.00014965000445954502,0.44530001282691956
1787286419.8964539,,,34.99000072479248,11.322400093078613,34.9636478847206,0.0,1.6344000101089478,0.0001697249972494319,0.43799999356269836
1787286510.3156738,,,45.70000171661377,11.319700241088867,34.965186064406765,0.0,1.6344000101089478,0.00016242499987129122,0.49639999866485596
1787286600.8276978,,,56.529998779296875,11.285300254821777,34.959230264395494,0.0,1.6344000101089478,0.0001569500018376857,0.43070000410079956
1787286691.5058289,,,67.42000102996826,11.24209976196289,34.95284159538448,0.0,1.6344000101089478,0.00016060000052675605,0.40149998664855957
1787286781.9223633,,,78.70999813079834,11.217000007629395,34.94746301228,0.0,1.6344000101089478,0.00016060000052675605,0.39419999718666077
1787286872.3441467,,,89.5199966430664,11.187100410461426,34.94545741806071,0.0,1.6344000101089478,0.00017154999659396708,0.38690000772476196
1787286962.83432,,,100.86000442504883,11.184700012207031,34.94405814450024,0.0,1.6344000101089478,0.0002518499968573451,0.35040000081062317
1787287053.1649475,,,112.51999855041504,11.179300308227539,34.943676290189856,0.0,1.6344000101089478,0.0003066000062972307,0.37959998846054077
1787287143.5450134,,,104.20999526977539,11.18239974975586,34.943552008805746,0.0,1.6344000101089478,0.0001697249972494319,0.34310001134872437
1787287233.8286438,,,92.77000427246094,11.182299613952637,34.94378787054359,0.0,1.6344000101089478,0.00016060000052675605,0.34310001134872437
1787287324.1427917,,,80.86000442504883,11.203900337219238,34.947503895731735,0.0,1.6344000101089478,0.00017154999659396708,0.48910000920295715
1787287414.7531738,,,68.95999908447266,11.231499671936035,34.95068668050812,0.0,1.7252000570297241,0.00014965000445954502,0.44530001282691956
1787287505.1376648,,,57.059998512268066,11.267999649047852,34.956542679993476,0.0,1.7252000570297241,0.0001441750064259395,0.41609999537467957
1787287595.6736755,,,45.14999866485596,11.310600280761719,34.962851049805764,0.0,1.6344000101089478,0.00016789999790489674,0.48179998993873596
1787287685.989441,,,33.399999141693115,11.31820011138916,34.963977155069365,0.0,1.6344000101089478,0.00016060000052675605,0.47450000047683716
1787287776.3365173,,,21.689999103546143,11.33240032196045,34.965575515823495,0.0,1.7252000570297241,0.00014782500511500984,0.41609999537467957
1787287866.8860168,,,10.390000343322754,11.417099952697754,34.97100531198302,0.0,1.7252000570297241,0.00017519999528303742,0.49639999866485596
1787287922.943512,170.96876833333334,-45.82951166666667,,,,,,,
1787287957.1302185,,,5.270000100135803,11.393699645996094,34.87006857385665,0.0,1.9068000316619873,0.0002390750014455989,0.5037000179290771
1787288047.573639,,,15.34000039100647,11.36970043182373,34.968049568402655,0.0,1.7252000570297241,0.00015877500118222088,0.44530001282691956
1787288138.0085144,,,25.160000324249268,11.319299697875977,34.9644438993698,0.0,1.6344000101089478,0.0001514750038040802,0.45260000228881836
1787288228.5497742,,,35.63999891281128,11.312100410461426,34.96330503642864,0.0,1.6344000101089478,0.00015512500249315053,0.5328999757766724
1787288319.1604614,,,46.33999824523926,11.3056001663208,34.96249782770095,0.0,1.7252000570297241,0.0001642499992158264,0.48910000920295715
1787288409.9460144,,,56.64999961853027,11.239500045776367,34.95277872156191,0.0,1.6344000101089478,0.00017154999659396708,0.43070000410079956
1787288500.7330933,,,66.66999816894531,11.22029972076416,34.95011715963114,0.0,1.6344000101089478,0.00016789999790489674,0.41609999537467957
1787288591.1109924,,,77.30000019073486,11.212900161743164,34.947811597876346,0.0,1.6344000101089478,0.00016242499987129122,0.37959998846054077
1787288681.4777527,,,87.6099967956543,11.194299697875977,34.94564193907972,0.0,1.7252000570297241,0.00017337499593850225,0.38690000772476196
1787288771.914032,,,97.37000465393066,11.180299758911133,34.9435301148005,0.0,1.6344000101089478,0.00018250000721309334,0.35040000081062317
1787288862.5446167,,,107.29999542236328,11.178000450134277,34.94286641828109,0.0,1.7252000570297241,0.00020257500000298023,0.39419999718666077
1787288953.1107483,,,112.51999855041504,11.180000305175781,34.94271290001229,0.0,1.6344000101089478,0.0001642499992158264,0.37959998846054077
1787289043.2984924,,,101.90999984741211,11.178899765014648,34.94273017842852,0.0,1.6344000101089478,0.0002043999993475154,0.36500000953674316
1787289133.7209167,,,90.50999641418457,11.189599990844727,34.944630979113455,0.0,1.7252000570297241,0.0001770249946275726,0.3357999920845032
1787289224.0340881,,,79.20000076293945,11.195699691772461,34.945291549291404,0.0,1.7252000570297241,0.00015330000314861536,0.36500000953674316
1787289314.2957764,,,68.08000087738037,11.21619987487793,34.9492015627643,0.0,1.7252000570297241,0.00026462500682100654,0.41609999537467957
1787289404.8217163,,,56.64999961853027,11.226400375366211,34.95030368503369,0.0,1.6344000101089478,0.00018797500524669886,0.39419999718666077
1787289495.1802979,,,44.9399995803833,11.255800247192383,34.95437621591717,0.0,1.7252000570297241,0.00014782500511500984,0.40880000591278076
1787289585.3368225,,,33.88000011444092,11.303299903869629,34.96162427636469,0.0,1.7252000570297241,0.00031572498846799135,0.43070000410079956
1787289675.9612732,,,23.15000057220459,11.31410026550293,34.9638256909965,0.0,1.6344000101089478,0.00014235000708140433,0.6424000263214111
1787289766.1830444,,,12.400000095367432,11.340299606323242,34.96601566281354,0.0,1.6344000101089478,0.00014965000445954502,0.48910000920295715
1787289908.9516602,170.97370499999997,-45.82696666666666,,,,,,,
1787290001.1913757,170.97394999999997,-45.82682,,,,,,,
1787290135.0,170.97395,-45.82681666666667,,,,,,,
1787290165.0,170.97395,-45.82681666666667,,,,,,,
1787290437.0,170.9814333333333,-45.822583333333334,,,,,,,
1787290595.4145203,170.9760116666667,-45.825718333333334,,,,,,,
1787290690.5914307,,,4.679999947547913,11.360699653625488,34.878057539950866,0.0,1.815999984741211,0.00032302498584613204,0.5839999914169312
1787290780.9309692,,,13.559999465942383,11.316499710083008,34.96505615763976,0.0,1.7252000570297241,0.00018797500524669886,0.43799999356269836
1787290871.1321106,,,23.08000087738037,11.300700187683105,34.96178377934132,0.0,1.7252000570297241,0.00014052499318495393,0.41609999537467957
1787290961.5462341,,,32.90999889373779,11.237299919128418,34.95298533876728,0.0,1.6344000101089478,0.00015877500118222088,0.40149998664855957
1787291051.8278503,,,42.849998474121094,11.224300384521484,34.95122532508508,0.0,1.6344000101089478,0.00016060000052675605,0.40880000591278076
1787291142.0088806,,,53.359999656677246,11.22089958190918,34.949247053265005,0.0,1.7252000570297241,0.0001569500018376857,0.36500000953674316
1787291232.673706,,,65.01999855041504,11.218099594116211,34.94996285166382,0.0,1.6344000101089478,0.00018067499331664294,0.37229999899864197
1787291322.9369812,,,76.39999866485596,11.1899995803833,34.94529340605011,0.0,1.6344000101089478,0.00018797500524669886,0.35040000081062317
1787291413.3652039,,,87.79000282287598,11.186599731445312,34.94401955282183,0.0,1.6344000101089478,0.00020257500000298023,0.35040000081062317
1787291503.8349,,,99.18000221252441,11.178999900817871,34.943955123029895,0.0,1.7252000570297241,0.00016607499856036156,0.35040000081062317
1787291594.3522034,,,109.77999687194824,11.174599647521973,34.94269841635058,0.0,1.7252000570297241,0.00020257500000298023,0.34310001134872437
1787291684.7824402,,,115.86999893188477,11.17710018157959,34.94218192796335,0.0,1.7252000570297241,0.00020075000065844506,0.357699990272522
1787291775.0555115,,,104.21999931335449,11.174799919128418,34.94210840686695,0.0,1.7252000570297241,0.00016607499856036156,0.357699990272522
1787291865.5611267,,,92.32000350952148,11.190299987792969,34.944748161489095,0.0,1.7252000570297241,0.00018067499331664294,0.36500000953674316
1787291955.971405,,,81.07000350952148,11.199899673461914,34.94583787020352,0.0,1.7252000570297241,0.00022447500668931752,0.34310001134872437
1787292046.5693054,,,69.67999935150146,11.199399948120117,34.945940538726816,0.0,1.6344000101089478,0.00015330000314861536,0.34310001134872437
1787292136.8745728,,,59.28999900817871,11.207300186157227,34.94786657257107,0.0,1.7252000570297241,0.00016607499856036156,0.357699990272522
1787292227.2085571,,,48.10999870300293,11.214900016784668,34.94894286442689,0.0,1.7252000570297241,0.00014235000708140433,0.37229999899864197
1787292317.7059326,,,37.03999996185303,11.205699920654297,34.9472305712241,0.0,1.7252000570297241,0.0001989250013139099,0.357699990272522
1787292408.014801,,,25.469999313354492,11.21500015258789,34.94896379278815,0.0,1.6344000101089478,0.00018615000590216368,0.37959998846054077
1787292498.6698608,,,14.600000381469727,11.292799949645996,34.96077330734543,0.0,1.6344000101089478,0.00013869999384041876,0.42340001463890076
1787292584.3024902,170.97685833333333,-45.824963333333336,,,,,,,
1787292589.0484314,,,3.5199999809265137,11.36970043182373,34.965115827414195,0.0,1.7252000570297241,0.00018615000590216368,0.42340001463890076
1787292679.5395508,,,12.46000051498413,11.309900283813477,34.963574479944945,0.0,1.6344000101089478,0.00016060000052675605,0.41609999537467957
1787292769.870453,,,23.389999866485596,11.250499725341797,34.95585535399927,0.0,1.6344000101089478,0.00014600000577047467,0.43070000410079956
1787292860.188202,,,34.140000343322754,11.222599983215332,34.948196276899814,0.0,1.7252000570297241,0.00016060000052675605,0.45989999175071716
1787292950.6688538,,,44.23999786376953,11.208900451660156,34.94862006810872,0.0,1.6344000101089478,0.00021534999541472644,0.48910000920295715
1787293041.2072754,,,54.619998931884766,11.204899787902832,34.94716693888394,0.0,1.6344000101089478,0.00015512500249315053,0.43070000410079956
1787293131.833191,,,64.94999885559082,11.208800315856934,34.947984637604684,0.0,1.7252000570297241,0.0002116999967256561,0.37229999899864197
1787293222.121521,,,78.15000057220459,11.187899589538574,34.94540836039162,0.0,1.6344000101089478,0.00017154999659396708,0.39419999718666077
1787293312.606781,,,90.97000122070312,11.187000274658203,34.94480429657515,0.0,1.7252000570297241,0.0002591499942354858,0.35040000081062317
1787293403.0229492,,,103.29999923706055,11.186200141906738,34.94472601720244,0.0,1.7252000570297241,0.0002116999967256561,0.36500000953674316
1787293493.436676,,,116.09999656677246,11.178600311279297,34.94254291840382,0.0,1.7252000570297241,0.00019527500262483954,0.34310001134872437
1787293583.8391724,,,111.47000312805176,11.18340015411377,34.94363479432908,0.0,1.6344000101089478,0.00020257500000298023,0.34310001134872437
1787293674.1313171,,,100.39999961853027,11.18220043182373,34.94335459726188,0.0,1.6344000101089478,0.00016242499987129122,0.34310001134872437
1787293764.6253052,,,88.31999778747559,11.184900283813477,34.944003911011194,0.0,1.7252000570297241,0.00018067499331664294,0.36500000953674316
1787293855.0400696,,,76.19999885559082,11.194600105285645,34.94608728906494,0.0,1.7252000570297241,0.00020622499869205058,0.357699990272522
1787293945.4064026,,,63.64999771118164,11.19219970703125,34.945333534673686,0.0,1.6344000101089478,0.0001697249972494319,0.32850000262260437
1787294035.7371826,,,52.30000019073486,11.19789981842041,34.94610140040421,0.0,1.6344000101089478,0.0001770249946275726,0.357699990272522
1787294126.0352173,,,39.83000040054321,11.212900161743164,34.949484359557836,0.0,1.7252000570297241,0.00014052499318495393,0.39419999718666077
1787294216.4371643,,,27.56999969482422,11.219200134277344,34.95149170071875,0.0,1.7252000570297241,0.00013687499449588358,0.37959998846054077
1787294306.831665,,,15.720000267028809,11.253800392150879,34.95596832028266,0.0,1.7252000570297241,0.00014965000445954502,0.41609999537467957
1787294397.2882385,,,3.7799999117851257,11.322999954223633,34.905024716068944,0.0,1.815999984741211,0.00020804999803658575,0.60589998960495
1787294473.7577515,170.98125666666667,-45.82271000000001,,,,,,,
1787294566.4809265,170.981425,-45.82257666666666,,,,,,,
1787294596.0,170.9814333333333,-45.822583333333334,,,,,,,
1787294608.0,170.9814333333333,-45.822583333333334,,,,,,,
1787294883.0,170.9814333333333,-45.822583333333334,,,,,,,
1787294947.0,170.9814333333333,-45.822583333333334,,,,,,,
1787295008.0,170.9814333333333,-45.822583333333334,,,,,,,
1787295091.0,170.9814333333333,-45.822583333333334,,,,,,,
1787295215.0,171.00283333333329,-45.80195,,,,,,,
1787295363.4921875,170.98333499999995,-45.82096166666667,,,,,,,
1787295457.5228882,,,4.699999988079071,11.312299728393555,34.96269453734843,0.0,1.7252000570297241,0.00016060000052675605,0.41609999537467957
1787295547.8613281,,,16.00000023841858,11.282099723815918,34.960470729807,0.0,1.7252000570297241,0.00023725000210106373,0.48179998993873596
1787295638.4811096,,,27.869999408721924,11.2568998336792,34.95780716048858,0.0,1.7252000570297241,0.00017884999397210777,0.40149998664855957
1787295728.789154,,,38.92999887466431,11.246299743652344,34.95585446049099,0.0,1.7252000570297241,0.0001441750064259395,0.38690000772476196
1787295819.4064026,,,49.559998512268066,11.203200340270996,34.94836531596558,0.0,1.6344000101089478,0.00017884999397210777,0.43799999356269836
1787295909.807129,,,60.430002212524414,11.200300216674805,34.947738033082,0.0,1.7252000570297241,0.00014965000445954502,0.38690000772476196
1787296000.4072876,,,71.82000160217285,11.195799827575684,34.94611233907279,0.0,1.7252000570297241,0.00015330000314861536,0.37229999899864197
1787296090.8591003,,,83.52999687194824,11.185799598693848,34.94539289395821,0.0,1.6344000101089478,0.0002043999993475154,0.37229999899864197
1787296181.5262146,,,95.71000099182129,11.180000305175781,34.94415826235082,0.0,1.7252000570297241,0.00015512500249315053,0.36500000953674316
1787296271.7672424,,,107.41000175476074,11.173399925231934,34.94270710903435,0.0,1.7252000570297241,0.00016789999790489674,0.34310001134872437
1787296362.136444,,,117.88000106811523,11.175700187683105,34.94320886225218,0.0,1.6344000101089478,0.00016242499987129122,0.357699990272522
1787297335.672577,170.98345666666665,-45.82084,,,,,,,
1787297364.6490479,,,4.819999933242798,11.310700416564941,34.92316079720004,0.0,1.7252000570297241,0.0001916250039357692,0.5694000124931335
1787297455.230957,,,14.700000286102295,11.27869987487793,34.95971108998388,0.0,1.7252000570297241,0.00014235000708140433,0.45260000228881836
1787297545.6935425,,,25.0600004196167,11.262499809265137,34.95871913253289,0.0,1.7252000570297241,0.00014235000708140433,0.5037000179290771
1787297636.5497742,,,35.250000953674316,11.214400291442871,34.95051346626572,0.0,1.6344000101089478,0.00014235000708140433,0.40149998664855957
1787297727.0977783,,,45.260000228881836,11.196399688720703,34.94750116069298,0.0,1.6344000101089478,0.00017154999659396708,0.40149998664855957
1787297817.5222168,,,55.52000045776367,11.191699981689453,34.94845658249197,0.0,1.7252000570297241,0.0001441750064259395,0.38690000772476196
1787297907.750061,,,66.05000019073486,11.168600082397461,34.94418481140639,0.0,1.7252000570297241,0.0001569500018376857,0.38690000772476196
1787297998.5238953,,,76.84000015258789,11.15820026397705,34.941363349799,0.0,1.6344000101089478,0.00017154999659396708,0.39419999718666077
1787298088.9377747,,,86.92999839782715,11.161700248718262,34.942080278683946,0.0,1.7252000570297241,0.0001514750038040802,0.357699990272522
1787298179.558838,,,97.95999526977539,11.163800239562988,34.94201735624203,0.0,1.6344000101089478,0.0001569500018376857,0.35040000081062317
1787298269.9423828,,,111.35000228881836,11.146100044250488,34.93880590272248,0.0,1.6344000101089478,0.00016789999790489674,0.36500000953674316
1787299350.5755615,,,4.880000054836273,11.277999877929688,34.917598987262956,0.0,1.7252000570297241,0.00018250000721309334,0.43799999356269836
1787299440.8850098,,,15.249999761581421,11.245599746704102,34.95561572815304,0.0,1.7252000570297241,0.00015877500118222088,0.45989999175071716
1787299531.3729248,,,26.559998989105225,11.215800285339355,34.95069758019374,0.0,1.6344000101089478,0.0001441750064259395,0.43070000410079956
1787299621.6984863,,,37.59000062942505,11.1875,34.94705988664064,0.0,1.6344000101089478,0.00014782500511500984,0.42340001463890076
1787299712.399231,,,47.42000102996826,11.160499572753906,34.94301743208266,0.0,1.6344000101089478,0.00014782500511500984,0.37229999899864197
1787299802.7287292,,,57.44999885559082,11.188199996948242,34.94673816138321,0.0,1.7252000570297241,0.00015330000314861536,0.45260000228881836
1787299893.5888367,,,68.94999980926514,11.142399787902832,34.93930103798401,0.0,1.6344000101089478,0.00015512500249315053,0.36500000953674316
1787299983.989441,,,79.8199987411499,11.138699531555176,34.94192836057964,0.0,1.7252000570297241,0.0001569500018376857,0.35040000081062317
1787300074.6079712,,,90.97000122070312,11.1451997756958,34.93922175732578,0.0,1.7252000570297241,0.00014965000445954502,0.357699990272522
1787300164.8981018,,,101.94000244140625,11.123499870300293,34.93520731691724,0.0,1.7252000570297241,0.0001697249972494319,0.36500000953674316
1787300255.6407776,,,113.05999755859375,11.108400344848633,34.933421725089346,0.0,1.7252000570297241,0.00017154999659396708,0.34310001134872437
1787300345.957611,,,122.76000022888184,11.111800193786621,34.93452141205973,0.0,1.7252000570297241,0.0001697249972494319,0.357699990272522
1787301329.7407227,,,4.8899999260902405,11.26930046081543,34.94283549192342,0.0,1.7252000570297241,0.00016607499856036156,0.45260000228881836
1787301420.1960754,,,15.529999732971191,11.221099853515625,34.951017698550956,0.0,1.7252000570297241,0.00015512500249315053,0.45260000228881836
1787301510.6669312,,,26.519999504089355,11.21150016784668,34.9496278252763,0.0,1.7252000570297241,0.00014052499318495393,0.43070000410079956
1787301601.086792,,,37.30999946594238,11.198100090026855,34.94816141558297,0.0,1.7252000570297241,0.00014965000445954502,0.41609999537467957
1787301691.5160828,,,48.470001220703125,11.194600105285645,34.94777035171659,0.0,1.6344000101089478,0.00015512500249315053,0.48179998993873596
1787301781.9465027,,,59.089999198913574,11.194199562072754,34.94607571438271,0.0,1.7252000570297241,0.00016060000052675605,0.44530001282691956
1787301872.2082825,,,69.8199987411499,11.181300163269043,34.94515913868956,0.0,1.7252000570297241,0.00017884999397210777,0.48910000920295715
1787301962.63089,,,80.71999549865723,11.176799774169922,34.94495012456572,0.0,1.6344000101089478,0.00016789999790489674,0.42340001463890076
1787302053.1869812,,,91.82999610900879,11.113499641418457,34.93498993331628,0.0,1.7252000570297241,0.0001916250039357692,0.37959998846054077
1787302143.647766,,,103.12999725341797,11.093299865722656,34.931984658344156,0.0,1.7252000570297241,0.0001843250065576285,0.357699990272522
1787302234.0746155,,,114.11999702453613,11.093999862670898,34.93098605078657,0.0,1.6344000101089478,0.00018615000590216368,0.357699990272522
1787302324.7140198,,,123.24999809265137,11.094499588012695,34.93111063951429,0.0,1.7252000570297241,0.00021352499607019126,0.40149998664855957
1787303325.7307434,,,4.779999852180481,11.240400314331055,34.95114124036743,0.0,1.7252000570297241,0.0001514750038040802,0.43799999356269836
1787303416.155426,,,15.34000039100647,11.233200073242188,34.952140708998556,0.0,1.7252000570297241,0.00014600000577047467,0.42340001463890076
1787303506.6557922,,,26.040000915527344,11.233400344848633,34.952016213232525,0.0,1.7252000570297241,0.00014052499318495393,0.42340001463890076
1787303597.0703735,,,36.530001163482666,11.227399826049805,34.95121667292162,0.0,1.7252000570297241,0.00013869999384041876,0.42340001463890076
1787303687.632782,,,47.7400016784668,11.19219970703125,34.94689559806411,0.0,1.6344000101089478,0.00013322499580681324,0.42340001463890076
1787303778.085022,,,58.9900016784668,11.18019962310791,34.94489026113808,0.0,1.6344000101089478,0.00014235000708140433,0.43070000410079956
1787303868.5281982,,,70.37000179290771,11.173299789428711,34.94435246747862,0.0,1.6344000101089478,0.00014600000577047467,0.40880000591278076
1787303958.8337708,,,81.25,11.169099807739258,34.943268806203186,0.0,1.7252000570297241,0.00017337499593850225,0.43070000410079956
1787304049.4177246,,,91.99999809265137,11.152000427246094,34.94524424093754,0.0,1.7252000570297241,0.00015512500249315053,0.40880000591278076
1787304139.7582703,,,102.51999855041504,11.093199729919434,34.93155687939572,0.0,1.6344000101089478,0.00022812500537838787,0.5620999932289124
1787304230.442505,,,113.31999778747559,11.089400291442871,34.93082931367038,0.0,1.7252000570297241,0.00017337499593850225,0.357699990272522
1787304320.7591553,,,124.91000175476074,11.087699890136719,34.929952871206424,0.0,1.7252000570297241,0.00015877500118222088,0.36500000953674316
1787305442.472412,,,4.650000035762787,11.209099769592285,34.950400216515945,0.0,1.6344000101089478,0.00013869999384041876,0.39419999718666077
1787305532.9958496,,,15.049999952316284,11.20930004119873,34.9492137262286,0.0,1.6344000101089478,0.00015512500249315053,0.40149998664855957
1787305623.3060608,,,27.119998931884766,11.1496000289917,34.94098692645231,0.0,1.7252000570297241,0.00015877500118222088,0.40149998664855957
1787305713.587555,,,39.609999656677246,11.1451997756958,34.94034924969159,0.0,1.6344000101089478,0.00014600000577047467,0.39419999718666077
1787305804.0056458,,,53.09999942779541,11.139800071716309,34.93942112897487,0.0,1.6344000101089478,0.00020987499738112092,0.42340001463890076
1787305894.4148865,,,65.80999851226807,11.157500267028809,34.94129706380612,0.0,1.7252000570297241,0.0001441750064259395,0.41609999537467957
1787305984.8113708,,,77.64999866485596,11.097000122070312,34.932811369566146,0.0,1.7252000570297241,0.00019710000196937472,0.39419999718666077
1787306075.2231445,,,89.58000183105469,11.087400436401367,34.93110265327673,0.0,1.7252000570297241,0.00028104998636990786,0.39419999718666077
1787306165.6452637,,,101.40999794006348,11.088199615478516,34.930924208014034,0.0,1.7252000570297241,0.0001642499992158264,0.35040000081062317
1787306256.1343994,,,113.29000473022461,11.09179973602295,34.93135475603207,0.0,1.7252000570297241,0.00017519999528303742,0.37959998846054077
1787306346.6393738,,,125.50999641418457,11.087400436401367,34.93016875247043,0.0,1.7252000570297241,0.00018067499331664294,0.357699990272522
1787307507.8245544,,,4.510000050067902,11.316499710083008,34.964253742231826,0.0,1.6344000101089478,0.0001514750038040802,0.41609999537467957
1787307598.2462463,,,13.519999980926514,11.279899597167969,34.960196024784416,0.0,1.6344000101089478,0.00014600000577047467,0.48910000920295715
1787307688.6541138,,,23.399999141693115,11.258899688720703,34.95672013906071,0.0,1.6344000101089478,0.00013869999384041876,0.37959998846054077
1787307779.0367126,,,33.34000110626221,11.244600296020508,34.953415934706726,0.0,1.6344000101089478,0.00014600000577047467,0.45260000228881836
1787307869.4397278,,,42.810001373291016,11.238499641418457,34.958836293233766,0.0,1.7252000570297241,0.00014235000708140433,0.38690000772476196
1787307959.7505798,,,52.55000114440918,11.196399688720703,34.94472901570565,0.0,1.6344000101089478,0.0001441750064259395,0.40149998664855957
1787308050.276764,,,62.129998207092285,11.148099899291992,34.93893597731077,0.0,1.7252000570297241,0.00014235000708140433,0.38690000772476196
1787308140.665863,,,72.57999897003174,11.141300201416016,34.937523652347416,0.0,1.7252000570297241,0.00014600000577047467,0.39419999718666077
1787308231.0745544,,,83.07000160217285,11.108400344848633,34.9334985669354,0.0,1.7252000570297241,0.00014052499318495393,0.37959998846054077
1787308321.5132751,,,93.36000442504883,11.086700439453125,34.928678080935036,0.0,1.6344000101089478,0.0001514750038040802,0.36500000953674316
1787308411.7855225,,,102.56999969482422,11.089699745178223,34.932667519485584,0.0,1.7252000570297241,0.00014965000445954502,0.40880000591278076
1787308502.2850952,,,113.80999565124512,11.083200454711914,34.930722268303306,0.0,1.7252000570297241,0.00015877500118222088,0.35040000081062317
1787308593.1447144,,,126.68000221252441,11.083399772644043,34.930255731782815,0.0,1.7252000570297241,0.00016607499856036156,0.37229999899864197
1787309553.540039,,,4.7200000286102295,11.3725004196167,34.96073425271241,0.0,1.7252000570297241,0.00017519999528303742,0.5547999739646912
1787309643.728424,,,15.03000020980835,11.333900451660156,34.96673992419494,0.0,1.7252000570297241,0.00016789999790489674,0.43070000410079956
1787309734.1708984,,,25.239999294281006,11.333999633789062,34.966633048325185,0.0,1.7252000570297241,0.00013869999384041876,0.40880000591278076
1787310075.5668945,171.00261500000002,-45.802231666666664,,,,,,,
1787310167.2357788,171.002825,-45.801948333333335,,,,,,,
1787310199.0,171.00283333333329,-45.80195,,,,,,,
1787310211.0,171.00283333333329,-45.80195,,,,,,,
1787310316.0,171.00283333333329,-45.80195,,,,,,,
1787310378.0,171.00283333333329,-45.80195,,,,,,,
1787310631.0,171.00283333333329,-45.80195,,,,,,,
1787310773.0,171.00283333333329,-45.80195,,,,,,,
1787310835.0,171.00503333333333,-45.79901666666667,,,,,,,
1787310964.811676,171.00500999999997,-45.79903833333333,,,,,,,
1787311027.0,171.00503333333333,-45.79901666666667,,,,,,,
1787311040.0,171.00503333333333,-45.79901666666667,,,,,,,
1787311059.2300415,171.00503666666663,-45.799018333333336,,,,,,,
1787311224.0,171.0390166666667,-45.775850000000005,,,,,,,
1787311355.4936829,171.00597666666667,-45.7977,,,,,,,
1787311445.8443909,,,4.379999935626984,11.362099647521973,34.94179876970645,0.0,1.7252000570297241,0.00019345000328030437,0.45989999175071716
1787311536.2019958,,,14.72000002861023,11.327099800109863,34.96539468530041,0.0,1.7252000570297241,0.00013869999384041876,0.39419999718666077
1787311626.721344,,,24.34000015258789,11.31980037689209,34.95996883475604,0.0,1.7252000570297241,0.0001697249972494319,0.40149998664855957
1787311717.1655884,,,34.739999771118164,11.241299629211426,34.95065356496762,0.0,1.6344000101089478,0.00014600000577047467,0.38690000772476196
1787311807.6061707,,,45.15999794006348,11.163700103759766,34.94208526768007,0.0,1.7252000570297241,0.00018980000459123403,0.40880000591278076
1787311898.013092,,,55.310001373291016,11.113300323486328,34.934422703705664,0.0,1.7252000570297241,0.0001441750064259395,0.40149998664855957
1787311988.7023315,,,65.80999851226807,11.088299751281738,34.93233984120378,0.0,1.7252000570297241,0.00015512500249315053,0.37959998846054077
1787312078.9281006,,,75.37000179290771,11.087400436401367,34.931396350966494,0.0,1.7252000570297241,0.00015877500118222088,0.34310001134872437
1787312169.607666,,,85.74000358581543,11.086899757385254,34.932204807672534,0.0,1.7252000570297241,0.00017337499593850225,0.36500000953674316
1787312260.0594788,,,96.37999534606934,11.086899757385254,34.93182031200208,0.0,1.7252000570297241,0.0001514750038040802,0.35040000081062317
1787312350.4969788,,,109.89999771118164,11.08899974822998,34.93084666796184,0.0,1.7252000570297241,0.00018067499331664294,0.38690000772476196
1787312440.9067078,,,122.70999908447266,11.08899974822998,34.93109643373291,0.0,1.6344000101089478,0.0001514750038040802,0.36500000953674316
1787312531.4215698,,,134.70999717712402,11.088600158691406,34.93069546436529,0.0,1.7252000570297241,0.00016607499856036156,0.34310001134872437
1787313560.703888,171.00636666666668,-45.79748166666666,,,,,,,
1787313594.3869324,,,4.480000138282776,11.331199645996094,34.959348157159376,0.0,1.7252000570297241,0.00020257500000298023,0.44530001282691956
1787313684.9013062,,,15.230000019073486,11.301199913024902,34.962247830082674,0.0,1.7252000570297241,0.00016242499987129122,0.42340001463890076
1787313775.386444,,,26.410000324249268,11.22719955444336,34.947397731778814,0.0,1.7252000570297241,0.00014782500511500984,0.45989999175071716
1787313865.7142334,,,36.70000076293945,11.129199981689453,34.93694141936774,0.0,1.7252000570297241,0.0001350499951513484,0.37959998846054077
1787313956.0108337,,,47.63000011444092,11.101900100708008,34.93376110716099,0.0,1.7252000570297241,0.0001514750038040802,0.37959998846054077
1787314046.4606018,,,58.01000118255615,11.083499908447266,34.931332947669674,0.0,1.6344000101089478,0.0001642499992158264,0.37229999899864197
1787314136.9179077,,,68.08000087738037,11.083499908447266,34.93089834860928,0.0,1.7252000570297241,0.0001514750038040802,0.41609999537467957
1787314227.2449036,,,78.22999954223633,11.080400466918945,34.930684057357794,0.0,1.7252000570297241,0.00015877500118222088,0.357699990272522
1787314317.6895142,,,89.06999588012695,11.078800201416016,34.9304354848796,0.0,1.7252000570297241,0.00015512500249315053,0.36500000953674316
1787314408.0221863,,,99.37000274658203,11.081000328063965,34.93080402459238,0.0,1.7252000570297241,0.00016607499856036156,0.36500000953674316
1787314498.702118,,,109.46000099182129,11.083900451660156,34.93080636475898,0.0,1.7252000570297241,0.00017154999659396708,0.357699990272522
1787314588.926178,,,121.52000427246094,11.081899642944336,34.93089958326884,0.0,1.7252000570297241,0.00015877500118222088,0.37229999899864197
1787314679.250763,,,135.20000457763672,11.083600044250488,34.93074360705456,0.0,1.7252000570297241,0.00015512500249315053,0.36500000953674316
1787315812.3580322,,,4.3299999833106995,11.302499771118164,34.95290044144407,0.0,1.7252000570297241,0.00016607499856036156,0.43799999356269836
1787315902.7436523,,,14.9399995803833,11.280200004577637,34.95867657289207,0.0,1.7252000570297241,0.0001514750038040802,0.43070000410079956
1787315993.1837158,,,26.32999897003174,11.195500373840332,34.946308337100895,0.0,1.6344000101089478,0.00013322499580681324,0.37229999899864197
1787316083.6699219,,,36.98999881744385,11.110099792480469,34.93613365362207,0.0,1.6344000101089478,0.00014235000708140433,0.39419999718666077
1787316173.980835,,,47.719998359680176,11.099900245666504,34.93442425387867,0.0,1.7252000570297241,0.00014782500511500984,0.40880000591278076
1787316264.4699097,,,58.489999771118164,11.080599784851074,34.929987045474164,0.0,1.7252000570297241,0.00014600000577047467,0.37229999899864197
1787316355.0091248,,,69.36999797821045,11.068499565124512,34.9315186192152,0.0,1.6344000101089478,0.00015330000314861536,0.36500000953674316
1787316445.7315674,,,81.0099983215332,11.065699577331543,34.92825474735855,0.0,1.7252000570297241,0.00016060000052675605,0.357699990272522
1787316536.1567383,,,93.00000190734863,11.069199562072754,34.92912201406649,0.0,1.7252000570297241,0.0001843250065576285,0.35040000081062317
1787316626.6531372,,,104.16000366210938,11.06820011138916,34.928063425415516,0.0,1.7252000570297241,0.00017337499593850225,0.32850000262260437
1787316717.050476,,,112.95000076293945,11.071100234985352,34.9281505127626,0.0,1.7252000570297241,0.00018067499331664294,0.34310001134872437
1787316807.4965515,,,124.04999732971191,11.064200401306152,34.92684961959634,0.0,1.7252000570297241,0.0001569500018376857,0.35040000081062317
1787316897.8633728,,,136.28000259399414,11.065299987792969,34.92651640308981,0.0,1.7252000570297241,0.00018615000590216368,0.35040000081062317
1787318022.6471252,,,4.639999866485596,11.275799751281738,34.9526757255744,0.0,1.7252000570297241,0.00018797500524669886,0.49639999866485596
1787318113.0654907,,,15.360000133514404,11.274800300598145,34.96023696794817,0.0,1.7252000570297241,0.0001514750038040802,0.39419999718666077
1787318203.4931335,,,26.119999885559082,11.238699913024902,34.954703407399855,0.0,1.7252000570297241,0.00014782500511500984,0.40149998664855957
1787318293.897766,,,36.579999923706055,11.117300033569336,34.93804441880433,0.0,1.7252000570297241,0.00014235000708140433,0.38690000772476196
1787318384.4420166,,,48.420000076293945,11.087900161743164,34.93155990618196,0.0,1.7252000570297241,0.0001569500018376857,0.46720001101493835
1787318474.7985535,,,60.289998054504395,11.069600105285645,34.92976189469912,0.0,1.7252000570297241,0.00014052499318495393,0.39419999718666077
1787318565.311493,,,72.7299976348877,11.071499824523926,34.930147918790375,0.0,1.7252000570297241,0.00013869999384041876,0.37229999899864197
1787318655.728424,,,85.08000373840332,11.046199798583984,34.92551514756275,0.0,1.7252000570297241,0.00017519999528303742,0.357699990272522
1787318746.0938416,,,97.37000465393066,11.04990005493164,34.924963152694865,0.0,1.7252000570297241,0.00017154999659396708,0.357699990272522
1787318836.762085,,,108.36000442504883,11.035200119018555,34.9225392102126,0.0,1.7252000570297241,0.00018067499331664294,0.34310001134872437
1787318927.0103455,,,118.87999534606934,11.0378999710083,34.92294107229028,0.0,1.7252000570297241,0.0001843250065576285,0.37229999899864197
1787319017.4476624,,,130.57000160217285,11.042099952697754,34.92249539615289,0.0,1.7252000570297241,0.00018067499331664294,0.34310001134872437
1787320241.3409119,,,4.690000116825104,11.22130012512207,34.95421022785665,0.0,1.7252000570297241,0.0001569500018376857,0.41609999537467957
1787320331.6661072,,,13.980000019073486,11.213600158691406,34.946603358207796,0.0,1.7252000570297241,0.00014600000577047467,0.40149998664855957
1787320421.9633484,,,25.499999523162842,11.112500190734863,34.931344330556335,0.0,1.7252000570297241,0.00014600000577047467,0.36500000953674316
1787320512.7106934,,,37.130000591278076,11.071999549865723,34.9312153945482,0.0,1.7252000570297241,0.00014965000445954502,0.43799999356269836
1787320603.176239,,,49.029998779296875,11.04740047454834,34.92650555695367,0.0,1.7252000570297241,0.00015512500249315053,0.357699990272522
1787320693.5298462,,,60.67999839782715,11.043399810791016,34.92556939785031,0.0,1.7252000570297241,0.00015877500118222088,0.36500000953674316
1787320783.9175415,,,72.6200008392334,11.038999557495117,34.92229004746396,0.0,1.7252000570297241,0.00019527500262483954,0.35040000081062317
1787320874.4226074,,,84.7700023651123,11.030599594116211,34.923225020167955,0.0,1.7252000570297241,0.00017154999659396708,0.37229999899864197
1787320964.9513245,,,97.15999603271484,11.025500297546387,34.92201343927252,0.0,1.7252000570297241,0.0002043999993475154,0.32850000262260437
1787321055.4733582,,,109.58999633789062,11.025099754333496,34.92101283738957,0.0,1.7252000570297241,0.00017884999397210777,0.32120001316070557
1787321145.8589783,,,121.96999549865723,11.01140022277832,34.918310448022766,0.0,1.7252000570297241,0.00015512500249315053,0.32120001316070557
1787321236.0581665,,,133.22999954223633,11.002699851989746,34.91804687676406,0.0,1.7252000570297241,0.00016789999790489674,0.3357999920845032
1787322537.7809448,,,4.560000002384186,11.188799858093262,34.952516048432564,0.0,1.7252000570297241,0.00014052499318495393,0.38690000772476196
1787322628.078125,,,16.360000371932983,11.174599647521973,34.93879683851216,0.0,1.7252000570297241,0.00018980000459123403,0.37229999899864197
1787322718.470398,,,28.84999990463257,11.04800033569336,34.92803749228563,0.0,1.7252000570297241,0.00014782500511500984,0.36500000953674316
1787322808.9996033,,,41.19999885559082,11.043499946594238,34.92595704564385,0.0,1.7252000570297241,0.00014052499318495393,0.34310001134872437
1787322899.421753,,,54.010000228881836,11.035300254821777,34.923896700921176,0.0,1.7252000570297241,0.00014965000445954502,0.36500000953674316
1787322989.8039246,,,66.83000087738037,11.039899826049805,34.91804534800483,0.0,1.7252000570297241,0.00016607499856036156,0.40149998664855957
1787323080.1123657,,,79.80999946594238,11.027700424194336,34.923519510715366,0.0,1.7252000570297241,0.0001441750064259395,0.357699990272522
1787323170.491333,,,93.33999633789062,11.013400077819824,34.92006217910216,0.0,1.7252000570297241,0.00018980000459123403,0.35040000081062317
1787323260.8860168,,,105.43000221252441,11.01140022277832,34.91733607637325,0.0,1.7252000570297241,0.00014965000445954502,0.34310001134872437
1787323351.3656616,,,119.46000099182129,11.009599685668945,34.91865043760824,0.0,1.7252000570297241,0.0001642499992158264,0.34310001134872437
1787323441.6809387,,,132.77000427246094,11.000399589538574,34.916745481642245,0.0,1.7252000570297241,0.00015877500118222088,0.32850000262260437
1787323532.0057068,,,146.0099983215332,10.995599746704102,34.91568403680031,0.0,1.7252000570297241,0.00016242499987129122,0.34310001134872437
1787324926.7111206,,,4.309999942779541,11.17039966583252,34.949410479057896,0.0,1.7252000570297241,0.00015877500118222088,0.38690000772476196
1787325017.2711182,,,14.72000002861023,11.156399726867676,34.95514463597936,0.0,1.7252000570297241,0.00014782500511500984,0.38690000772476196
1787325107.7436829,,,24.590001106262207,11.092300415039062,34.93640630805956,0.0,1.7252000570297241,0.00014235000708140433,0.36500000953674316
1787325198.0578918,,,35.85000038146973,11.153900146484375,34.94592387690797,0.0,1.7252000570297241,0.00014782500511500984,0.39419999718666077
1787325288.7505798,,,48.34000110626221,11.031499862670898,34.9238734291357,0.0,1.7252000570297241,0.00014965000445954502,0.38690000772476196
1787325379.3278503,,,60.939998626708984,11.030099868774414,34.923228972683226,0.0,1.7252000570297241,0.0001514750038040802,0.35040000081062317
1787325469.746704,,,73.36999893188477,11.02340030670166,34.92191551862674,0.0,1.7252000570297241,0.0001441750064259395,0.34310001134872437
1787325559.9716492,,,86.19000434875488,11.020999908447266,34.92083574488483,0.0,1.7252000570297241,0.00014782500511500984,0.34310001134872437
1787325650.5216675,,,99.30000305175781,11.016300201416016,34.91932057151215,0.0,1.7252000570297241,0.00016242499987129122,0.32850000262260437
1787325740.8798828,,,111.52000427246094,11.00730037689209,34.91850449152591,0.0,1.7252000570297241,0.0002536750107537955,0.37229999899864197
1787326758.9810486,171.03883,-45.77606833333334,,,,,,,
1787326850.1076355,171.03902333333335,-45.775851666666675,,,,,,,
1787326881.0,171.0390166666667,-45.775850000000005,,,,,,,
1787326894.0,171.0390166666667,-45.775850000000005,,,,,,,
1787327157.0,171.04613333333333,-45.77153333333334,,,,,,,
1787327295.5181885,171.04031,-45.77468333333333,,,,,,,
1787327396.4382935,,,5.289999842643738,11.134400367736816,34.94285012264409,0.0,1.7252000570297241,0.00013869999384041876,0.357699990272522
1787327486.69339,,,16.019999980926514,11.139399528503418,34.94412493944704,0.0,1.7252000570297241,0.00013139999646227807,0.36500000953674316
1787327577.4274292,,,27.669999599456787,11.148099899291992,34.945153732484954,0.0,1.7252000570297241,0.00013322499580681324,0.37959998846054077
1787327667.6651917,,,38.6899995803833,11.043000221252441,34.92566607345853,0.0,1.7252000570297241,0.00014235000708140433,0.36500000953674316
1787327758.3415527,,,49.629998207092285,11.039899826049805,34.92508648322293,0.0,1.7252000570297241,0.0001770249946275726,0.3138999938964844
1787327848.7571716,,,60.440001487731934,11.02649974822998,34.92228681686263,0.0,1.7252000570297241,0.00015512500249315053,0.32850000262260437
1787327939.3330383,,,71.44000053405762,11.007100105285645,34.91931689153176,0.0,1.7252000570297241,0.00014600000577047467,0.3138999938964844
1787328029.6730652,,,82.20999717712402,11.002799987792969,34.9182660411899,0.0,1.7252000570297241,0.00015512500249315053,0.35040000081062317
1787328120.342041,,,93.45999717712402,11.004500389099121,34.91858611458263,0.0,1.7252000570297241,0.00017154999659396708,0.32120001316070557
1787328210.592041,,,104.54999923706055,10.990599632263184,34.91644379868892,0.0,1.7252000570297241,0.00015512500249315053,0.32120001316070557
1787328301.3702393,,,115.3499984741211,10.994000434875488,34.91625601697792,0.0,1.7252000570297241,0.00015512500249315053,0.32850000262260437
1787328391.6278076,,,126.02999687194824,10.99590015411377,34.91545546873956,0.0,1.7252000570297241,0.00015512500249315053,0.32850000262260437
1787328482.3868713,,,137.29000091552734,10.983200073242188,34.91429946812004,0.0,1.7252000570297241,0.00018250000721309334,0.34310001134872437
1787328572.6608276,,,147.79000282287598,10.968600273132324,34.913496284632515,0.0,1.7252000570297241,0.00017154999659396708,0.37229999899864197
1787328663.0413208,,,157.86999702453613,10.86769962310791,34.89067016934608,0.0,1.7252000570297241,0.00016060000052675605,0.32120001316070557
1787328753.578308,,,169.99000549316406,10.885299682617188,34.88771026498031,0.0,1.7252000570297241,0.00014782500511500984,0.32850000262260437
1787330346.104004,171.0402083333333,-45.77442666666668,,,,,,,
1787330383.7781677,,,4.790000021457672,11.145000457763672,34.942860038419816,0.0,1.7252000570297241,0.0001514750038040802,0.357699990272522
1787330474.5127869,,,15.180000066757202,11.14579963684082,34.94479369549584,0.0,1.7252000570297241,0.00016789999790489674,0.36500000953674316
1787330564.8191223,,,26.28000020980835,11.128199577331543,34.94397607032023,0.0,1.7252000570297241,0.00016242499987129122,0.37959998846054077
1787330655.4555054,,,37.850000858306885,11.115699768066406,34.94058972685169,0.0,1.7252000570297241,0.00014782500511500984,0.43799999356269836
1787330745.8539124,,,50.11000156402588,11.076800346374512,34.93687025411525,0.0,1.7252000570297241,0.00014235000708140433,0.357699990272522
1787330836.3812866,,,63.319997787475586,10.972900390625,34.91854861314667,0.0,1.7252000570297241,0.00014782500511500984,0.3138999938964844
1787330926.757904,,,74.85000133514404,10.9576997756958,34.91113043377895,0.0,1.7252000570297241,0.00016607499856036156,0.32120001316070557
1787331017.4085083,,,88.2699966430664,10.936200141906738,34.90545383993314,0.0,1.7252000570297241,0.0001642499992158264,0.32120001316070557
1787331107.678711,,,103.97000312805176,10.918899536132812,34.90366024557968,0.0,1.7252000570297241,0.00022995000472292304,0.34310001134872437
1787331198.0424194,,,118.21999549865723,10.887399673461914,34.89131086900272,0.0,1.7252000570297241,0.0001569500018376857,0.32850000262260437
1787331288.5193481,,,133.26000213623047,10.868000030517578,34.8918131222634,0.0,1.7252000570297241,0.00014965000445954502,0.3357999920845032
1787331378.9699707,,,149.54999923706055,10.860400199890137,34.89183626997006,0.0,1.7252000570297241,0.0001514750038040802,0.32850000262260437
1787331469.401245,,,166.56000137329102,10.86989974975586,34.884681719470336,0.0,1.7252000570297241,0.00015877500118222088,0.32120001316070557
1787332884.5502625,171.04601000000002,-45.77168666666667,,,,,,,
1787332977.1967163,171.04612833333334,-45.77154166666666,,,,,,,
1787333055.0,171.04613333333333,-45.77153333333334,,,,,,,
1787333080.0,171.04613333333333,-45.77153333333334,,,,,,,
1787333303.0,171.05763333333329,-45.77531666666667,,,,,,,
1787333438.1194763,171.04686333333333,-45.770636666666675,,,,,,,
1787333537.118866,,,4.230000078678131,11.063599586486816,34.932585287597064,0.0,1.6344000101089478,0.0001569500018376857,0.38690000772476196
1787333627.6082153,,,13.71000051498413,11.062000274658203,34.93262499132924,0.0,1.7252000570297241,0.00014235000708140433,0.37229999899864197
1787333717.9245605,,,22.690000534057617,11.067700386047363,34.931633831018154,0.0,1.7252000570297241,0.00014965000445954502,0.37229999899864197
1787333808.315216,,,32.95000076293945,11.065899848937988,34.931019159341815,0.0,1.7252000570297241,0.00014782500511500984,0.3357999920845032
1787333898.9562988,,,43.02000045776367,11.05519962310791,34.92478477682772,0.0,1.7252000570297241,0.00014600000577047467,0.35040000081062317
1787333989.2671204,,,53.81999969482422,11.023099899291992,34.925506941479625,0.0,1.7252000570297241,0.00014052499318495393,0.35040000081062317
1787334079.9833984,,,63.75999927520752,11.036199569702148,34.92414597316556,0.0,1.7252000570297241,0.00014965000445954502,0.357699990272522
1787334170.2403564,,,72.61000156402588,10.994799613952637,34.91361161030962,0.0,1.7252000570297241,0.00015512500249315053,0.3357999920845032
1787334260.7945557,,,83.29000473022461,10.956199645996094,34.9125608767882,0.0,1.7252000570297241,0.00014600000577047467,0.357699990272522
1787334351.0508118,,,95.57999610900879,10.928299903869629,34.905885347153315,0.0,1.6344000101089478,0.00016789999790489674,0.3138999938964844
1787334441.5698242,,,109.42999839782715,10.92650032043457,34.90467600274891,0.0,1.7252000570297241,0.0001697249972494319,0.36500000953674316
1787334531.8755188,,,120.60999870300293,10.941300392150879,34.90887140294403,0.0,1.7252000570297241,0.00015330000314861536,0.32120001316070557
1787334622.262146,,,133.2800006866455,10.912799835205078,34.901606744532245,0.0,1.7252000570297241,0.00016242499987129122,0.3138999938964844
1787334713.0414734,,,147.60000228881836,10.843700408935547,34.89338969514599,0.0,1.7252000570297241,0.00015877500118222088,0.32120001316070557
1787334803.776825,,,159.68000411987305,10.909000396728516,34.898692391168346,0.0,1.6344000101089478,0.00024090000079013407,0.39419999718666077
1787334894.2043457,,,172.88000106811523,10.924300193786621,34.902832619677085,0.0,1.7252000570297241,0.0001514750038040802,0.34310001134872437
1787336219.0022278,171.0470366666667,-45.770496666666666,,,,,,,
1787336247.7354126,,,4.269999861717224,11.014200210571289,34.92486300948272,0.0,1.7252000570297241,0.00014235000708140433,0.37229999899864197
1787336338.0225525,,,14.179999828338623,11.01710033416748,34.92351789838509,0.0,1.7252000570297241,0.00014600000577047467,0.35040000081062317
1787336428.6820374,,,24.570000171661377,11.017600059509277,34.92354701429655,0.0,1.7252000570297241,0.00018615000590216368,0.35040000081062317
1787336519.0757446,,,35.0,10.990099906921387,34.91653866143405,0.0,1.7252000570297241,0.00014782500511500984,0.35040000081062317
1787336609.7045898,,,45.1800012588501,10.961999893188477,34.91270537936014,0.0,1.7252000570297241,0.00015330000314861536,0.32850000262260437
1787336699.9689026,,,56.33999824523926,10.93850040435791,34.907642432989476,0.0,1.7252000570297241,0.00014600000577047467,0.3357999920845032
1787336790.3102417,,,67.43000030517578,10.916999816894531,34.904804294429795,0.0,1.7252000570297241,0.00017154999659396708,0.3357999920845032
1787336880.7963562,,,76.93999767303467,10.895500183105469,34.90127530369118,0.0,1.7252000570297241,0.00016242499987129122,0.30660000443458557
1787336971.231018,,,86.38999938964844,10.854700088500977,34.892507200504184,0.0,1.7252000570297241,0.00016789999790489674,0.30660000443458557
1787337061.7085571,,,95.38000106811523,10.86359977722168,34.88789407679953,0.0,1.7252000570297241,0.00016242499987129122,0.32850000262260437
1787337152.1160889,,,103.9799976348877,10.864700317382812,34.88668114537291,0.0,1.7252000570297241,0.00016060000052675605,0.3138999938964844
1787337242.7436523,,,112.98999786376953,10.873000144958496,34.893455156148455,0.0,1.7252000570297241,0.00018067499331664294,0.30660000443458557
1787337333.0502014,,,124.2300033569336,10.857600212097168,34.87832288872729,0.0,1.7252000570297241,0.00017154999659396708,0.32850000262260437
1787337423.763092,,,134.37000274658203,10.873499870300293,34.893988248137234,0.0,1.7252000570297241,0.00022447500668931752,0.32850000262260437
1787337514.0637207,,,143.54999542236328,10.799400329589844,34.880269736552115,0.0,1.7252000570297241,0.0001697249972494319,0.3138999938964844
1787337604.578888,,,152.22999572753906,10.820099830627441,34.880716203273685,0.0,1.7252000570297241,0.0001642499992158264,0.32120001316070557
1787337694.8682556,,,163.2200050354004,10.770700454711914,34.87148939359205,0.0,1.7252000570297241,0.00016242499987129122,0.32850000262260437
1787337785.2791443,,,176.18000030517578,10.758899688720703,34.874809541170094,0.0,1.7252000570297241,0.00015877500118222088,0.3138999938964844
1787339257.92276,,,3.8499999046325684,10.996399879455566,34.92301171252867,0.0,1.7252000570297241,0.00014782500511500984,0.34310001134872437
1787339348.5495605,,,13.170000314712524,10.997699737548828,34.92465877742568,0.0,1.7252000570297241,0.00013869999384041876,0.34310001134872437
1787339439.05896,,,23.18000078201294,10.996700286865234,34.92098794094745,0.0,1.7252000570297241,0.0001569500018376857,0.36500000953674316
1787339529.5779724,,,32.839999198913574,10.991700172424316,34.9208904494645,0.0,1.7252000570297241,0.00017154999659396708,0.34310001134872437
1787339619.9046326,,,43.5099983215332,10.979399681091309,34.91039206774278,0.0,1.7252000570297241,0.00014600000577047467,0.35040000081062317
1787339710.5202026,,,53.460001945495605,10.922200202941895,34.90675345662808,0.0,1.7252000570297241,0.00015877500118222088,0.357699990272522
1787339800.7902832,,,63.379998207092285,10.921600341796875,34.904952161369,0.0,1.7252000570297241,0.0001514750038040802,0.30660000443458557
1787339891.080536,,,74.39000129699707,10.918100357055664,34.90522500968218,0.0,1.7252000570297241,0.00014965000445954502,0.42340001463890076
1787339981.5791016,,,85.93000411987305,10.923999786376953,34.90331656412479,0.0,1.7252000570297241,0.0001514750038040802,0.32120001316070557
1787340071.8909607,,,98.00999641418457,10.909099578857422,34.902660986340535,0.0,1.7252000570297241,0.00015330000314861536,0.32850000262260437
1787340162.6266785,,,110.41999816894531,10.897199630737305,34.90110421784085,0.0,1.7252000570297241,0.00015877500118222088,0.3138999938964844
1787340252.9456482,,,122.72000312805176,10.859600067138672,34.89483203951462,0.0,1.7252000570297241,0.00016242499987129122,0.32120001316070557
1787340343.6056519,,,135.83999633789062,10.866100311279297,34.8922631346557,0.0,1.7252000570297241,0.0001569500018376857,0.32850000262260437
1787340434.0714417,,,149.9899959564209,10.781200408935547,34.8755544014313,0.0,1.7252000570297241,0.00018250000721309334,0.3138999938964844
1787340524.60672,,,165.03999710083008,10.858200073242188,34.890393281570674,0.0,1.7252000570297241,0.00017884999397210777,0.3357999920845032
1787341973.6178894,,,4.2500001192092896,10.952699661254883,34.91534995139823,0.0,1.7252000570297241,0.00013869999384041876,0.34310001134872437
1787342063.9570923,,,13.380000591278076,10.920999526977539,34.90939442325542,0.0,1.7252000570297241,0.00015877500118222088,0.37959998846054077
1787342154.417694,,,22.56999969482422,10.95359992980957,34.914612587496535,0.0,1.7252000570297241,0.00014600000577047467,0.35040000081062317
1787342244.8365479,,,32.50999927520752,10.94159984588623,34.9173506233399,0.0,1.7252000570297241,0.00014965000445954502,0.34310001134872437
1787342335.0984497,,,43.5099983215332,10.883600234985352,34.896347085913476,0.0,1.7252000570297241,0.0001642499992158264,0.3138999938964844
1787342425.6540222,,,54.99000072479248,10.875200271606445,34.89766338666613,0.0,1.7252000570297241,0.00016242499987129122,0.30660000443458557
1787342516.052063,,,66.38000011444092,10.849100112915039,34.8898316610164,0.0,1.7252000570297241,0.00018615000590216368,0.32850000262260437
1787342606.6647644,,,76.88000202178955,10.847000122070312,34.8910043789559,0.0,1.7252000570297241,0.00017884999397210777,0.357699990272522
1787342697.0743103,,,88.14999580383301,10.803099632263184,34.88253017130972,0.0,1.7252000570297241,0.00016789999790489674,0.32850000262260437
1787342787.6506348,,,101.2399959564209,10.641900062561035,34.85974505436205,0.0,1.7252000570297241,0.00017154999659396708,0.32120001316070557
1787342878.0056763,,,112.69000053405762,10.56879997253418,34.83176292036254,0.0,1.7252000570297241,0.0001642499992158264,0.3138999938964844
1787342968.4331055,,,123.19000244140625,10.557600021362305,34.83206054638275,0.0,1.7252000570297241,0.00017519999528303742,0.34310001134872437
1787343058.943695,,,135.0,10.546099662780762,34.828017615860446,0.0,1.7252000570297241,0.00020257500000298023,0.32850000262260437
1787343149.6452026,,,144.350004196167,10.540900230407715,34.82573076971995,0.0,1.7252000570297241,0.00016060000052675605,0.32850000262260437
1787343239.9580994,,,154.60000038146973,10.541199684143066,34.82646436964893,0.0,1.6344000101089478,0.00016060000052675605,0.30660000443458557
1787343330.3714905,,,167.29000091552734,10.544300079345703,34.82614741420461,0.0,1.7252000570297241,0.00015877500118222088,0.30660000443458557
1787344794.7969666,,,4.539999961853027,10.920700073242188,34.90877370387457,0.0,1.7252000570297241,0.00014965000445954502,0.35040000081062317
1787344885.5284424,,,14.040000438690186,10.91349983215332,34.9073302923952,0.0,1.7252000570297241,0.00014782500511500984,0.3357999920845032
1787344975.9436646,,,22.890000343322754,10.914600372314453,34.906882123445676,0.0,1.7252000570297241,0.00015512500249315053,0.37229999899864197
1787345066.538391,,,32.9200005531311,10.919500350952148,34.906990269007906,0.0,1.6344000101089478,0.0001569500018376857,0.32850000262260437
1787345156.9906921,,,43.480000495910645,10.896100044250488,34.89937744256803,0.0,1.7252000570297241,0.00017337499593850225,0.32850000262260437
1787345247.3600464,,,54.80000019073486,10.878800392150879,34.892114582262415,0.0,1.7252000570297241,0.00015877500118222088,0.2992999851703644
1787345337.7833557,,,66.40999794006348,10.881600379943848,34.90364434671146,0.0,1.6344000101089478,0.0001770249946275726,0.2992999851703644
1787345428.376587,,,77.75000095367432,10.891799926757812,34.906938996588146,0.0,1.7252000570297241,0.00015877500118222088,0.32120001316070557
1787345518.933838,,,88.83999824523926,10.864100456237793,34.89457145048157,0.0,1.7252000570297241,0.0001642499992158264,0.3357999920845032
1787345609.3575134,,,99.91000175476074,10.835200309753418,34.88935848892481,0.0,1.7252000570297241,0.00016607499856036156,0.2919999957084656
1787345699.8535156,,,110.4800033569336,10.819100379943848,34.8839960761872,0.0,1.7252000570297241,0.0001569500018376857,0.30660000443458557
1787345790.2598572,,,121.25,10.807700157165527,34.882089254087234,0.0,1.7252000570297241,0.0001843250065576285,0.2992999851703644
1787345880.6853027,,,131.8400001525879,10.810500144958496,34.88137579547278,0.0,1.7252000570297241,0.00015512500249315053,0.2919999957084656
1787345970.947754,,,142.17000007629395,10.657500267028809,34.84750286193056,0.0,1.7252000570297241,0.00016242499987129122,0.32850000262260437
1787346061.3771973,,,151.78000450134277,10.634300231933594,34.843467109356965,0.0,1.7252000570297241,0.00028470001416280866,0.357699990272522
1787346151.774353,,,159.06999588012695,10.615400314331055,34.841804016752704,0.0,1.7252000570297241,0.00020987499738112092,0.34310001134872437
1787346242.0388184,,,168.0299949645996,10.645500183105469,34.847806075904764,0.0,1.7252000570297241,0.00020987499738112092,0.34310001134872437
1787347521.880249,,,3.9500001072883606,10.910400390625,34.90513686733851,0.0,1.7252000570297241,0.00014782500511500984,0.2773999869823456
1787347612.3051147,,,14.96000051498413,10.916199684143066,34.90794614712182,0.0,1.7252000570297241,0.00014600000577047467,0.32120001316070557
1787347702.6770935,,,25.190000534057617,10.895999908447266,34.9018322693011,0.0,1.7252000570297241,0.00014782500511500984,0.37959998846054077
1787347792.9396057,,,36.88999891281128,10.884599685668945,34.90410101922156,0.0,1.7252000570297241,0.00014782500511500984,0.357699990272522
1787348215.0484009,171.05766833333334,-45.77539166666667,,,,,,,
1787348303.8380737,171.05762833333333,-45.77532333333333,,,,,,,
1787348333.0,171.05763333333329,-45.77531666666667,,,,,,,
1787348350.0,171.05763333333329,-45.77531666666667,,,,,,,
1787348599.0,171.05763333333329,-45.77531666666667,,,,,,,
1787348749.0,171.0803,-45.77156666666666,,,,,,,
1787348814.8619385,171.05762833333333,-45.77532333333333,,,,,,,
1787348932.8251343,171.05743833333332,-45.77470333333333,,,,,,,
1787348974.7380676,,,4.7200000286102295,10.858200073242188,34.89452062848554,0.0,1.7252000570297241,0.00015330000314861536,0.24819999933242798
1787349125.3408813,,,25.220000743865967,10.8858003616333,34.901723143336405,0.0,1.7252000570297241,0.00015512500249315053,0.357699990272522
1787349275.689392,,,47.10000038146973,10.891799926757812,34.90083935287277,0.0,1.7252000570297241,0.00016607499856036156,0.38690000772476196
1787349426.2546082,,,68.22999954223633,10.875699996948242,34.89872558002257,0.0,1.7252000570297241,0.00014782500511500984,0.35040000081062317
1787349576.9629822,,,90.03999710083008,10.896200180053711,34.900214350403594,0.0,1.7252000570297241,0.00017337499593850225,0.3357999920845032
1787349727.354004,,,114.77999687194824,10.895500183105469,34.90296597210346,0.0,1.7252000570297241,0.00015330000314861536,0.36500000953674316
1787349878.0377502,,,144.91999626159668,10.844799995422363,34.901762376791076,0.0,1.7252000570297241,0.0001441750064259395,0.30660000443458557
1787350028.7007446,,,178.1599998474121,10.761300086975098,34.84062122818983,0.0,1.7252000570297241,0.0001441750064259395,0.32120001316070557
1787351628.87323,171.05748666666665,-45.77458333333334,,,,,,,
1787351675.230072,,,4.639999866485596,10.922800064086914,34.90552507999142,0.0,1.7252000570297241,0.0001569500018376857,0.2919999957084656
1787351825.406372,,,20.280001163482666,10.919500350952148,34.90729910489384,0.0,1.7252000570297241,0.00017154999659396708,0.38690000772476196
1787351976.0787354,,,36.74000024795532,10.866700172424316,34.89607703195811,0.0,1.7252000570297241,0.00014052499318495393,0.35040000081062317
1787352126.4458618,,,57.04999923706055,10.89490032196045,34.90150418047929,0.0,1.7252000570297241,0.00014600000577047467,0.3357999920845032
1787352276.9731445,,,80.95000267028809,10.812000274658203,34.88782996057242,0.0,1.7252000570297241,0.00014782500511500984,0.3138999938964844
1787352427.3964539,,,108.21999549865723,10.82229995727539,34.88798334120711,0.0,1.7252000570297241,0.00014235000708140433,0.32850000262260437
1787352577.9866943,,,136.04000091552734,10.647199630737305,34.85335575734619,0.0,1.7252000570297241,0.00014782500511500984,0.32120001316070557
1787352728.3446045,,,160.80999374389648,10.639399528503418,34.828592670579326,0.0,1.7252000570297241,0.00016607499856036156,0.2919999957084656
1787354433.2876892,,,4.53000009059906,10.89780044555664,34.89965288939548,0.0,1.7252000570297241,0.00014782500511500984,0.21899999678134918
1787354588.7018433,,,17.87999987602234,10.863699913024902,34.894943823267425,0.0,1.7252000570297241,0.00014600000577047467,0.2554999887943268
1787354739.1325989,,,31.410000324249268,10.842900276184082,34.89430938800366,0.0,1.7252000570297241,0.0001514750038040802,0.35040000081062317
1787354889.464569,,,49.40999984741211,10.867199897766113,34.893477421222,0.0,1.7252000570297241,0.00015330000314861536,0.34310001134872437
1787355039.738922,,,64.85000133514404,10.796799659729004,34.882303600575916,0.0,1.7252000570297241,0.00014600000577047467,0.2919999957084656
1787355190.5040894,,,80.27000427246094,10.79889965057373,34.88266810127161,0.0,1.7252000570297241,0.0001916250039357692,0.3357999920845032
1787355341.077362,,,96.26999855041504,10.796500205993652,34.88245033189175,0.0,1.815999984741211,0.00017519999528303742,0.32120001316070557
1787355491.6114197,,,112.03000068664551,10.806900024414062,34.884696020174054,0.0,1.7252000570297241,0.00015330000314861536,0.32850000262260437
1787355642.2314453,,,129.61999893188477,10.804400444030762,34.883773125670466,0.0,1.7252000570297241,0.00014600000577047467,0.32850000262260437
1787355792.6126099,,,144.54999923706055,10.807000160217285,34.88270835712049,0.0,1.7252000570297241,0.00016607499856036156,0.3138999938964844
1787355943.1913147,,,159.14999961853027,10.782999992370605,34.87875523917106,0.0,1.7252000570297241,0.00014965000445954502,0.3357999920845032
1787356093.4167175,,,172.36000061035156,10.793899536132812,34.87949590911299,0.0,1.7252000570297241,0.0001441750064259395,0.32850000262260437
1787357301.0662537,,,4.600000083446503,10.798800468444824,34.88410307034477,0.0,1.7252000570297241,0.00014235000708140433,0.2554999887943268
1787357451.5768433,,,22.950000762939453,10.815099716186523,34.88753412298461,0.0,1.7252000570297241,0.0001441750064259395,0.3357999920845032
1787357602.217041,,,43.79000186920166,10.82040023803711,34.88287103277233,0.0,1.7252000570297241,0.0001441750064259395,0.34310001134872437
1787357752.376587,,,63.01000118255615,10.799500465393066,34.88196446571058,0.0,1.7252000570297241,0.0001441750064259395,0.357699990272522
1787357902.7346802,,,84.16000366210938,10.792900085449219,34.88231573650955,0.0,1.7252000570297241,0.0001514750038040802,0.32850000262260437
1787358053.3001099,,,104.84000205993652,10.876500129699707,34.8974945428157,0.0,1.7252000570297241,0.00014052499318495393,0.35040000081062317
1787358203.6116333,,,129.4200038909912,10.68649959564209,34.85989193929211,0.0,1.7252000570297241,0.0001569500018376857,0.357699990272522
1787358354.071869,,,163.93999099731445,10.638400077819824,34.84243114782943,0.0,1.7252000570297241,0.0001569500018376857,0.32850000262260437
1787358771.6974182,,,185.0200080871582,10.568099975585938,34.831633431483596,0.0,1.7252000570297241,0.0001642499992158264,0.32120001316070557
1787359010.371704,,,165.23000717163086,10.632499694824219,34.838620839851544,0.0,1.7252000570297241,0.00015330000314861536,0.34310001134872437
1787360675.021881,,,4.050000011920929,10.681500434875488,34.85415515752054,0.0,1.7252000570297241,0.0001441750064259395,0.18979999423027039
1787360825.0899353,,,20.829999446868896,10.696700096130371,34.85646627304922,0.0,1.6344000101089478,0.0001514750038040802,0.262800008058548
1787360975.7576904,,,30.239999294281006,10.693900108337402,34.8646293441211,0.0,1.7252000570297241,0.0001441750064259395,0.30660000443458557
1787361126.1102905,,,52.57999897003174,10.696200370788574,34.85641401542699,0.0,1.6344000101089478,0.0003650000144261867,0.36500000953674316
1787361276.5540771,,,74.99000072479248,10.705100059509277,34.862311551226284,0.0,1.7252000570297241,0.0001441750064259395,0.35040000081062317
1787361427.099884,,,98.12000274658203,10.6806001663208,34.85611632224753,0.0,1.6344000101089478,0.00015512500249315053,0.35040000081062317
1787361577.3721619,,,121.77000045776367,10.732999801635742,34.84995216613018,0.0,1.7252000570297241,0.0001569500018376857,0.37959998846054077
1787361727.9662476,,,149.23999786376953,10.627599716186523,34.85181291630672,0.0,1.7252000570297241,0.00015877500118222088,0.36500000953674316
1787363557.2137756,171.08037166666665,-45.77152666666666,,,,,,,
1787363650.2288818,171.0803,-45.77157166666666,,,,,,,
1787363684.0,171.0803,-45.77156666666666,,,,,,,
1787363692.0,171.0803,-45.77156666666666,,,,,,,
1787363952.0,171.09751666666665,-45.77625,,,,,,,
1787364083.4601746,171.07995166666666,-45.77162333333334,,,,,,,
1787364175.9657898,171.07991833333332,-45.771429999999995,,,,,,,
1787364186.0785828,,,3.8899999856948853,10.654399871826172,34.85131224507697,0.0,1.7252000570297241,0.00015512500249315053,0.2554999887943268
1787364336.6381836,,,16.21999979019165,10.631600379943848,34.84258860483326,0.0,1.7252000570297241,0.00015877500118222088,0.35040000081062317
1787364486.9246826,,,29.28999900817871,10.652400016784668,34.847100823928585,0.0,1.7252000570297241,0.0001569500018376857,0.36500000953674316
1787364637.1972961,,,40.48999786376953,10.66569995880127,34.85237233636516,0.0,1.7252000570297241,0.0001514750038040802,0.35040000081062317
1787364787.5170593,,,51.579999923706055,10.653400421142578,34.840147662403936,0.0,1.7252000570297241,0.0001514750038040802,0.37959998846054077
1787364938.006195,,,65.8400011062622,10.661399841308594,34.847289907248225,0.0,1.7252000570297241,0.00015512500249315053,0.34310001134872437
1787365088.0830994,,,82.37000465393066,10.523200035095215,34.81651626743995,0.0,1.7252000570297241,0.00015877500118222088,0.36500000953674316
1787365238.4003296,,,96.0099983215332,10.56089973449707,34.83708436318118,0.0,1.7252000570297241,0.0001642499992158264,0.40149998664855957
1787365388.7375183,,,113.43999862670898,10.597700119018555,34.836386149136814,0.0,1.7252000570297241,0.00016060000052675605,0.38690000772476196
1787365539.229309,,,135.36999702453613,10.575499534606934,34.83426446008126,0.0,1.7252000570297241,0.0001642499992158264,0.36500000953674316
1787365689.8654785,,,164.06000137329102,10.550100326538086,34.822368530634236,0.0,1.7252000570297241,0.0001642499992158264,0.36500000953674316
1787367132.2052002,,,4.429999887943268,10.460200309753418,34.80028512867058,0.0,1.7252000570297241,0.00015877500118222088,0.23360000550746918
1787367282.3417053,,,21.15999937057495,10.513099670410156,34.821516898645335,0.0,1.7252000570297241,0.00024272500013466924,0.34310001134872437
1787367432.8966064,,,41.3100004196167,10.477700233459473,34.81494986050518,0.0,1.7252000570297241,0.00017337499593850225,0.36500000953674316
1787367583.3570251,,,59.10999774932861,10.485099792480469,34.81431864527391,0.0,1.7252000570297241,0.00016242499987129122,0.357699990272522
1787367733.9710388,,,76.71999931335449,10.479700088500977,34.814199208959174,0.0,1.7252000570297241,0.00016789999790489674,0.36500000953674316
1787367884.3136292,,,96.87000274658203,10.454299926757812,34.8079955126247,0.0,1.7252000570297241,0.0001916250039357692,0.357699990272522
1787368034.5949707,,,119.9899959564209,10.456600189208984,34.807837865130175,0.0,1.7252000570297241,0.00016789999790489674,0.34310001134872437
1787368184.9327698,,,145.95999717712402,10.444700241088867,34.8075465091193,0.0,1.6344000101089478,0.00016789999790489674,0.34310001134872437
1787368335.300232,,,168.71999740600586,10.42240047454834,34.79965135761955,0.0,1.6344000101089478,0.00016789999790489674,0.37229999899864197
1787369883.0187378,,,3.7299999594688416,10.565899848937988,34.825134909403545,0.0,1.6344000101089478,0.00014965000445954502,0.34310001134872437
1787370033.371582,,,18.799999952316284,10.519399642944336,34.82040750203101,0.0,1.7252000570297241,0.0001569500018376857,0.42340001463890076
1787370184.0396118,,,35.880000591278076,10.34630012512207,34.79101346975283,0.0,1.6344000101089478,0.0001770249946275726,0.47450000047683716
1787370334.1325989,,,55.05000114440918,10.333999633789062,34.78246470034092,0.0,1.6344000101089478,0.00016607499856036156,0.43799999356269836
1787370985.840973,171.09756999999996,-45.77616666666666,,,,,,,
1787371078.196991,171.09751333333332,-45.77624333333333,,,,,,,
1787371182.0,171.09751666666665,-45.77625,,,,,,,
1787371242.0,171.09751666666665,-45.77625,,,,,,,
1787371352.0,171.09751666666665,-45.77625,,,,,,,
1787371415.0,171.09751666666665,-45.77625,,,,,,,
1787371609.0,171.07336666666666,-45.733516666666674,,,,,,,
1787371746.0045776,171.09718333333336,-45.776736666666665,,,,,,,
1787371841.220337,,,4.280000030994415,10.463500022888184,34.80174882957981,0.0,1.7252000570297241,0.00015877500118222088,0.32120001316070557
1787371991.7636414,,,17.43000030517578,10.411800384521484,34.791863601082305,0.0,1.7252000570297241,0.0001642499992158264,0.43070000410079956
1787372141.8434143,,,32.69000053405762,10.410499572753906,34.7909927300181,0.0,1.7252000570297241,0.0001697249972494319,0.43070000410079956
1787372292.123352,,,49.21000003814697,10.29640007019043,34.77477655492081,0.0,1.7252000570297241,0.00016242499987129122,0.44530001282691956
1787372442.5568542,,,65.52000045776367,10.371999740600586,34.79290356653189,0.0,1.7252000570297241,0.00017154999659396708,0.32120001316070557
1787372592.9186401,,,84.30999755859375,10.29699993133545,34.77511332157493,0.0,1.7252000570297241,0.00017519999528303742,0.43070000410079956
1787372743.2595215,,,108.9799976348877,10.358599662780762,34.79292236732097,0.0,1.7252000570297241,0.00015877500118222088,0.3357999920845032
1787372893.5534058,,,130.27000427246094,10.348699569702148,34.78693981214068,0.0,1.7252000570297241,0.0001843250065576285,0.357699990272522
1787373043.8945312,,,153.66999626159668,10.380200386047363,34.79227316119121,0.0,1.7252000570297241,0.00015877500118222088,0.37229999899864197
1787373194.2575073,,,171.00000381469727,10.399200439453125,34.79581172923753,0.0,1.7252000570297241,0.00015877500118222088,0.357699990272522
1787374458.7810059,171.09701499999997,-45.776513333333334,,,,,,,
1787374487.1064453,,,4.059999883174896,10.541899681091309,34.82167976494762,0.0,1.7252000570297241,0.00015877500118222088,0.37959998846054077
1787374637.403839,,,21.3700008392334,10.525099754333496,34.813679783610475,0.0,1.7252000570297241,0.00015512500249315053,0.43070000410079956
1787374787.958252,,,39.44000005722046,10.50409984588623,34.811777772565044,0.0,1.6344000101089478,0.00016242499987129122,0.39419999718666077
1787374938.2215881,,,56.20999813079834,10.470999717712402,34.80789216147839,0.0,1.6344000101089478,0.00016607499856036156,0.40880000591278076
1787375088.52771,,,72.50999927520752,10.431900024414062,34.80155514644523,0.0,1.7252000570297241,0.00016242499987129122,0.38690000772476196
1787375238.9981384,,,86.89999580383301,10.399100303649902,34.79510380698646,0.0,1.6344000101089478,0.0001642499992158264,0.37959998846054077
1787375389.5201416,,,98.87999534606934,10.351200103759766,34.791934453222,0.0,1.7252000570297241,0.00016060000052675605,0.39419999718666077
1787375539.9757996,,,114.56999778747559,10.359299659729004,34.78747793147866,0.0,1.6344000101089478,0.0001642499992158264,0.39419999718666077
1787375690.0872498,,,130.20999908447266,10.35949993133545,34.7855481530394,0.0,1.7252000570297241,0.0001843250065576285,0.41609999537467957
1787375840.5315552,,,143.94000053405762,10.338500022888184,34.791710333732254,0.0,1.7252000570297241,0.00015877500118222088,0.37959998846054077
1787375991.306305,,,162.57999420166016,10.347999572753906,34.78419598955025,0.0,1.7252000570297241,0.00016607499856036156,0.40149998664855957
1787377682.6689148,,,4.460000097751617,10.544500350952148,34.82173587673544,0.0,1.7252000570297241,0.00016060000052675605,0.34310001134872437
1787377833.2247925,,,22.309999465942383,10.726799964904785,34.86448230603698,0.0,1.7252000570297241,0.00014052499318495393,0.3357999920845032
1787377983.5419922,,,39.41999912261963,10.452799797058105,34.806357207079635,0.0,1.7252000570297241,0.00018250000721309334,0.3357999920845032
1787378133.9819336,,,57.91999816894531,10.718400001525879,34.85423081426837,0.0,1.6344000101089478,0.00015330000314861536,0.32850000262260437
1787378284.5343628,,,77.1500015258789,10.714699745178223,34.853881314413954,0.0,1.7252000570297241,0.00014600000577047467,0.35040000081062317
1787378434.6723022,,,97.96999931335449,10.719799995422363,34.854787045001636,0.0,1.7252000570297241,0.00014782500511500984,0.3357999920845032
1787378584.8663025,,,115.01999855041504,10.4197998046875,34.80391760251501,0.0,1.7252000570297241,0.00015512500249315053,0.34310001134872437
1787378735.1190186,,,130.74999809265137,10.416600227355957,34.800949598114535,0.0,1.7252000570297241,0.00020257500000298023,0.357699990272522
1787378885.6765747,,,152.55000114440918,10.456700325012207,34.8092647872001,0.0,1.7252000570297241,0.00014965000445954502,0.38690000772476196
1787379035.9801636,,,171.70000076293945,10.484299659729004,34.81081146812831,0.0,1.7252000570297241,0.0001642499992158264,0.37229999899864197
1787380562.3196716,,,4.189999997615814,10.831000328063965,34.889707226576974,0.0,1.7252000570297241,0.0001642499992158264,0.35040000081062317
1787380712.930603,,,22.239999771118164,10.864399909973145,34.879062897122395,0.0,1.7252000570297241,0.00017337499593850225,0.36500000953674316
1787380863.0303345,,,38.97000074386597,10.816699981689453,34.88346444381212,0.0,1.7252000570297241,0.00015330000314861536,0.37229999899864197
1787381013.4957275,,,60.35999774932861,10.868599891662598,34.886696375891525,0.0,1.7252000570297241,0.00015330000314861536,0.3357999920845032
1787381163.9493103,,,81.78000450134277,10.859100341796875,34.89249773558834,0.0,1.7252000570297241,0.00018615000590216368,0.38690000772476196
1787381314.1426392,,,107.81000137329102,10.799099922180176,34.899555881863954,0.0,1.7252000570297241,0.00015877500118222088,0.35040000081062317
1787381464.5968628,,,129.68000411987305,10.893799781799316,34.89098348445496,0.0,1.7252000570297241,0.00014782500511500984,0.36500000953674316
1787381614.9411926,,,152.36000061035156,10.781700134277344,34.87341255118686,0.0,1.7252000570297241,0.00014965000445954502,0.34310001134872437
1787381765.1595764,,,174.40000534057617,10.821100234985352,34.879943135259545,0.0,1.7252000570297241,0.0001569500018376857,0.35040000081062317
1787382989.6347656,,,4.300000071525574,10.937800407409668,34.91000633500148,0.0,1.7252000570297241,0.0001642499992158264,0.37229999899864197
1787383140.0628967,,,20.339999198913574,10.92959976196289,34.9072583048279,0.0,1.7252000570297241,0.0001843250065576285,0.3357999920845032
1787383290.436615,,,37.47999906539917,10.907400131225586,34.90264024962692,0.0,1.7252000570297241,0.0001569500018376857,0.357699990272522
1787383441.0855103,,,53.460001945495605,10.891799926757812,34.900870838383554,0.0,1.7252000570297241,0.00016789999790489674,0.32120001316070557
1787383591.5638123,,,69.14000034332275,10.871899604797363,34.895524119598704,0.0,1.7252000570297241,0.00020075000065844506,0.357699990272522
1787383741.9812927,,,83.83999824523926,10.898200035095215,34.90130009928773,0.0,1.7252000570297241,0.0001642499992158264,0.3357999920845032
1787383892.28302,,,99.72000122070312,10.88479995727539,34.89870299878267,0.0,1.7252000570297241,0.00016789999790489674,0.37229999899864197
1787384042.57016,,,113.29999923706055,10.841500282287598,34.89086058279484,0.0,1.7252000570297241,0.00015512500249315053,0.32120001316070557
1787384192.9269714,,,126.49999618530273,10.797900199890137,34.88073831996571,0.0,1.7252000570297241,0.00015512500249315053,0.3138999938964844
1787384343.0971375,,,140.79999923706055,10.78499984741211,34.877471637940225,0.0,1.7252000570297241,0.00015877500118222088,0.34310001134872437
1787384493.6459656,,,152.72000312805176,10.783300399780273,34.87022101276313,0.0,1.7252000570297241,0.0001514750038040802,0.3138999938964844
1787384644.0127258,,,165.9000015258789,10.77810001373291,34.87638190244188,0.0,1.7252000570297241,0.0001514750038040802,0.30660000443458557
1787386029.2349548,,,4.600000083446503,10.910300254821777,34.911251482762985,0.0,1.7252000570297241,0.00018067499331664294,0.40880000591278076
1787386179.6266174,,,23.82999897003174,10.860899925231934,34.895018935813994,0.0,1.7252000570297241,0.00015877500118222088,0.36500000953674316
1787386330.0648193,,,45.1200008392334,10.832900047302246,34.89031660252566,0.0,1.7252000570297241,0.00017519999528303742,0.3357999920845032
1787386480.6079712,,,62.45999813079834,10.82390022277832,34.887947450193494,0.0,1.7252000570297241,0.00018797500524669886,0.3357999920845032
1787386631.0806885,,,77.10999965667725,10.83240032196045,34.89198255390023,0.0,1.7252000570297241,0.0001916250039357692,0.34310001134872437
1787386781.573059,,,92.48000144958496,10.834099769592285,34.889245227023245,0.0,1.7252000570297241,0.0001697249972494319,0.357699990272522
1787386931.9867554,,,115.71999549865723,10.823200225830078,34.89046659745176,0.0,1.7252000570297241,0.0001642499992158264,0.30660000443458557
1787387082.5653076,,,127.7400016784668,10.853099822998047,34.892456156577495,0.0,1.7252000570297241,0.0001697249972494319,0.32850000262260437
1787387232.8464966,,,144.6500015258789,10.85159969329834,34.89270080282103,0.0,1.7252000570297241,0.00016607499856036156,0.2992999851703644
1787387383.4004517,,,168.19000244140625,10.847700119018555,34.8913662692691,0.0,1.7252000570297241,0.0001770249946275726,0.32120001316070557
1787388790.1262512,,,4.079999923706055,11.14680004119873,34.945355563155324,0.0,1.7252000570297241,0.00018797500524669886,0.5037000179290771
1787388940.5245056,,,22.890000343322754,11.145999908447266,34.93973788436519,0.0,1.7252000570297241,0.00016060000052675605,0.47450000047683716
1787389090.9624634,,,36.34000062942505,11.106900215148926,34.939069812308446,0.0,1.7252000570297241,0.00014235000708140433,0.40880000591278076
1787389241.4503174,,,50.209999084472656,11.061300277709961,34.91594539528409,0.0,1.7252000570297241,0.00015877500118222088,0.38690000772476196
1787389391.8470154,,,66.25,10.979499816894531,34.91574599084015,0.0,1.7252000570297241,0.0001843250065576285,0.37229999899864197
1787389542.108673,,,86.19999885559082,10.962400436401367,34.913847801502456,0.0,1.7252000570297241,0.00016607499856036156,0.36500000953674316
1787389692.590088,,,104.06000137329102,10.952099800109863,34.90982417315943,0.0,1.7252000570297241,0.0001514750038040802,0.34310001134872437
1787389842.8378906,,,119.04999732971191,10.946700096130371,34.91633427243798,0.0,1.7252000570297241,0.0001569500018376857,0.37229999899864197
1787389993.3742676,,,137.01000213623047,10.934300422668457,34.905878356011016,0.0,1.7252000570297241,0.0001514750038040802,0.32120001316070557
1787390143.8927002,,,156.7300033569336,10.879500389099121,34.893563406179915,0.0,1.7252000570297241,0.0001843250065576285,0.3138999938964844
1787390294.355011,,,175.41000366210938,10.869799613952637,34.89383162021164,0.0,1.7252000570297241,0.00017337499593850225,0.32850000262260437
1787391695.9006653,,,4.429999887943268,11.258099555969238,34.95725439823537,0.0,1.7252000570297241,0.00018797500524669886,0.5037000179290771
1787391846.0003052,,,23.450000286102295,11.1875,34.94614729429522,0.0,1.7252000570297241,0.00015512500249315053,0.45989999175071716
1787391996.3908386,,,43.61000061035156,11.152899742126465,34.94159449217738,0.0,1.7252000570297241,0.00014600000577047467,0.40880000591278076
1787392567.3171082,171.07305000000002,-45.733728333333346,,,,,,,
1787392658.4578247,171.07336333333333,-45.73351166666668,,,,,,,
1787392690.0,171.07336666666666,-45.733516666666674,,,,,,,
1787392702.0,171.07336666666666,-45.733516666666674,,,,,,,
1787392955.0,171.05368333333337,-45.64888333333334,,,,,,,
1787393090.1854248,171.07549333333336,-45.73211166666667,,,,,,,
1787393179.423523,,,4.410000145435333,11.248600006103516,34.956047332632586,0.0,1.7252000570297241,0.0001642499992158264,0.5694000124931335
1787393329.8256836,,,23.480000495910645,11.139300346374512,34.94175612433642,0.0,1.7252000570297241,0.00018067499331664294,0.40149998664855957
1787393480.1002502,,,40.14999866485596,11.107500076293945,34.93678495324549,0.0,1.7252000570297241,0.00016607499856036156,0.42340001463890076
1787393630.8089905,,,59.52000141143799,11.105899810791016,34.9348830752168,0.0,1.7252000570297241,0.0001697249972494319,0.40149998664855957
1787393781.2982788,,,77.8000020980835,11.103799819946289,34.933158271910635,0.0,1.7252000570297241,0.00020257500000298023,0.45989999175071716
1787393931.5101929,,,94.32000160217285,11.087300300598145,34.930667964041454,0.0,1.7252000570297241,0.00016060000052675605,0.38690000772476196
1787394081.8358765,,,109.7700023651123,11.05210018157959,34.924996104485,0.0,1.7252000570297241,0.00017154999659396708,0.357699990272522
1787394232.0724487,,,121.21000289916992,11.056500434875488,34.92536479200569,0.0,1.7252000570297241,0.00014965000445954502,0.36500000953674316
1787394382.5212097,,,134.82000350952148,11.052499771118164,34.92517361170775,0.0,1.7252000570297241,0.00017154999659396708,0.37229999899864197
1787394533.0958862,,,149.82000350952148,11.0423002243042,34.92018440070041,0.0,1.7252000570297241,0.0001916250039357692,0.40149998664855957
1787394683.396881,,,167.50999450683594,11.029199600219727,34.92084487547301,0.0,1.7252000570297241,0.0001843250065576285,0.32850000262260437
1787396312.3855896,171.07592666666667,-45.73212,,,,,,,
1787396340.806305,,,4.460000097751617,11.356399536132812,34.96699721741405,0.0,1.7252000570297241,0.00017154999659396708,0.525600016117096
1787396491.2051392,,,24.149999618530273,11.163100242614746,34.943334910783825,0.0,1.7252000570297241,0.00015877500118222088,0.7519000172615051
1787396641.657013,,,44.7599983215332,11.099699974060059,34.9335541819199,0.0,1.7252000570297241,0.00016060000052675605,0.5328999757766724
1787396791.8562317,,,64.86000061035156,11.080100059509277,34.92829646285543,0.0,1.7252000570297241,0.0001514750038040802,0.37959998846054077
1787396942.3273926,,,83.6299991607666,11.056300163269043,34.92574125058901,0.0,1.815999984741211,0.0001916250039357692,0.37229999899864197
1787397092.7814941,,,102.18000411987305,11.050800323486328,34.92394615972594,0.0,1.7252000570297241,0.0002116999967256561,0.35040000081062317
1787397243.249939,,,119.06999588012695,11.049400329589844,34.922298550755116,0.0,1.7252000570297241,0.00017519999528303742,0.37959998846054077
1787398561.269989,,,4.5899999141693115,11.38010025024414,34.970734112209044,0.0,1.7252000570297241,0.0001441750064259395,0.45260000228881836
1787398711.6464233,,,21.27000093460083,11.170000076293945,34.95052030640678,0.0,1.815999984741211,0.00015512500249315053,0.40880000591278076
1787398862.1515198,,,39.040000438690186,11.16100025177002,34.94481013798868,0.0,1.7252000570297241,0.00016607499856036156,0.42340001463890076
1787399012.6821594,,,57.64999866485596,11.132399559020996,34.9383362575405,0.0,1.815999984741211,0.00015330000314861536,0.37959998846054077
1787399163.1475525,,,77.47000217437744,11.084199905395508,34.930803121230525,0.0,1.7252000570297241,0.00017154999659396708,0.37959998846054077
1787399313.3590698,,,99.09000396728516,11.071800231933594,34.92830867969065,0.0,1.7252000570297241,0.00016242499987129122,0.40149998664855957
1787399463.48349,,,120.62999725341797,11.067700386047363,34.927944373864676,0.0,1.7252000570297241,0.00017154999659396708,0.37959998846054077
1787400545.7149048,,,4.5899999141693115,11.411700248718262,34.97753206149913,0.0,1.815999984741211,0.0001441750064259395,0.5401999950408936
1787400695.9069214,,,20.329999923706055,11.251700401306152,34.958773940623956,0.0,1.815999984741211,0.00014052499318495393,0.40880000591278076
1787400846.269226,,,37.5,11.190199851989746,34.94791869257165,0.0,1.815999984741211,0.0001514750038040802,0.43070000410079956
1787400996.6428223,,,53.94000053405762,11.1628999710083,34.94487901518446,0.0,1.7252000570297241,0.0001642499992158264,0.40149998664855957
1787401147.151947,,,69.85000133514404,11.112799644470215,34.93953385731706,0.0,1.7252000570297241,0.00018250000721309334,0.40149998664855957
1787401297.4026184,,,85.93999862670898,11.110300064086914,34.93538892223784,0.0,1.7252000570297241,0.0002116999967256561,0.37959998846054077
1787401450.6831665,,,102.13000297546387,11.104599952697754,34.934351168169414,0.0,1.7252000570297241,0.00020622499869205058,0.40149998664855957
1787402402.2850037,,,6.489999890327454,11.43120002746582,34.982854279252514,0.0,1.7252000570297241,0.0001350499951513484,0.49639999866485596
1787402552.7974243,,,25.130000114440918,11.263299942016602,34.96070926712255,0.0,1.7252000570297241,0.00013687499449588358,0.5037000179290771
1787402703.1984253,,,43.379998207092285,11.218199729919434,34.95220797474676,0.0,1.7252000570297241,0.00014782500511500984,0.40880000591278076
1787402853.4069824,,,61.630001068115234,11.176899909973145,34.9476361112847,0.0,1.7252000570297241,0.00031572498846799135,0.49639999866485596
1787403003.8606567,,,82.8499984741211,11.159099578857422,34.94130109687796,0.0,1.7252000570297241,0.0001697249972494319,0.38690000772476196
1787403154.2358398,,,100.55000305175781,11.143899917602539,34.94084784913596,0.0,1.7252000570297241,0.0001697249972494319,0.39419999718666077
1787404274.6010742,,,4.990000128746033,11.409199714660645,34.97833728302197,0.0,1.815999984741211,0.00012774999777320772,0.39419999718666077
1787404425.0972595,,,23.80000114440918,11.271200180053711,34.95837712246608,0.0,1.7252000570297241,0.0001441750064259395,0.42340001463890076
1787404575.3670654,,,42.3199987411499,11.231800079345703,34.95050711644185,0.0,1.815999984741211,0.0001569500018376857,0.5401999950408936
1787404725.8122253,,,61.630001068115234,11.216500282287598,34.950811702952564,0.0,1.7252000570297241,0.0001514750038040802,0.40880000591278076
1787404876.15625,,,82.08000183105469,11.175399780273438,34.94457718222959,0.0,1.815999984741211,0.00018980000459123403,0.40149998664855957
1787405026.4423523,,,103.43999862670898,11.159600257873535,34.94196324270939,0.0,1.7252000570297241,0.0001770249946275726,0.39419999718666077
1787406096.8806152,,,4.779999852180481,11.374899864196777,34.973995007912826,0.0,1.815999984741211,0.00015877500118222088,0.45260000228881836
1787406247.2673645,,,21.040000915527344,11.373499870300293,34.97220297540096,0.0,1.815999984741211,0.0001642499992158264,0.40880000591278076
1787406397.525177,,,36.17000102996826,11.33329963684082,34.96557918959418,0.0,1.815999984741211,0.00016060000052675605,0.45260000228881836
1787406547.6788025,,,49.31000232696533,11.233799934387207,34.95670668712196,0.0,1.815999984741211,0.00015512500249315053,0.39419999718666077
1787406698.186676,,,66.84000015258789,11.236599922180176,34.95255939267652,0.0,1.815999984741211,0.00017337499593850225,0.43799999356269836
1787406848.5358276,,,86.51000022888184,11.205599784851074,34.94992550861105,0.0,1.7252000570297241,0.00017519999528303742,0.43070000410079956
1787406999.1374817,,,104.61000442504883,11.215499877929688,34.95003618574236,0.0,1.815999984741211,0.00015330000314861536,0.39419999718666077
1787407956.151184,,,4.900000095367432,11.452899932861328,34.98299310384483,0.0,1.815999984741211,0.0001569500018376857,0.49639999866485596
1787408106.6133118,,,22.46999979019165,11.362500190734863,34.968510267461575,0.0,1.815999984741211,0.00016607499856036156,0.48910000920295715
1787408256.866272,,,40.65999984741211,11.323800086975098,34.95730082099858,0.0,1.815999984741211,0.00017337499593850225,0.44530001282691956
1787408407.1532288,,,61.3100004196167,11.31190013885498,34.96193274559844,0.0,1.815999984741211,0.00020987499738112092,0.38690000772476196
1787408557.4970093,,,80.34000396728516,11.236300468444824,34.95306433865228,0.0,1.7252000570297241,0.0001697249972494319,0.40149998664855957
1787408707.8407898,,,99.7599983215332,11.236300468444824,34.95223857799619,0.0,1.815999984741211,0.00020622499869205058,0.40880000591278076
1787409834.6127625,,,4.810000061988831,11.447400093078613,34.97548060726987,0.0,1.815999984741211,0.00014600000577047467,0.5694000124931335
1787409984.9388428,,,21.93000078201294,11.353699684143066,34.96867076870298,0.0,1.815999984741211,0.00017884999397210777,0.48179998993873596
1787410135.5080566,,,39.100000858306885,11.317099571228027,34.965447558649714,0.0,1.815999984741211,0.0001642499992158264,0.39419999718666077
1787410285.8115234,,,55.65999984741211,11.32859992980957,34.96449268763652,0.0,1.815999984741211,0.00024272500013466924,0.5182999968528748
1787410436.1651306,,,72.51999855041504,11.300600051879883,34.96079510718393,0.0,1.7252000570297241,0.00017884999397210777,0.40880000591278076
1787410586.6279907,,,90.08000373840332,11.312399864196777,34.96726315782739,0.0,1.815999984741211,0.00017337499593850225,0.42340001463890076
1787410744.3263855,,,109.09000396728516,11.28380012512207,34.95842623066652,0.0,1.815999984741211,0.00028470001416280866,0.46720001101493835
1787411788.5880737,,,4.769999980926514,11.443499565124512,34.98334950032594,0.0,1.815999984741211,0.00014965000445954502,0.5839999914169312
1787411939.4942627,,,24.249999523162842,11.391599655151367,34.98333218642335,0.0,1.815999984741211,0.00017519999528303742,0.43799999356269836
1787412089.6328735,,,45.71000099182129,11.354700088500977,34.96759177117616,0.0,1.815999984741211,0.00016607499856036156,0.5037000179290771
1787412239.69812,,,64.48999881744385,11.343400001525879,34.9667430854277,0.0,1.815999984741211,0.0002956500102300197,0.43799999356269836
1787412390.6139526,,,83.14000129699707,11.337200164794922,34.96499330499128,0.0,1.815999984741211,0.00022082499344833195,0.43799999356269836
1787412540.8576355,,,99.13999557495117,11.329099655151367,34.964448223598765,0.0,1.815999984741211,0.00022082499344833195,0.43070000410079956
1787412691.145935,,,115.69999694824219,11.323800086975098,34.96269362895825,0.0,1.815999984741211,0.00024272500013466924,0.525600016117096
1787413789.605011,171.05365500000002,-45.64925,,,,,,,
1787413881.2929077,171.05368499999997,-45.648876666666666,,,,,,,
1787413908.0,171.05368333333337,-45.64888333333334,,,,,,,
1787413925.0,171.05368333333337,-45.64888333333334,,,,,,,
1787414184.0,171.05368333333337,-45.64888333333334,,,,,,,
1787414334.0,171.05368333333337,-45.64888333333334,,,,,,,
1787414395.0,171.08078333333336,-45.63631666666667,,,,,,,
1787414535.8329468,171.0540766666667,-45.64572,,,,,,,
1787414625.207428,,,4.169999957084656,11.253100395202637,34.68642342505458,0.0,2.088399887084961,0.00031025000498630106,0.7226999998092651
1787414776.0499878,,,21.19999885559082,11.416600227355957,34.9796156985993,0.0,1.815999984741211,0.00021899999410379678,0.47450000047683716
1787414926.357727,,,36.94999933242798,11.385199546813965,34.97351564646812,0.0,1.7252000570297241,0.0001569500018376857,0.37959998846054077
1787415076.9221497,,,53.73000144958496,11.374600410461426,34.97041737188508,0.0,1.815999984741211,0.00018067499331664294,0.40880000591278076
1787415227.5145264,,,73.64999771118164,11.389100074768066,34.97453318385213,0.0,1.815999984741211,0.00016789999790489674,0.40149998664855957
1787415378.08844,,,97.48000144958496,11.368599891662598,34.969575040028104,0.0,1.815999984741211,0.00018980000459123403,0.43799999356269836
1787415528.8006897,,,124.35999870300293,11.362500190734863,34.96785825001104,0.0,1.815999984741211,0.00020257500000298023,0.49639999866485596
1787415679.2936707,,,148.71000289916992,11.357000350952148,34.967209762809766,0.0,1.815999984741211,0.00018067499331664294,0.42340001463890076
1787415829.8104858,,,175.99000930786133,11.368300437927246,34.967297295353944,0.0,1.815999984741211,0.00020987499738112092,0.42340001463890076
1787417488.1340332,171.05404666666666,-45.645316666666666,,,,,,,
1787417530.1271973,,,4.020000100135803,11.27750015258789,34.77139463272183,0.0,2.088399887084961,0.0003139000036753714,0.6277999877929688
1787417680.5641785,,,21.17000102996826,11.41819953918457,34.971479951697624,0.0,1.815999984741211,0.00013869999384041876,0.43070000410079956
1787417830.88443,,,40.83000183105469,11.399399757385254,34.97347765511656,0.0,1.815999984741211,0.00015877500118222088,0.37959998846054077
1787417981.1436462,,,60.430002212524414,11.36989974975586,34.97049482530525,0.0,1.815999984741211,0.00020257500000298023,0.40880000591278076
1787418131.5154724,,,81.80000305175781,11.383500099182129,34.97185088366254,0.0,1.815999984741211,0.0001697249972494319,0.37229999899864197
1787418281.8989563,,,104.35999870300293,11.382399559020996,34.97295150044664,0.0,1.9068000316619873,0.00018615000590216368,0.40880000591278076
1787418432.1029968,,,131.9099998474121,11.370499610900879,34.96990055144239,0.0,1.815999984741211,0.0002263000060338527,0.39419999718666077
1787418582.695465,,,160.6399917602539,11.371600151062012,34.96879112535638,0.0,1.815999984741211,0.00022264999279286712,0.37959998846054077
1787420166.0476685,,,3.8999998569488525,11.368599891662598,34.94784856199549,0.0,1.815999984741211,0.0001697249972494319,0.40149998664855957
1787420316.8226318,,,17.380000352859497,11.387900352478027,34.971087103793614,0.0,1.815999984741211,0.00016242499987129122,0.43799999356269836
1787420467.10495,,,32.730000019073486,11.390999794006348,34.97277631032719,0.0,1.7252000570297241,0.00014600000577047467,0.38690000772476196
1787420617.8940735,,,50.19999980926514,11.381799697875977,34.970024507323636,0.0,1.815999984741211,0.00020622499869205058,0.357699990272522
1787420768.4142761,,,71.33999824523926,11.383099555969238,34.97124627551864,0.0,1.815999984741211,0.00016607499856036156,0.32850000262260437
1787420918.922699,,,93.57999801635742,11.366999626159668,34.96975728697597,0.0,1.815999984741211,0.0002171749947592616,0.43799999356269836
1787421069.1547852,,,118.76999855041504,11.372300148010254,34.96937819495035,0.0,1.815999984741211,0.0006004250026308,0.41609999537467957
1787421219.7149963,,,143.83999824523926,11.374500274658203,34.96933293528569,0.0,1.815999984741211,0.0001989250013139099,0.36500000953674316
1787421369.9613342,,,170.1099967956543,11.372099876403809,34.96947005351684,0.0,1.815999984741211,0.00025002501206472516,0.46720001101493835
1787422875.9327087,,,3.9100000262260437,11.314000129699707,34.90317260266342,0.0,1.9068000316619873,0.00020987499738112092,0.47450000047683716
1787423026.4135742,,,18.860000371932983,11.352100372314453,34.966108385017534,0.0,1.815999984741211,0.00018067499331664294,0.37229999899864197
1787423176.7380066,,,37.34999895095825,11.358599662780762,34.968029570168454,0.0,1.815999984741211,0.00017154999659396708,0.35040000081062317
1787423327.0759583,,,59.40000057220459,11.36050033569336,34.96826810006992,0.0,1.815999984741211,0.0006971500115469098,0.5475000143051147
1787423477.602417,,,84.98000144958496,11.362199783325195,34.97001337763048,0.0,1.815999984741211,0.00022264999279286712,0.40149998664855957
1787423627.998993,,,113.12999725341797,11.365099906921387,34.96692028684988,0.0,1.815999984741211,0.00017337499593850225,0.43799999356269836
1787423778.5069275,,,143.26000213623047,11.373600006103516,34.966385105343235,0.0,1.815999984741211,0.00017154999659396708,0.38690000772476196
1787423929.0240479,,,173.65999221801758,11.378700256347656,34.96877752071314,0.0,1.815999984741211,0.0002317750040674582,0.3357999920845032
1787424110.9632263,,,179.06999588012695,11.375200271606445,34.96860685191234,0.0,1.815999984741211,0.00020804999803658575,0.48910000920295715
1787424282.9148865,,,180.79999923706055,11.375200271606445,34.96883270294119,0.0,1.815999984741211,0.0002043999993475154,0.34310001134872437
1787425716.0367737,,,3.959999978542328,11.273099899291992,34.90070594467336,0.0,1.9068000316619873,0.0002043999993475154,0.5109999775886536
1787425866.5440369,,,15.90999960899353,11.32979965209961,34.94781357108423,0.0,1.815999984741211,0.0002390750014455989,0.5328999757766724
1787426016.860443,,,35.889999866485596,11.293000221252441,34.94577633229016,0.0,1.9068000316619873,0.00023360000341199338,0.5182999968528748
1787426167.5207825,,,61.71999931335449,11.302300453186035,34.932551037989185,0.0,1.815999984741211,0.0001843250065576285,0.43799999356269836
1787426317.97464,,,81.07000350952148,11.318400382995605,34.950219721451475,0.0,1.815999984741211,0.0002116999967256561,0.43070000410079956
1787426468.4498596,,,108.28000068664551,11.32699966430664,34.95493445283784,0.0,1.815999984741211,0.00020622499869205058,0.43070000410079956
1787426618.7778625,,,137.62999534606934,11.357199668884277,34.966093052726265,0.0,1.815999984741211,0.00026462500682100654,0.357699990272522
1787426769.0380554,,,170.3499984741211,11.363200187683105,34.96749403135149,0.0,1.815999984741211,0.00028104998636990786,0.5182999968528748
1787427552.9228516,,,103.19999694824219,11.318499565124512,34.96257413206166,0.0,1.815999984741211,0.00018797500524669886,0.40149998664855957
1787427985.1583557,,,75.3000020980835,11.312299728393555,34.956693138203455,0.0,1.815999984741211,0.00032667501363903284,0.37959998846054077
1787428621.4174805,,,4.539999961853027,11.307000160217285,34.94962719895772,0.0,1.815999984741211,0.0001989250013139099,0.45989999175071716
1787428771.806305,,,22.52000093460083,11.318499565124512,34.95646079234381,0.0,1.815999984741211,0.0001989250013139099,0.48179998993873596
1787428922.0599365,,,43.79000186920166,11.315299987792969,34.95086602589986,0.0,1.815999984741211,0.00020075000065844506,0.39419999718666077
1787429072.5283508,,,53.94999980926514,11.31760025024414,34.963487880941315,0.0,1.815999984741211,0.00019710000196937472,0.36500000953674316
1787429230.1619873,,,60.78999996185303,11.324899673461914,34.96432099302553,0.0,1.815999984741211,0.0002463750133756548,0.35040000081062317
1787429380.5238342,,,76.69000148773193,11.329500198364258,34.96218003032668,0.0,1.815999984741211,0.0004781500028911978,0.41609999537467957
1787429531.0751648,,,96.18000030517578,11.327699661254883,34.96342538096447,0.0,1.815999984741211,0.00017884999397210777,0.37229999899864197
1787429681.747223,,,115.93999862670898,11.3371000289917,34.96792504530989,0.0,1.815999984741211,0.00022812500537838787,0.38690000772476196
1787429831.9921265,,,138.2699966430664,11.341099739074707,34.964318032410965,0.0,1.815999984741211,0.0002116999967256561,0.38690000772476196
1787429982.483368,,,165.75000762939453,11.325699806213379,34.95957910974332,0.0,1.815999984741211,0.00021899999410379678,0.43799999356269836
1787430547.8960876,,,143.12000274658203,11.320899963378906,34.96029115700671,0.0,1.815999984741211,0.00021534999541472644,0.37959998846054077
1787430774.776062,,,131.94000244140625,11.33180046081543,34.96196715446143,0.0,1.815999984741211,0.00019710000196937472,0.37229999899864197
1787431610.0570984,,,3.970000147819519,11.285599708557129,34.950528547176724,0.0,1.815999984741211,0.0002518499968573451,0.357699990272522
1787431761.527649,,,10.920000076293945,11.302200317382812,34.954395667231886,0.0,1.815999984741211,0.00021352499607019126,0.525600016117096
1787431911.9937744,,,26.640000343322754,11.290599822998047,34.95984504645191,0.0,1.815999984741211,0.0002664499916136265,0.357699990272522
1787432097.874176,,,30.1200008392334,11.289899826049805,34.959145791110274,0.0,1.815999984741211,0.00028287500026635826,0.36500000953674316
1787432248.3563843,,,31.119999885559082,11.290399551391602,34.95961535137227,0.0,1.815999984741211,0.00035222500446252525,0.43799999356269836
1787432398.5740051,,,63.92000198364258,11.297200202941895,34.960518616647256,0.0,1.815999984741211,0.0001916250039357692,0.39419999718666077
1787432549.0300598,,,102.5,11.27910041809082,34.952917381614995,0.0,1.815999984741211,0.00020257500000298023,0.3357999920845032
1787432699.4996338,,,142.62999534606934,11.2947998046875,34.95489873436301,0.0,1.815999984741211,0.00023725000210106373,0.3357999920845032
1787432850.0389404,,,179.92000579833984,11.300800323486328,34.95954021393041,0.0,1.815999984741211,0.0002116999967256561,0.40149998664855957
1787433302.1114807,,,153.59000205993652,11.296500205993652,34.95962696770228,0.0,1.815999984741211,0.00020075000065844506,0.36500000953674316
1787433491.0012207,,,152.55999565124512,11.338500022888184,34.96440223109003,0.0,1.815999984741211,0.00025549999554641545,0.3357999920845032
1787433641.34906,,,158.4000015258789,11.339400291442871,34.964821460934466,0.0,1.815999984741211,0.00039237499004229903,0.38690000772476196
1787433791.9124146,,,161.67999267578125,11.313799858093262,34.96403424129749,0.0,1.815999984741211,0.00019710000196937472,0.41609999537467957
1787434794.3938599,,,54.92000102996826,11.152099609375,34.942155561233626,0.0,1.7252000570297241,0.00019710000196937472,0.35040000081062317
1787435277.6826477,,,3.6399999260902405,11.244500160217285,34.95382601668785,0.0,1.815999984741211,0.00018067499331664294,0.46720001101493835
1787435490.6496277,171.08053999999998,-45.636888333333324,,,,,,,
1787435582.7305908,171.080785,-45.63631333333333,,,,,,,
1787435614.0,171.08078333333336,-45.63631666666667,,,,,,,
1787435625.0,171.08078333333336,-45.63631666666667,,,,,,,
1787435907.0,171.14308333333332,-45.615,,,,,,,
1787436051.7104492,171.08138999999997,-45.63406499999999,,,,,,,
1787436145.3475647,171.08138999999997,-45.63402166666666,,,,,,,
1787436236.7181396,171.08228499999998,-45.632371666666664,,,,,,,
1787436260.2056885,,,3.959999978542328,11.185700416564941,34.94517916047452,0.0,5.084799766540527,0.0058308751322329044,0.40149998664855957
1787436410.777893,,,24.719998836517334,11.226200103759766,34.950497599247875,0.0,1.9975999593734741,0.0002792250015772879,0.35040000081062317
1787436561.1100159,,,45.01999855041504,11.241700172424316,34.95769032944699,0.0,1.815999984741211,0.00022447500668931752,0.34310001134872437
1787436711.4995117,,,82.41999626159668,11.270099639892578,34.95621912185239,0.0,1.815999984741211,0.00020987499738112092,0.37229999899864197
1787436862.0475159,,,107.20000267028809,11.286800384521484,34.9586072613774,0.0,1.815999984741211,0.00018615000590216368,0.5182999968528748
1787437012.3789978,,,140.600004196167,11.294099807739258,34.95914354561695,0.0,1.815999984741211,0.00019710000196937472,0.37959998846054077
1787437162.675415,,,176.55000686645508,11.298600196838379,34.95905240682465,0.0,1.815999984741211,0.00027557500288821757,0.39419999718666077
1787437324.2077942,,,180.4800033569336,11.209500312805176,34.94966909082802,0.0,1.815999984741211,0.00018615000590216368,0.36500000953674316
1787438641.421051,,,4.359999895095825,11.224499702453613,34.95330846460227,0.0,1.815999984741211,0.0002043999993475154,0.36500000953674316
1787438798.0126953,,,18.919999599456787,11.21049976348877,34.951208725580685,0.0,1.815999984741211,0.00020257500000298023,0.47450000047683716
1787438948.3500671,,,39.48999881744385,11.233699798583984,34.95474388173669,0.0,1.815999984741211,0.0002682750055100769,0.5182999968528748
1787439098.7435303,,,64.97000217437744,11.2121000289917,34.95090974260354,0.0,1.815999984741211,0.00020622499869205058,0.37959998846054077
1787439249.078003,,,86.87999725341797,11.214799880981445,34.950273187817714,0.0,1.815999984741211,0.0001770249946275726,0.42340001463890076
1787439399.5907288,,,107.79000282287598,11.224300384521484,34.94940890135037,0.0,1.815999984741211,0.00019710000196937472,0.38690000772476196
1787439550.0770264,,,134.87000465393066,11.209699630737305,34.95029197162737,0.0,1.815999984741211,0.00020257500000298023,0.40880000591278076
1787439700.669281,,,151.14999771118164,11.249300003051758,34.951375968742205,0.0,1.815999984741211,0.00024090000079013407,0.34310001134872437
1787439851.0196838,,,159.35999870300293,11.246899604797363,34.951988881761814,0.0,1.815999984741211,0.0001916250039357692,0.6862000226974487
1787440005.3219604,,,172.83000946044922,11.251399993896484,34.95146773976324,0.0,1.815999984741211,0.00019710000196937472,0.37229999899864197
1787440258.196869,,,161.7099952697754,11.221400260925293,34.94890826021382,0.0,1.815999984741211,0.00018797500524669886,0.39419999718666077
1787440717.2029724,,,93.5200023651123,11.23069953918457,34.9513973370987,0.0,1.815999984741211,0.00016789999790489674,0.37959998846054077
1787440879.9291077,,,101.61999702453613,11.224699974060059,34.94939811136788,0.0,1.815999984741211,0.00044712499948218465,0.7081000208854675
1787441033.3363037,,,113.02000045776367,11.219799995422363,34.948860150533484,0.0,1.815999984741211,0.00016607499856036156,0.39419999718666077
1787441717.206665,,,47.769999504089355,11.216899871826172,34.94968337809814,0.0,1.815999984741211,0.0001916250039357692,0.46720001101493835
1787441897.9562378,,,39.5799994468689,11.218199729919434,34.95112914278146,0.0,1.815999984741211,0.00016242499987129122,0.43070000410079956
1787442298.2314148,,,4.020000100135803,11.208499908447266,34.95006040425758,0.0,1.815999984741211,0.00019527500262483954,0.21170000731945038
1787442448.5778198,,,15.729999542236328,11.223799705505371,34.949954325822475,0.0,1.815999984741211,0.00016060000052675605,0.3138999938964844
1787442599.0609436,,,36.41000032424927,11.217499732971191,34.950430396559774,0.0,1.815999984741211,0.0001569500018376857,0.37959998846054077
1787442749.3437805,,,64.26000118255615,11.215399742126465,34.95087779836422,0.0,1.815999984741211,0.00019527500262483954,0.525600016117096
1787442899.5848389,,,97.03000068664551,11.226099967956543,34.951609700820924,0.0,1.815999984741211,0.00017884999397210777,0.48179998993873596
1787443050.0221863,,,138.21999549865723,11.23490047454834,34.95271051179607,0.0,1.815999984741211,0.00016242499987129122,0.39419999718666077
1787443200.3330688,,,180.06000518798828,11.233200073242188,34.9521120542425,0.0,1.815999984741211,0.0002043999993475154,0.42340001463890076
1787444714.6241455,,,4.560000002384186,11.236100196838379,34.95313883015623,0.0,1.815999984741211,0.0001989250013139099,0.24819999933242798
1787444865.072998,,,31.770000457763672,11.219099998474121,34.951989192448906,0.0,1.815999984741211,0.0002263000060338527,0.34310001134872437
1787445015.3348389,,,63.02999973297119,11.241000175476074,34.95555412767224,0.0,1.815999984741211,0.00025732500944286585,0.5182999968528748
1787445165.7325134,,,105.41999816894531,11.229599952697754,34.951896142503315,0.0,1.815999984741211,0.0002445499994792044,0.36500000953674316
1787445316.2280884,,,135.93999862670898,11.236700057983398,34.95261535977054,0.0,1.815999984741211,0.00022447500668931752,0.40149998664855957
1787445490.9663696,,,145.93999862670898,11.236100196838379,34.95191131925297,0.0,1.815999984741211,0.0002043999993475154,0.40149998664855957
1787445645.3788757,,,160.2199935913086,11.235300064086914,34.95168307336594,0.0,1.815999984741211,0.00018797500524669886,0.40149998664855957
1787445848.5545654,,,166.66000366210938,11.2391996383667,34.95267122139078,0.0,1.815999984741211,0.00020257500000298023,0.40880000591278076
1787447086.590088,,,3.9399999380111694,11.239700317382812,34.954372019607945,0.0,1.7252000570297241,0.00018615000590216368,0.21170000731945038
1787447237.085022,,,16.03999972343445,11.258000373840332,34.95491687705925,0.0,1.815999984741211,0.00021352499607019126,0.32120001316070557
1787447387.6156006,,,32.769999504089355,11.24590015411377,34.954920968865295,0.0,1.815999984741211,0.00019710000196937472,0.44530001282691956
1787447538.0880127,,,48.63999843597412,11.245599746704102,34.95415441880898,0.0,1.815999984741211,0.0002043999993475154,0.5182999968528748
1787447688.5932007,,,65.68999767303467,11.242899894714355,34.95385140143774,0.0,1.815999984741211,0.0002865249989554286,0.43799999356269836
1787447839.7783813,,,79.14999961853027,11.235300064086914,34.9521624547037,0.0,1.815999984741211,0.00019527500262483954,0.40149998664855957
1787447991.5195312,,,88.05000305175781,11.202899932861328,34.94921587342098,0.0,1.815999984741211,0.0005055249785073102,0.36500000953674316
1787448143.096466,,,100.81000328063965,11.196999549865723,34.941256202442375,0.0,1.815999984741211,0.00017884999397210777,0.40880000591278076
1787448294.5642395,,,111.11000061035156,11.20419979095459,34.942749560902406,0.0,1.815999984741211,0.00018980000459123403,0.46720001101493835
1787448444.7818298,,,122.1500015258789,11.209400177001953,34.946108958152244,0.0,1.815999984741211,0.00018797500524669886,0.46720001101493835
1787448595.5768738,,,132.81999588012695,11.219400405883789,34.949056791238746,0.0,1.815999984741211,0.0003631750005297363,0.40880000591278076
1787448746.2367249,,,137.84000396728516,11.249300003051758,34.951338087536115,0.0,1.815999984741211,0.0002518499968573451,0.38690000772476196
1787448896.632721,,,158.0500030517578,11.258899688720703,34.95211370942609,0.0,1.815999984741211,0.00020987499738112092,0.37959998846054077
1787449047.0644531,,,173.2699966430664,11.232600212097168,34.94814778136541,0.0,1.815999984741211,0.00022082499344833195,0.357699990272522
1787450128.9427795,,,3.869999945163727,11.247599601745605,34.951772016822744,0.0,1.815999984741211,0.0002263000060338527,0.21899999678134918
1787450285.2384338,,,19.09999966621399,11.235199928283691,34.95054109682596,0.0,1.815999984741211,0.00021352499607019126,0.35040000081062317
1787450436.0512085,,,31.28000020980835,11.216300010681152,34.950690501096446,0.0,1.815999984741211,0.00018797500524669886,0.47450000047683716
1787450586.5289612,,,44.39000129699707,11.222800254821777,34.95156332521699,0.0,1.815999984741211,0.0002116999967256561,0.41609999537467957
1787450737.216858,,,58.26000213623047,11.202400207519531,34.94651701175836,0.0,1.815999984741211,0.0001697249972494319,0.35040000081062317
1787450887.578064,,,71.90000057220459,11.204299926757812,34.94805250027168,0.0,1.815999984741211,0.00017154999659396708,0.37229999899864197
1787451038.1366577,,,81.85999870300293,11.192099571228027,34.94473535743987,0.0,1.815999984741211,0.00017154999659396708,0.35040000081062317
1787451188.590088,,,94.18000221252441,11.198699951171875,34.94519176744154,0.0,1.815999984741211,0.00023725000210106373,0.32120001316070557
1787451338.8342285,,,110.36999702453613,11.17870044708252,34.9418240796968,0.0,1.815999984741211,0.00020804999803658575,0.45989999175071716
1787451489.1799927,,,126.99999809265137,11.1983003616333,34.94314804741116,0.0,1.815999984741211,0.00018067499331664294,0.38690000772476196
1787451639.723175,,,145.1099967956543,11.216400146484375,34.94603210701375,0.0,1.815999984741211,0.00019710000196937472,0.34310001134872437
1787451790.1648254,,,165.6800079345703,11.209699630737305,34.94721300390671,0.0,1.815999984741211,0.00018980000459123403,0.43799999356269836
1787452572.0697327,,,119.2300033569336,11.201899528503418,34.947471685932584,0.0,1.815999984741211,0.00017154999659396708,0.36500000953674316
1787453829.7850342,,,3.8499999046325684,11.162199974060059,34.94396550497622,0.0,1.7252000570297241,0.00028470001416280866,0.23360000550746918
1787453980.2420044,,,17.899999618530273,11.162799835205078,34.94314605842851,0.0,1.7252000570297241,0.00018067499331664294,0.5694000124931335
1787454130.8303833,,,37.00000047683716,11.159799575805664,34.942387655967806,0.0,1.815999984741211,0.00016060000052675605,0.37229999899864197
1787454281.4299011,,,58.26000213623047,11.152999877929688,34.941693297706095,0.0,1.815999984741211,0.0001697249972494319,0.38690000772476196
1787454431.6861572,,,80.29999732971191,11.164600372314453,34.94219460425257,0.0,1.815999984741211,0.00018980000459123403,0.43070000410079956
1787454582.0737,,,96.30000114440918,11.173199653625488,34.942590580674945,0.0,1.815999984741211,0.00016607499856036156,0.49639999866485596
1787454732.452942,,,110.45000076293945,11.167799949645996,34.941492235132046,0.0,1.7252000570297241,0.00019710000196937472,0.525600016117096
1787454882.7406616,,,121.99000358581543,11.15310001373291,34.93905191837883,0.0,1.815999984741211,0.00023725000210106373,0.5109999775886536
1787455033.102234,,,134.14999961853027,11.156399726867676,34.939149069322006,0.0,1.815999984741211,0.00020257500000298023,0.42340001463890076
1787455183.5464172,,,148.54000091552734,11.152400016784668,34.93792217554261,0.0,1.815999984741211,0.00018980000459123403,0.41609999537467957
1787455333.9803162,,,160.55999755859375,11.160599708557129,34.93841466796385,0.0,1.815999984741211,0.00022082499344833195,0.37959998846054077
1787455485.4830933,,,167.57999420166016,11.171699523925781,34.94445005513905,0.0,1.815999984741211,0.0001843250065576285,0.37959998846054077
1787456665.6026306,,,4.099999964237213,11.149700164794922,34.938402620927626,0.0,1.815999984741211,0.00017519999528303742,0.2992999851703644
1787456816.0609436,,,23.75999927520752,11.123200416564941,34.93710518774463,0.0,1.815999984741211,0.00017337499593850225,0.43799999356269836
1787457289.0382385,171.14277,-45.615260000000006,,,,,,,
1787457380.2726746,171.14308166666663,-45.61499166666666,,,,,,,
1787457454.0,171.14308333333332,-45.615,,,,,,,
1787457484.0,171.14308333333332,-45.615,,,,,,,
1787457780.0,171.22983333333335,-45.621816666666675,,,,,,,
1787457914.4775085,171.14571666666663,-45.61347333333333,,,,,,,
1787458012.8968506,,,5.080000162124634,11.08489990234375,34.9301963745839,0.0,1.815999984741211,0.00034309999318793416,0.34310001134872437
1787458165.2023315,,,23.570001125335693,11.105600357055664,34.93159559572485,0.0,1.815999984741211,0.00015512500249315053,0.357699990272522
1787458316.7695312,,,35.49000024795532,11.064399719238281,34.92690944170693,0.0,1.815999984741211,0.00016060000052675605,0.40880000591278076
1787458467.0000916,,,48.09999942779541,11.07129955291748,34.928339686877514,0.0,1.815999984741211,0.00018067499331664294,0.40880000591278076
1787458623.8385925,,,58.82999897003174,11.080900192260742,34.928250013192375,0.0,1.7252000570297241,0.00015877500118222088,0.41609999537467957
1787458774.056488,,,70.71000099182129,11.072400093078613,34.92790384548237,0.0,1.815999984741211,0.0001642499992158264,0.36500000953674316
1787458924.3685608,,,86.99999809265137,11.076199531555176,34.926952943339415,0.0,1.815999984741211,0.00021899999410379678,0.357699990272522
1787459074.9898682,,,107.36000061035156,11.071999549865723,34.923515053337006,0.0,1.7252000570297241,0.00016789999790489674,0.36500000953674316
1787459225.5665894,,,124.20999526977539,11.061300277709961,34.924049150110015,0.0,1.815999984741211,0.0002682750055100769,0.44530001282691956
1787459375.8625183,,,135.15999794006348,11.056500434875488,34.923413832015434,0.0,1.815999984741211,0.0002171749947592616,0.3357999920845032
1787459526.2245789,,,151.14999771118164,11.056099891662598,34.92173517102428,0.0,1.815999984741211,0.00016607499856036156,0.37229999899864197
1787459676.598053,,,166.18999481201172,11.03849983215332,34.925364462671624,0.0,1.815999984741211,0.00024272500013466924,0.357699990272522
1787460921.9394226,171.14589333333333,-45.613386666666656,,,,,,,
1787460946.1908264,,,4.120000004768372,11.047499656677246,34.92868926568127,0.0,1.7252000570297241,0.00016060000052675605,0.38690000772476196
1787461097.7419128,,,20.03999948501587,11.053799629211426,34.92459382213925,0.0,1.815999984741211,0.0001697249972494319,0.45989999175071716
1787461248.063263,,,35.980000495910645,11.043399810791016,34.924709507594336,0.0,1.815999984741211,0.0001916250039357692,0.357699990272522
1787461398.5290222,,,47.90999889373779,11.019499778747559,34.919506105629836,0.0,1.815999984741211,0.00025732500944286585,0.36500000953674316
1787461548.9973145,,,61.30000114440918,11.011699676513672,34.91400706047115,0.0,1.815999984741211,0.00016242499987129122,0.39419999718666077
1787461699.5582886,,,79.01999950408936,10.999300003051758,34.90824499323893,0.0,1.815999984741211,0.00018067499331664294,0.36500000953674316
1787461849.996643,,,100.27999877929688,10.998299598693848,34.914430915786845,0.0,1.815999984741211,0.00015330000314861536,0.35040000081062317
1787462000.4736023,,,123.45000267028809,10.927000045776367,34.89530174885669,0.0,1.815999984741211,0.0001569500018376857,0.35040000081062317
1787462150.7681885,,,143.35000038146973,10.967700004577637,34.90704651497693,0.0,1.815999984741211,0.00015512500249315053,0.357699990272522
1787462301.1265259,,,158.47999572753906,10.955100059509277,34.90546488169749,0.0,1.7252000570297241,0.00016242499987129122,0.357699990272522
1787462451.5884705,,,175.54000854492188,10.909199714660645,34.89760621544373,0.0,1.7252000570297241,0.00016789999790489674,0.357699990272522
1787464026.5718384,,,4.679999947547913,10.72189998626709,34.87114167762316,0.0,1.7252000570297241,0.00017154999659396708,0.37959998846054077
1787464176.977234,,,19.639999866485596,10.734700202941895,34.868410982274234,0.0,1.7252000570297241,0.00016060000052675605,0.34310001134872437
1787464327.4579163,,,35.75999975204468,10.733799934387207,34.86366016129494,0.0,1.7252000570297241,0.00016789999790489674,0.34310001134872437
1787464477.9062805,,,53.489999771118164,10.709400177001953,34.863019556535995,0.0,1.7252000570297241,0.0001642499992158264,0.34310001134872437
1787464628.212494,,,75.83000183105469,10.711999893188477,34.86128053072406,0.0,1.7252000570297241,0.00016242499987129122,0.35040000081062317
1787464778.90448,,,98.92999649047852,10.689499855041504,34.85872691596217,0.0,1.7252000570297241,0.00018980000459123403,0.3357999920845032
1787464929.2145996,,,122.7299976348877,10.701899528503418,34.8660167764814,0.0,1.7252000570297241,0.00017884999397210777,0.35040000081062317
1787465080.0135803,,,148.78999710083008,10.680100440979004,34.852536240657805,0.0,1.7252000570297241,0.00015877500118222088,0.34310001134872437
1787465230.5344543,,,173.1599998474121,10.696200370788574,34.856784023436894,0.0,1.7252000570297241,0.0001514750038040802,0.37229999899864197
1787466792.5432434,,,4.650000035762787,10.631400108337402,34.85471004622535,0.0,1.7252000570297241,0.00016789999790489674,0.34310001134872437
1787466942.9739075,,,24.679999351501465,10.642900466918945,34.85344038186812,0.0,1.7252000570297241,0.00016060000052675605,0.35040000081062317
1787467093.5474548,,,33.68000030517578,10.676600456237793,34.85673506730699,0.0,1.815999984741211,0.00019345000328030437,0.3357999920845032
1787467244.088684,,,45.46999931335449,10.609999656677246,34.84488149830323,0.0,1.7252000570297241,0.00016242499987129122,0.357699990272522
1787467394.4759521,,,61.05999946594238,10.64229965209961,34.85047851548978,0.0,1.7252000570297241,0.00018980000459123403,0.35040000081062317
1787467544.8671265,,,80.71999549865723,10.531000137329102,34.82990820682911,0.0,1.7252000570297241,0.00016242499987129122,0.34310001134872437
1787467695.108307,,,105.20999908447266,10.504300117492676,34.82169279747016,0.0,1.7252000570297241,0.00015512500249315053,0.357699990272522
1787467845.888916,,,130.64000129699707,10.546199798583984,34.83867399973494,0.0,1.7252000570297241,0.00015512500249315053,0.357699990272522
1787467996.2427368,,,158.24000358581543,10.508199691772461,34.81930429623888,0.0,1.7252000570297241,0.00014782500511500984,0.35040000081062317
1787469329.0940552,,,4.510000050067902,10.479999542236328,34.82298726882538,0.0,1.815999984741211,0.00018615000590216368,0.357699990272522
1787469479.2546997,,,17.200000286102295,10.475199699401855,34.828761654008076,0.0,1.815999984741211,0.00016607499856036156,0.3357999920845032
1787469629.880127,,,31.32999897003174,10.468400001525879,34.815662273133306,0.0,1.7252000570297241,0.00015330000314861536,0.34310001134872437
1787469780.4604187,,,46.550002098083496,10.487899780273438,34.820498016172195,0.0,1.7252000570297241,0.00015877500118222088,0.34310001134872437
1787469930.9051514,,,71.29000186920166,10.435500144958496,34.810204067703964,0.0,1.7252000570297241,0.00016789999790489674,0.37229999899864197
1787470081.2398682,,,99.44000244140625,10.458800315856934,34.813646875465416,0.0,1.7252000570297241,0.00015877500118222088,0.34310001134872437
1787470231.7805176,,,117.32999801635742,10.445699691772461,34.80773708384499,0.0,1.7252000570297241,0.00015512500249315053,0.32120001316070557
1787470382.1263428,,,134.6399974822998,10.441800117492676,34.80705339230581,0.0,1.815999984741211,0.00015512500249315053,0.34310001134872437
1787470532.5899658,,,153.1599998474121,10.442399978637695,34.80557423695356,0.0,1.7252000570297241,0.0001514750038040802,0.34310001134872437
1787470683.0081177,,,172.3699951171875,10.448200225830078,34.807112721931006,0.0,1.7252000570297241,0.00014965000445954502,0.3357999920845032
1787471973.0838623,,,4.390000104904175,10.359399795532227,34.798468696375934,0.0,1.7252000570297241,0.00015330000314861536,0.3357999920845032
1787472123.564209,,,24.99000072479248,10.384200096130371,34.799438212957135,0.0,1.815999984741211,0.00015512500249315053,0.32850000262260437
1787472274.0844727,,,44.039998054504395,10.379799842834473,34.796764357561614,0.0,1.815999984741211,0.0001843250065576285,0.30660000443458557
1787472424.4834595,,,61.73999786376953,10.372400283813477,34.794953884444936,0.0,1.815999984741211,0.00015877500118222088,0.3138999938964844
1787472575.0106506,,,79.25000190734863,10.380599975585938,34.79573575309893,0.0,1.7252000570297241,0.0001441750064259395,0.32850000262260437
1787472725.4709473,,,98.83000373840332,10.366600036621094,34.79312562190425,0.0,1.7252000570297241,0.00015512500249315053,0.32850000262260437
1787472875.916809,,,125.29000282287598,10.356800079345703,34.78945500161194,0.0,1.7252000570297241,0.00015877500118222088,0.32120001316070557
1787473026.459259,,,145.81000328063965,10.37720012664795,34.79475784309801,0.0,1.7252000570297241,0.00016607499856036156,0.3357999920845032
1787473176.8954468,,,163.33999633789062,10.366700172424316,34.79037502061831,0.0,1.7252000570297241,0.00015330000314861536,0.3138999938964844
1787474865.8172607,,,4.210000038146973,10.299500465393066,34.78492202408139,0.0,1.7252000570297241,0.00014600000577047467,0.3357999920845032
1787475016.029419,,,20.520000457763672,10.287799835205078,34.78896315178652,0.0,1.7252000570297241,0.00016060000052675605,0.32120001316070557
1787475166.6191711,,,31.459999084472656,10.30270004272461,34.783570650581936,0.0,1.7252000570297241,0.0001569500018376857,0.2992999851703644
1787475316.926239,,,48.83999824523926,10.300299644470215,34.78278495695328,0.0,1.815999984741211,0.0001569500018376857,0.2992999851703644
1787475467.4076538,,,62.97999858856201,10.273799896240234,34.7773416933872,0.0,1.7252000570297241,0.00016607499856036156,0.30660000443458557
1787475617.876892,,,82.32999801635742,10.293000221252441,34.778531257511645,0.0,1.7252000570297241,0.00017154999659396708,0.3357999920845032
1787475768.0440063,,,102.20999717712402,10.303099632263184,34.78120371117107,0.0,1.7252000570297241,0.00015877500118222088,0.32120001316070557
1787475918.6030579,,,118.95000457763672,10.281299591064453,34.77182020117248,0.0,1.7252000570297241,0.00016789999790489674,0.3138999938964844
1787476069.284607,,,133.75,10.229399681091309,34.76137190173498,0.0,1.7252000570297241,0.00015330000314861536,0.3138999938964844
1787476219.9692383,,,152.76000022888184,10.26990032196045,34.77030279260224,0.0,1.7252000570297241,0.0001642499992158264,0.30660000443458557
1787476370.5142212,,,173.68000030517578,10.268899917602539,34.769881776549184,0.0,1.7252000570297241,0.00016060000052675605,0.3138999938964844
1787477900.986969,,,4.379999935626984,10.245699882507324,34.771295714536066,0.0,1.7252000570297241,0.00015330000314861536,0.2919999957084656
1787478051.2866821,,,20.999999046325684,10.242400169372559,34.77068915917617,0.0,1.7252000570297241,0.00015512500249315053,0.30660000443458557
1787478201.5519714,,,41.539998054504395,10.260700225830078,34.77055360919074,0.0,1.7252000570297241,0.00015330000314861536,0.2992999851703644
1787478351.9797058,,,59.039998054504395,10.253999710083008,34.774248434009635,0.0,1.7252000570297241,0.0001569500018376857,0.2992999851703644
1787479249.6854248,171.22934666666666,-45.62204,,,,,,,
1787479341.2252808,171.22983833333333,-45.62181,,,,,,,
1787479366.0,171.22983333333335,-45.621816666666675,,,,,,,
1787479379.0,171.22983333333335,-45.621816666666675,,,,,,,
1787479663.0,171.22983333333335,-45.621816666666675,,,,,,,
1787479803.0,171.22983333333335,-45.621816666666675,,,,,,,
1787479867.0,171.25055,-45.5643,,,,,,,
1787479996.2181091,171.2339683333333,-45.62003500000001,,,,,,,
1787480076.938446,,,4.709999859333038,10.240900039672852,34.77025666409643,0.0,1.9068000316619873,0.00021534999541472644,0.32120001316070557
1787480227.362976,,,22.839999198913574,10.236800193786621,34.76921482533898,0.0,1.7252000570297241,0.00014965000445954502,0.30660000443458557
1787480377.8814087,,,41.10000133514404,10.253800392150879,34.773510098020566,0.0,1.7252000570297241,0.00016242499987129122,0.2992999851703644
1787480528.219696,,,55.999999046325684,10.265399932861328,34.77375386781307,0.0,1.7252000570297241,0.00017884999397210777,0.32120001316070557
1787480678.5387268,,,68.15000057220459,10.196499824523926,34.76115112572726,0.0,1.7252000570297241,0.0001642499992158264,0.2773999869823456
1787480829.3709106,,,83.95999908447266,10.227399826049805,34.7673086835681,0.0,1.7252000570297241,0.00015512500249315053,0.2847000062465668
1787480979.855194,,,100.71999549865723,10.255599975585938,34.769513553185675,0.0,1.7252000570297241,0.00015330000314861536,0.3138999938964844
1787481130.22406,,,114.09000396728516,10.24269962310791,34.77405213001205,0.0,1.7252000570297241,0.00016060000052675605,0.3138999938964844
1787481280.902832,,,129.80999946594238,10.262700080871582,34.789270278024276,0.0,1.7252000570297241,0.0001514750038040802,0.3138999938964844
1787481431.2898254,,,147.82999992370605,10.279199600219727,34.772977538165044,0.0,1.7252000570297241,0.0001569500018376857,0.3138999938964844
1787481581.9038696,,,165.97999572753906,10.267900466918945,34.76560307733266,0.0,1.7252000570297241,0.00015877500118222088,0.2992999851703644
1787483111.3424072,171.23431166666668,-45.619979999999984,,,,,,,
1787483164.973755,,,4.639999866485596,10.983499526977539,34.91404204845835,0.0,1.815999984741211,0.00016242499987129122,0.35040000081062317
1787483315.2158203,,,28.610000610351562,10.998100280761719,34.91590399084505,0.0,1.815999984741211,0.00018980000459123403,0.35040000081062317
1787483465.4849854,,,51.40999794006348,10.670299530029297,34.8586286726184,0.0,1.7252000570297241,0.00016607499856036156,0.32850000262260437
1787483615.9077148,,,72.85999774932861,10.59589958190918,34.83915627498362,0.0,1.815999984741211,0.00014600000577047467,0.34310001134872437
1787483766.2174072,,,96.80999755859375,10.625699996948242,34.842166208160315,0.0,1.815999984741211,0.00015877500118222088,0.32850000262260437
1787483916.827362,,,114.46000099182129,10.58329963684082,34.837581935580225,0.0,1.815999984741211,0.00017154999659396708,0.32120001316070557
1787484067.1477966,,,137.5100040435791,10.434800148010254,34.80283863221877,0.0,1.7252000570297241,0.0002664499916136265,0.3138999938964844
1787484217.6828918,,,165.77999114990234,10.540900230407715,34.83724002100748,0.0,1.7252000570297241,0.0001441750064259395,0.32850000262260437
1787484514.3773804,,,182.31000900268555,10.377799987792969,34.79364991385001,0.0,1.7252000570297241,0.00014235000708140433,0.32120001316070557
1787484669.0402527,,,183.05999755859375,10.402000427246094,34.79860967692147,0.0,1.7252000570297241,0.0001569500018376857,0.3138999938964844
1787486468.8304138,,,4.600000083446503,11.061599731445312,34.928032698208185,0.0,1.815999984741211,0.00018615000590216368,0.35040000081062317
1787486619.1315002,,,22.40000009536743,11.023699760437012,34.91712063532948,0.0,1.815999984741211,0.0001697249972494319,0.34310001134872437
1787486793.0960693,,,36.519999504089355,10.921299934387207,34.9185677031942,0.0,1.815999984741211,0.00016607499856036156,0.34310001134872437
1787486943.4388428,,,52.719998359680176,10.747599601745605,34.86763212364277,0.0,1.815999984741211,0.0001642499992158264,0.357699990272522
1787487093.6348877,,,75.85999965667725,10.543000221252441,34.79822952129595,0.0,1.7252000570297241,0.00015512500249315053,0.3357999920845032
1787487243.9738464,,,103.95999908447266,10.557299613952637,34.82642583150573,0.0,1.815999984741211,0.00015877500118222088,0.32120001316070557
1787487394.686554,,,131.37999534606934,10.498700141906738,34.81902207616608,0.0,1.7252000570297241,0.0002116999967256561,0.32120001316070557
1787487545.0041199,,,152.25000381469727,10.484299659729004,34.810104802131136,0.0,1.815999984741211,0.00015330000314861536,0.34310001134872437
1787487695.4863892,,,175.52000045776367,10.50570011138916,34.81328251334331,0.0,1.7252000570297241,0.00017337499593850225,0.3357999920845032
1787489151.4083557,,,4.370000064373016,11.093000411987305,34.93019345205889,0.0,1.815999984741211,0.00017337499593850225,0.36500000953674316
1787489301.9535217,,,22.209999561309814,11.09160041809082,34.922482891080335,0.0,1.815999984741211,0.00022812500537838787,0.37229999899864197
1787489452.439209,,,46.11000061035156,11.059700012207031,34.92280555662018,0.0,1.815999984741211,0.0002171749947592616,0.357699990272522
1787489602.96521,,,64.33000087738037,11.000900268554688,34.91043314443549,0.0,1.815999984741211,0.0001843250065576285,0.357699990272522
1787489753.4483948,,,84.39000129699707,10.832300186157227,34.88207279100405,0.0,1.815999984741211,0.0001843250065576285,0.3357999920845032
1787489903.8375854,,,108.38000297546387,10.763500213623047,34.868897804939714,0.0,1.815999984741211,0.00015512500249315053,0.32850000262260437
1787490054.1819153,,,132.13000297546387,10.561300277709961,34.8266984596558,0.0,1.815999984741211,0.00015330000314861536,0.3357999920845032
1787490204.2126465,,,156.05999946594238,10.496800422668457,34.814518345308024,0.0,1.815999984741211,0.00017337499593850225,0.3357999920845032
1787490355.1025696,,,174.44000244140625,10.437100410461426,34.803341296818566,0.0,1.7252000570297241,0.00016242499987129122,0.3357999920845032
1787491700.2687683,,,4.9799999594688416,11.15410041809082,34.93810788412919,0.0,1.815999984741211,0.00026462500682100654,0.45260000228881836
1787491850.5973816,,,19.800000190734863,11.151200294494629,34.94265960822708,0.0,1.815999984741211,0.00019710000196937472,0.37229999899864197
1787492000.690155,,,39.010000228881836,11.051400184631348,34.90594738955444,0.0,1.815999984741211,0.00016607499856036156,0.35040000081062317
1787492151.1513062,,,57.709999084472656,10.935700416564941,34.90048352718193,0.0,1.815999984741211,0.00017154999659396708,0.34310001134872437
1787492301.7145996,,,75.15999794006348,10.878800392150879,34.880420629016385,0.0,1.815999984741211,0.00016060000052675605,0.35040000081062317
1787492451.933136,,,87.2700023651123,10.756400108337402,34.87113654842202,0.0,1.815999984741211,0.00024090000079013407,0.3357999920845032
1787492602.1662598,,,101.66000366210938,10.530799865722656,34.826956243846176,0.0,1.7252000570297241,0.00017519999528303742,0.32120001316070557
1787492752.690094,,,118.80000114440918,10.443400382995605,34.808056171831986,0.0,1.7252000570297241,0.00015330000314861536,0.32120001316070557
1787492903.1791687,,,137.79000282287598,10.410499572753906,34.805211778469626,0.0,1.815999984741211,0.00015877500118222088,0.3138999938964844
1787493053.9033508,,,156.75000190734863,10.331399917602539,34.77819386152535,0.0,1.7252000570297241,0.0001569500018376857,0.3138999938964844
1787493204.185791,,,175.97000122070312,10.310199737548828,34.782167136821336,0.0,1.815999984741211,0.00017884999397210777,0.32120001316070557
1787494578.0110474,,,4.350000023841858,11.081299781799316,34.92427010187533,0.0,1.815999984741211,0.00020622499869205058,0.41609999537467957
1787494728.400177,,,16.699999570846558,11.100700378417969,34.93197078025202,0.0,1.815999984741211,0.0002116999967256561,0.36500000953674316
1787494878.721405,,,35.339999198913574,11.001399993896484,34.91512341346708,0.0,1.815999984741211,0.00017884999397210777,0.36500000953674316
1787495029.183075,,,49.93000030517578,10.827500343322754,34.88566380378949,0.0,1.815999984741211,0.00018250000721309334,0.34310001134872437
1787495179.7072144,,,69.32000160217285,10.752900123596191,34.86872604380478,0.0,1.815999984741211,0.00022447500668931752,0.32850000262260437
1787495330.2627869,,,81.45999908447266,10.719200134277344,34.85407479032113,0.0,1.815999984741211,0.00017154999659396708,0.3357999920845032
1787495480.508484,,,102.81999588012695,10.758899688720703,34.85389840606421,0.0,1.815999984741211,0.0001697249972494319,0.34310001134872437
1787495630.7305603,,,118.80999565124512,10.595100402832031,34.85549303695359,0.0,1.815999984741211,0.00021352499607019126,0.39419999718666077
1787495781.0507812,,,138.21999549865723,10.46500015258789,34.81277345101923,0.0,1.7252000570297241,0.0001569500018376857,0.3138999938964844
1787495931.1744385,,,157.77000427246094,10.32800006866455,34.7853463444073,0.0,1.7252000570297241,0.00020257500000298023,0.32120001316070557
1787496081.8246765,,,176.79000854492188,10.342599868774414,34.78454549319462,0.0,1.7252000570297241,0.00014965000445954502,0.3138999938964844
1787497680.2354736,,,4.670000076293945,11.029199600219727,34.92278784536599,0.0,1.815999984741211,0.00017154999659396708,0.357699990272522
1787497830.6427917,,,23.570001125335693,11.015800476074219,34.91891687138627,0.0,1.9068000316619873,0.00031572498846799135,0.36500000953674316
1787497981.0209656,,,43.94999980926514,10.993200302124023,34.91394938436087,0.0,1.815999984741211,0.00017154999659396708,0.37229999899864197
1787498131.132782,,,64.08999919891357,10.848299980163574,34.87598596262375,0.0,1.815999984741211,0.00018250000721309334,0.35040000081062317
1787498281.4732666,,,84.37999725341797,10.84160041809082,34.88534689987133,0.0,1.815999984741211,0.0001642499992158264,0.35040000081062317
1787498431.680359,,,106.40999794006348,10.80780029296875,34.869716584548236,0.0,1.815999984741211,0.00018980000459123403,0.36500000953674316
1787498582.1447754,,,130.3499984741211,10.723099708557129,34.86537595319299,0.0,1.815999984741211,0.00016060000052675605,0.32850000262260437
1787498732.2581177,,,151.47000312805176,10.638899803161621,34.8423379335032,0.0,1.815999984741211,0.0001843250065576285,0.32120001316070557
1787498882.7106934,,,171.7300033569336,10.581500053405762,34.83631784859802,0.0,1.7252000570297241,0.00016242499987129122,0.32120001316070557
1787500478.8585815,171.25020666666666,-45.564543333333326,,,,,,,
1787500570.410675,171.250545,-45.56430500000001,,,,,,,
1787500597.0,171.25055,-45.5643,,,,,,,
1787500610.0,171.25055,-45.5643,,,,,,,
1787500875.0,171.2554,-45.5155,,,,,,,
1787501017.814209,171.25244333333333,-45.562389999999986,,,,,,,
1787501116.0762634,,,4.790000021457672,10.9931001663208,34.914631556014655,0.0,1.815999984741211,0.00023360000341199338,0.42340001463890076
1787501266.7442627,,,23.510000705718994,11.008500099182129,34.917800590095325,0.0,1.815999984741211,0.00023360000341199338,0.357699990272522
1787501416.9787903,,,38.12000036239624,11.030099868774414,34.92092106217095,0.0,1.815999984741211,0.00016607499856036156,0.357699990272522
1787501567.4414062,,,50.19999980926514,11.010499954223633,34.91645242637905,0.0,1.815999984741211,0.00023542500275652856,0.36500000953674316
1787501726.115387,,,65.45000076293945,10.976300239562988,34.912254039257824,0.0,1.815999984741211,0.00018250000721309334,0.34310001134872437
1787501876.3207092,,,82.10000038146973,10.975299835205078,34.908911802072325,0.0,1.815999984741211,0.00020987499738112092,0.35040000081062317
1787502026.847107,,,101.80999755859375,10.984299659729004,34.91098019707313,0.0,1.815999984741211,0.00017519999528303742,0.3357999920845032
1787502177.085846,,,114.13999557495117,10.969599723815918,34.90923727775388,0.0,1.815999984741211,0.0001843250065576285,0.357699990272522
1787502327.7531128,,,129.3000030517578,10.942700386047363,34.902640925592586,0.0,1.815999984741211,0.0001916250039357692,0.3357999920845032
1787502478.116272,,,151.54000282287598,10.940199851989746,34.90385338112741,0.0,1.815999984741211,0.0001916250039357692,0.34310001134872437
1787502628.3148499,,,170.44000625610352,10.883899688720703,34.886139712398574,0.0,1.815999984741211,0.0002171749947592616,0.32850000262260437
1787504135.492859,171.25266833333336,-45.56213666666666,,,,,,,
1787504171.837555,,,4.650000035762787,10.987700462341309,34.91523654114683,0.0,1.815999984741211,0.00024272500013466924,0.36500000953674316
1787504322.0751038,,,23.82999897003174,10.988499641418457,34.91380814878875,0.0,1.815999984741211,0.0003631750005297363,0.5037000179290771
1787504472.2854614,,,41.90000057220459,10.977100372314453,34.91090689225495,0.0,1.815999984741211,0.00019345000328030437,0.34310001134872437
1787504622.8642883,,,59.019999504089355,10.936100006103516,34.903115222784365,0.0,1.815999984741211,0.0002263000060338527,0.35040000081062317
1787504773.315277,,,74.39000129699707,10.930999755859375,34.902746464555115,0.0,1.815999984741211,0.0001770249946275726,0.37959998846054077
1787504923.802765,,,94.56999778747559,10.94219970703125,34.90301142888119,0.0,1.815999984741211,0.00018615000590216368,0.357699990272522
1787505073.9763794,,,118.47999572753906,10.930100440979004,34.90058510187842,0.0,1.815999984741211,0.00018980000459123403,0.37229999899864197
1787505224.1945496,,,142.88999557495117,10.92870044708252,34.896668154109214,0.0,1.815999984741211,0.0001916250039357692,0.357699990272522
1787505374.4292908,,,162.81000137329102,10.952799797058105,34.90561597641404,0.0,1.815999984741211,0.00022264999279286712,0.3357999920845032
1787506873.3044739,,,5.0700002908706665,10.974699974060059,34.91462989166203,0.0,1.815999984741211,0.00020257500000298023,0.32850000262260437
1787507023.7471924,,,30.250000953674316,11.001899719238281,34.91654380473177,0.0,1.9068000316619873,0.0004087999986950308,0.39419999718666077
1787507173.9705505,,,55.83000183105469,10.950799942016602,34.905564421820564,0.0,1.815999984741211,0.0002682750055100769,0.32850000262260437
1787507324.4693298,,,79.22999858856201,10.950300216674805,34.90540124991506,0.0,1.815999984741211,0.00022082499344833195,0.37229999899864197
1787507474.762329,,,100.60999870300293,10.948200225830078,34.90488609462962,0.0,1.815999984741211,0.00025002501206472516,0.37229999899864197
1787507624.847412,,,121.19000434875488,10.941900253295898,34.90164026067667,0.0,1.815999984741211,0.00025732500944286585,0.43799999356269836
1787507775.2236023,,,141.38999938964844,10.965399742126465,34.90511598127576,0.0,1.815999984741211,0.00027557500288821757,0.39419999718666077
1787507925.8208313,,,158.14000129699707,10.969099998474121,34.90489287733535,0.0,1.815999984741211,0.0002518499968573451,0.36500000953674316
1787508076.0039978,,,173.33999633789062,10.919300079345703,34.897581952654406,0.0,1.815999984741211,0.00023360000341199338,0.32850000262260437
1787509338.7653809,,,4.869999885559082,10.966899871826172,34.91004358545513,0.0,1.815999984741211,0.00023542500275652856,0.34310001134872437
1787509494.1608887,,,21.25,10.95419979095459,34.9085319779344,0.0,1.815999984741211,0.00017519999528303742,0.36500000953674316
1787509644.4302368,,,39.86999988555908,10.961600303649902,34.91078133672779,0.0,1.815999984741211,0.0001989250013139099,0.3357999920845032
1787509794.723938,,,71.25999927520752,10.957500457763672,34.907936138784095,0.0,1.815999984741211,0.00024272500013466924,0.37229999899864197
1787509945.0692444,,,92.65999794006348,10.930700302124023,34.90141096927821,0.0,1.815999984741211,0.00023542500275652856,0.34310001134872437
1787510095.483673,,,110.17999649047852,10.910599708557129,34.89706013752428,0.0,1.815999984741211,0.00028470001416280866,0.35040000081062317
1787510245.755066,,,133.64999771118164,10.974100112915039,34.90980086913876,0.0,1.815999984741211,0.0001770249946275726,0.3357999920845032
1787510395.975769,,,153.43000411987305,10.949999809265137,34.902281382283846,0.0,1.815999984741211,0.00022995000472292304,0.36500000953674316
1787510546.197235,,,170.07999420166016,10.959500312805176,34.90568753126412,0.0,1.9068000316619873,0.0003394499944988638,0.34310001134872437
1787511980.4013367,,,4.860000014305115,10.956899642944336,34.90847008400986,0.0,1.815999984741211,0.00029017499764449894,0.357699990272522
1787512130.6588135,,,23.429999351501465,10.982399940490723,34.91079753428139,0.0,1.815999984741211,0.00024090000079013407,0.37229999899864197
1787512280.9377441,,,39.019999504089355,11.016599655151367,34.921878442736805,0.0,1.815999984741211,0.00025002501206472516,0.40880000591278076
1787512431.3787842,,,59.120001792907715,10.964500427246094,34.90943936753289,0.0,1.815999984741211,0.00022082499344833195,0.3357999920845032
1787512581.4425964,,,79.67999935150146,11.01039981842041,34.923560688095016,0.0,1.815999984741211,0.00018250000721309334,0.36500000953674316
1787512731.7098389,,,101.89000129699707,11.003700256347656,34.913166848234354,0.0,1.815999984741211,0.00031025000498630106,0.357699990272522
1787512882.019867,,,117.2599983215332,10.934100151062012,34.90262753630127,0.0,1.9068000316619873,0.0003303250123281032,0.36500000953674316
1787513036.474121,,,130.12999534606934,10.923299789428711,34.899227344959726,0.0,1.9068000316619873,0.00033397501101717353,0.34310001134872437
1787513186.8531494,,,141.40999794006348,10.94950008392334,34.90383954341446,0.0,1.815999984741211,0.00035769998794421554,0.34310001134872437
1787513337.1759033,,,157.63999938964844,10.959400177001953,34.90494811195166,0.0,1.815999984741211,0.00025002501206472516,0.34310001134872437
1787515148.1701965,,,5.170000195503235,10.999600410461426,34.91716793128366,0.0,1.9068000316619873,0.0003047749924007803,0.39419999718666077
1787515298.487091,,,24.31999921798706,10.977700233459473,34.91257055238537,0.0,1.815999984741211,0.0003066000062972307,0.37959998846054077
1787515449.0523682,,,43.83999824523926,11.000300407409668,34.916933883700786,0.0,1.815999984741211,0.00025002501206472516,0.3357999920845032
1787515599.447052,,,63.75999927520752,10.981599807739258,34.912868195124275,0.0,1.9068000316619873,0.00026462500682100654,0.34310001134872437
1787515750.086792,,,85.0100040435791,11.052599906921387,34.938220013508655,0.0,1.815999984741211,0.0002609750081319362,0.39419999718666077
1787515900.4216003,,,103.07000160217285,11.124500274658203,34.93444934494497,0.0,1.815999984741211,0.00025549999554641545,0.34310001134872437
1787516050.650177,,,132.60000228881836,11.082200050354004,34.92516303768706,0.0,1.9068000316619873,0.00028470001416280866,0.40149998664855957
1787516200.8788757,,,155.97000122070312,11.0826997756958,34.92720786667703,0.0,1.815999984741211,0.00024272500013466924,0.37229999899864197
1787517745.7764893,,,4.869999885559082,11.16919994354248,34.93655486025293,0.0,1.9068000316619873,0.00028287500026635826,0.38690000772476196
1787517895.9967346,,,19.980000257492065,11.151900291442871,34.940518838556876,0.0,1.9068000316619873,0.00024090000079013407,0.38690000772476196
1787518046.340393,,,36.87000036239624,11.028499603271484,34.91931386405743,0.0,1.9068000316619873,0.0003212000010535121,0.5694000124931335
1787518196.7302246,,,53.499999046325684,10.999899864196777,34.915161098614135,0.0,1.9068000316619873,0.0002792250015772879,0.34310001134872437
1787518346.9223633,,,72.91999816894531,10.98639965057373,34.91317253684676,0.0,1.9068000316619873,0.00026462500682100654,0.40880000591278076
1787518497.4148865,,,92.77000427246094,10.951399803161621,34.905765235131916,0.0,1.9068000316619873,0.00038507499266415834,0.3357999920845032
1787518647.8304749,,,114.1100025177002,10.951000213623047,34.903858651978005,0.0,1.9068000316619873,0.0003394499944988638,0.37229999899864197
1787518798.0536194,,,138.68000030517578,10.96049976348877,34.90529372143419,0.0,1.9068000316619873,0.00035769998794421554,0.3357999920845032
1787518948.4049377,,,167.1299934387207,10.93120002746582,34.89853963135746,0.0,1.9068000316619873,0.0004599000094458461,0.34310001134872437
1787519591.8556213,,,117.46999740600586,10.927499771118164,34.89801144974696,0.0,1.9068000316619873,0.000368650013115257,0.34310001134872437
1787520131.7792053,,,4.909999966621399,10.974200248718262,34.901871303195044,0.0,1.9975999593734741,0.00047997498768381774,0.32850000262260437
1787520281.8962708,,,21.010000705718994,10.959099769592285,34.910776535203176,0.0,1.9068000316619873,0.00047997498768381774,0.30660000443458557
1787520439.2623596,,,23.310000896453857,10.958399772644043,34.89909814429509,0.0,1.9975999593734741,0.00043069999082945287,0.35040000081062317
1787520589.4969177,,,36.610000133514404,10.951299667358398,34.904956033518836,0.0,1.9975999593734741,0.0007117500063031912,0.37229999899864197
1787520739.790039,,,45.13000011444092,10.957500457763672,34.90581031555759,0.0,1.9068000316619873,0.0007774499827064574,0.36500000953674316
1787520889.8667603,,,77.1999979019165,11.125399589538574,34.93432414594304,0.0,1.9068000316619873,0.0004872750141657889,0.34310001134872437
1787521039.956726,,,116.38999938964844,11.139399528503418,34.93724423122171,0.0,1.815999984741211,0.0003467499918770045,0.357699990272522
1787521190.1091003,,,152.58000373840332,11.117799758911133,34.932939399077625,0.0,1.9068000316619873,0.00044712499948218465,0.37229999899864197
1787522899.2140198,171.25535166666668,-45.51577666666667,,,,,,,
1787522990.9301453,171.2554066666667,-45.51550333333334,,,,,,,
1787523022.0,171.2554,-45.5155,,,,,,,
1787523030.0,171.26228333333336,-45.50043333333333,,,,,,,
1787523442.4763184,171.25575166666664,-45.513898333333344,,,,,,,
1787523535.620575,,,4.359999895095825,11.15470027923584,34.9405058142577,0.0,1.9068000316619873,0.0003047749924007803,0.2847000062465668
1787523685.9877014,,,19.240000247955322,11.141200065612793,34.939865142147674,0.0,1.9068000316619873,0.0003047749924007803,0.36500000953674316
1787523836.576538,,,37.72000074386597,11.14739990234375,34.940304475572226,0.0,1.9068000316619873,0.00029200001154094934,0.41609999537467957
1787523986.8561096,,,55.219998359680176,11.137999534606934,34.93908558766081,0.0,1.9068000316619873,0.00037047499790787697,0.39419999718666077
1787524137.5266418,,,70.2899980545044,11.146200180053711,34.93688169962533,0.0,1.815999984741211,0.00046537499292753637,0.60589998960495
1787524287.7555237,,,87.81999588012695,11.13479995727539,34.93706964023019,0.0,1.9068000316619873,0.00033214999712072313,0.38690000772476196
1787524438.39682,,,105.43000221252441,11.141500473022461,34.937957749654366,0.0,1.9068000316619873,0.00035769998794421554,0.35040000081062317
1787524588.7993774,,,125.03999710083008,11.138799667358398,34.93673609366564,0.0,1.9068000316619873,0.00033214999712072313,0.40149998664855957
1787524739.433258,,,144.91999626159668,11.138799667358398,34.9369230673215,0.0,1.815999984741211,0.00029930000891909003,0.35040000081062317
1787524889.702362,,,164.7800064086914,11.137200355529785,34.93496623671683,0.0,1.9068000316619873,0.0002792250015772879,0.35040000081062317
1787526160.0956116,171.2561883333333,-45.512983333333324,,,,,,,
1787526188.0170593,,,4.659999907016754,11.178000450134277,34.94362016514997,0.0,1.815999984741211,0.0003303250123281032,0.23360000550746918
1787526338.722046,,,21.1899995803833,11.176400184631348,34.94467212692149,0.0,1.9068000316619873,0.0005785250104963779,0.32120001316070557
1787526489.655548,,,38.499999046325684,11.17650032043457,34.944660473330494,0.0,1.9068000316619873,0.00041974999476224184,0.44530001282691956
1787526639.9158325,,,56.040000915527344,11.181500434875488,34.945575487543415,0.0,2.2699999809265137,0.0007409499958157539,0.49639999866485596
1787526790.640808,,,75.56000232696533,11.171500205993652,34.943836190403545,0.0,1.9068000316619873,0.0004434750007931143,0.43799999356269836
1787526941.318695,,,97.88999557495117,11.177900314331055,34.944084037824794,0.0,1.9068000316619873,0.0005529749905690551,0.41609999537467957
1787527091.505005,,,123.7600040435791,11.175600051879883,34.943266658004596,0.0,1.9068000316619873,0.00042887500603683293,0.39419999718666077
1787527241.9718323,,,140.7699966430664,11.17490005493164,34.94141719765893,0.0,1.9975999593734741,0.0005675749853253365,0.42340001463890076
1787527392.7019958,,,153.9900016784668,11.184399604797363,34.9417275929354,0.0,1.9975999593734741,0.000624149979557842,0.37959998846054077
1787527543.257843,,,165.97000122070312,11.191900253295898,34.94647850587915,0.0,1.9975999593734741,0.0006059000152163208,0.37229999899864197
1787528786.1668396,,,5.040000081062317,11.16670036315918,34.942140769817165,0.0,1.9068000316619873,0.000531074998434633,0.21899999678134918
1787528936.6944885,,,25.350000858306885,11.16100025177002,34.939313182024094,0.0,1.9975999593734741,0.0005675749853253365,0.3357999920845032
1787529087.1334229,,,46.1899995803833,11.160400390625,34.94097413579051,0.0,1.9975999593734741,0.0005109999910928309,0.36500000953674316
1787529237.8806152,,,64.21000003814697,11.169699668884277,34.943167715132105,0.0,1.9975999593734741,0.0005620999727398157,0.357699990272522
1787529388.5090027,,,83.8599967956543,11.167499542236328,34.94202791713314,0.0,1.9975999593734741,0.0006569999968633056,0.37229999899864197
1787529538.7442017,,,110.55000305175781,11.163800239562988,34.93977223304983,0.0,1.9975999593734741,0.0006953250267542899,0.40880000591278076
1787529689.4372864,,,139.20000076293945,11.15999984741211,34.93944753418586,0.0,1.9975999593734741,0.0006460499716922641,0.35040000081062317
1787529839.8168945,,,164.30999755859375,11.16469955444336,34.93922216483777,0.0,1.9975999593734741,0.000554799975361675,0.37229999899864197
1787531611.7099915,,,4.460000097751617,11.185500144958496,34.943651344994706,0.0,1.9068000316619873,0.00034309999318793416,0.2847000062465668
1787531761.950592,,,21.979999542236328,11.158900260925293,34.94063336057073,0.0,1.9975999593734741,0.00047997498768381774,0.40880000591278076
1787531912.4702454,,,42.3199987411499,11.148500442504883,34.93997925243136,0.0,1.9975999593734741,0.0004599000094458461,0.36500000953674316
1787532062.8293457,,,64.78000164031982,11.148799896240234,34.93807689361466,0.0,1.9975999593734741,0.000532899983227253,0.40149998664855957
1787532213.470459,,,86.52000427246094,11.143400192260742,34.93714793527212,0.0,1.9068000316619873,0.0005876499926671386,0.38690000772476196
1787532363.664215,,,114.96000289916992,11.140199661254883,34.93642551574727,0.0,1.9068000316619873,0.0004854500002693385,0.35040000081062317
1787532514.525238,,,137.3799991607666,11.14109992980957,34.934718139511226,0.0,1.9975999593734741,0.0005018750089220703,0.40149998664855957
1787532664.7704468,,,158.9799976348877,11.133899688720703,34.934114515738564,0.0,1.9975999593734741,0.0004690249916166067,0.37229999899864197
1787534460.762848,,,4.449999928474426,11.174799919128418,34.9407811029049,0.0,1.9068000316619873,0.0005365500110201538,0.19709999859333038
1787534610.8920288,,,18.8100004196167,11.173399925231934,34.93953278425169,0.0,1.9068000316619873,0.0005237750010564923,0.34310001134872437
1787534761.7233582,,,36.1899995803833,11.185600280761719,34.94322433409608,0.0,1.9068000316619873,0.00040515000000596046,0.46720001101493835
1787534912.3011475,,,54.629998207092285,11.175000190734863,34.937452244132096,0.0,1.9068000316619873,0.0004015000013168901,0.37959998846054077
1787535062.5905762,,,74.08999919891357,11.173999786376953,34.9411262521195,0.0,1.9068000316619873,0.0004690249916166067,0.36500000953674316
1787535213.144165,,,92.89999961853027,11.156999588012695,34.93869695466111,0.0,1.9068000316619873,0.0004233999934513122,0.38690000772476196
1787535363.531311,,,112.88999557495117,11.154999732971191,34.940814819117314,0.0,1.9068000316619873,0.00041974999476224184,0.35040000081062317
1787535513.9187927,,,130.8899974822998,11.141799926757812,34.93565634049281,0.0,1.9068000316619873,0.00046537499292753637,0.357699990272522
1787535664.6195374,,,151.89000129699707,11.148599624633789,34.93556015195787,0.0,1.9068000316619873,0.0005018750089220703,0.357699990272522
1787535814.8669739,,,172.5,11.186100006103516,34.94241846102126,0.0,1.9068000316619873,0.00039237499004229903,0.43070000410079956
1787537202.645172,,,5.180000066757202,11.21619987487793,34.94510712699745,0.0,1.9068000316619873,0.00028470001416280866,0.2992999851703644
1787537353.1100464,,,22.650001049041748,11.160900115966797,34.93883000036185,0.0,1.9068000316619873,0.0004160999960731715,0.40880000591278076
1787537503.5672302,,,39.649999141693115,11.163399696350098,34.940562856852395,0.0,1.9068000316619873,0.00042157500865869224,0.40880000591278076
1787537653.865387,,,57.47000217437744,11.159099578857422,34.93794456408083,0.0,1.9068000316619873,0.00041974999476224184,0.40149998664855957
1787537804.4645386,,,72.06999778747559,11.160900115966797,34.9381494848261,0.0,1.9068000316619873,0.0004015000013168901,0.36500000953674316
1787537955.01651,,,88.66999626159668,11.165399551391602,34.938983827205206,0.0,1.9068000316619873,0.0003887249913532287,0.43799999356269836
1787538105.4291992,,,106.18000030517578,11.158100128173828,34.937485786441705,0.0,1.9068000316619873,0.00035222500446252525,0.37229999899864197
1787538255.7590942,,,125.62999725341797,11.159899711608887,34.93773738234134,0.0,1.9068000316619873,0.00037960000918246806,0.39419999718666077
1787538406.1094055,,,151.61999702453613,11.179400444030762,34.94165914887356,0.0,1.9975999593734741,0.0004106250125914812,0.37229999899864197
1787539880.837738,,,4.769999980926514,11.169099807739258,34.936595338530665,0.0,1.9068000316619873,0.0003485750057734549,0.24089999496936798
1787540031.5527039,,,22.039999961853027,11.16100025177002,34.937216401689646,0.0,1.9068000316619873,0.00038690000656060874,0.48910000920295715
1787540181.788971,,,40.13999938964844,11.153800010681152,34.93582233054408,0.0,1.9068000316619873,0.00035039999056607485,0.49639999866485596
1787540332.416748,,,58.15999984741211,11.15060043334961,34.93684772381799,0.0,1.9068000316619873,0.0003668249992188066,0.35040000081062317
1787540482.642517,,,75.9600019454956,11.152099609375,34.93699962310572,0.0,1.9068000316619873,0.0004233999934513122,0.39419999718666077
1787540633.0021973,,,92.95000076293945,11.153400421142578,34.937514840736796,0.0,1.9068000316619873,0.00034309999318793416,0.37959998846054077
1787540783.3309937,,,113.21000099182129,11.170999526977539,34.93403821952503,0.0,1.9975999593734741,0.00034309999318793416,0.6715999841690063
1787540933.6208801,,,131.44000053405762,11.17199993133545,34.93897919882187,0.0,1.9068000316619873,0.0004763249889947474,0.37229999899864197
1787541084.103424,,,152.6099967956543,11.157500267028809,34.93644120551219,0.0,1.9068000316619873,0.0004416499868966639,0.34310001134872437
1787541234.8119202,,,172.84000396728516,11.154199600219727,34.93584100074024,0.0,1.9068000316619873,0.0004708500055130571,0.357699990272522
1787542568.318634,,,5.009999871253967,11.16919994354248,34.93708781900611,0.0,1.9068000316619873,0.0003558750031515956,0.2554999887943268
1787542718.559784,,,23.880000114440918,11.145600318908691,34.93538699373407,0.0,1.9068000316619873,0.00035769998794421554,0.43070000410079956
1787542869.028778,,,43.08000087738037,11.140800476074219,34.93639688054863,0.0,1.9068000316619873,0.00046720000682398677,0.37229999899864197
1787543019.1055603,,,63.09999942779541,11.140000343322754,34.93494152869665,0.0,1.9068000316619873,0.00032302498584613204,0.40149998664855957
1787543169.3427734,,,85.60000419616699,11.129500389099121,34.932541134890016,0.0,1.9068000316619873,0.00037777499528601766,0.41609999537467957
1787543961.6652832,171.26219833333332,-45.50051833333334,,,,,,,
1787544052.816803,171.26228666666665,-45.50044166666667,,,,,,,
1787544080.0,171.26228333333336,-45.50043333333333,,,,,,,
1787544097.0,171.26228333333336,-45.50043333333333,,,,,,,
1787544210.0,171.26228333333336,-45.50043333333333,,,,,,,
1787544274.0,171.26228333333336,-45.50043333333333,,,,,,,
1787544467.0,171.26228333333336,-45.50043333333333,,,,,,,
1787544555.0,171.27768333333333,-45.47526666666666,,,,,,,
1787547224.4992065,,,4.21999990940094,11.192000389099121,34.93927437684101,0.0,1.9068000316619873,0.00041244999738410115,0.37229999899864197
1787547374.670288,,,19.27999973297119,11.189599990844727,34.938959551698034,0.0,1.9068000316619873,0.00040332498610951006,0.38690000772476196
1787547525.7155151,,,36.76000118255615,11.191900253295898,34.93767890058959,0.0,1.9068000316619873,0.00040332498610951006,0.41609999537467957
1787547676.2549744,,,56.71000003814697,11.207900047302246,34.94029835485093,0.0,1.9068000316619873,0.00035769998794421554,0.37229999899864197
1787547826.8079834,,,75.17000198364258,11.209799766540527,34.940172288156454,0.0,1.9068000316619873,0.0003978500026278198,0.40149998664855957
1787547977.1792297,,,94.11999702453613,11.195799827575684,34.939516495232446,0.0,1.9068000316619873,0.0003759500104933977,0.37959998846054077
1787548127.560852,,,116.2600040435791,11.194000244140625,34.938894362573684,0.0,1.9068000316619873,0.0003832500078715384,0.39419999718666077
1787548277.6462708,,,139.4200038909912,11.175100326538086,34.94023771611703,0.0,1.9068000316619873,0.0003558750031515956,0.37229999899864197
1787548428.231079,,,155.36999702453613,11.173700332641602,34.93843751782517,0.0,1.9975999593734741,0.0005128249758854508,0.357699990272522
1787548578.3837585,,,167.77999877929688,11.177499771118164,34.938558858848836,0.0,1.9068000316619873,0.0004416499868966639,0.38690000772476196
1787549780.525055,171.26314000000002,-45.499721666666666,,,,,,,
1787552934.124176,,,4.379999935626984,11.223999977111816,34.94701048566684,0.0,1.9068000316619873,0.00032484999974258244,0.43799999356269836
1787553084.606964,,,26.500000953674316,11.28909969329834,34.95993946823476,0.0,1.9068000316619873,0.00035952500184066594,0.40880000591278076
1787553234.8687744,,,44.629998207092285,11.180100440979004,34.93838788822313,0.0,1.9068000316619873,0.00032484999974258244,0.37959998846054077
1787553385.295868,,,66.78999900817871,11.160200119018555,34.940981961645214,0.0,1.9068000316619873,0.00037777499528601766,0.38690000772476196
1787553535.861084,,,88.42000007629395,11.178799629211426,34.93920605165634,0.0,1.9068000316619873,0.00041974999476224184,0.37229999899864197
1787553686.1279297,,,112.04999923706055,11.172599792480469,34.9403998720426,0.0,1.9068000316619873,0.000368650013115257,0.36500000953674316
1787553836.589447,,,141.9200038909912,11.19320011138916,34.94332439055524,0.0,1.9068000316619873,0.00046537499292753637,0.38690000772476196
1787553986.783905,,,178.16999435424805,11.186699867248535,34.947083750505826,0.0,1.9068000316619873,0.0003759500104933977,0.357699990272522
1787554161.4405212,,,170.18999099731445,11.201499938964844,34.942851129368805,0.0,1.9068000316619873,0.00029930000891909003,0.39419999718666077
1787554539.5251465,,,155.74999809265137,11.189000129699707,34.940058971041815,0.0,1.9068000316619873,0.0003832500078715384,0.37229999899864197
1787554689.8632812,,,151.5999984741211,11.18910026550293,34.947080218420496,0.0,1.9068000316619873,0.0004015000013168901,0.43070000410079956
1787559316.7820435,,,4.259999990463257,11.305000305175781,34.9653514157442,0.0,1.9975999593734741,0.0005018750089220703,0.39419999718666077
1787559467.2236023,,,19.769999980926514,11.302900314331055,34.965052477040935,0.0,1.9975999593734741,0.00045625001075677574,0.37959998846054077
1787559617.5029297,,,37.119998931884766,11.302000045776367,34.96428417956888,0.0,1.9975999593734741,0.0005584500031545758,0.40880000591278076
1787559767.842682,,,46.44000053405762,11.321700096130371,34.96633105795816,0.0,1.9975999593734741,0.0005803499952889979,0.39419999718666077
1787559934.4121704,,,49.48999881744385,11.31760025024414,34.96528385030406,0.0,1.9975999593734741,0.0005748749827034771,0.36500000953674316
1787560084.769989,,,59.82999801635742,11.321999549865723,34.96521820522854,0.0,1.9975999593734741,0.0009836750105023384,0.40880000591278076
1787560235.3624268,,,70.97000122070312,11.324899673461914,34.966518086727035,0.0,2.088399887084961,0.0004963999963365495,0.38690000772476196
1787560385.8390198,,,84.94999885559082,11.313899993896484,34.96435938027129,0.0,1.9068000316619873,0.0003960249887313694,0.39419999718666077
1787560535.9927368,,,108.73000144958496,11.31659984588623,34.965283389173834,0.0,1.9975999593734741,0.0005420250236056745,0.37229999899864197
1787560686.4566345,,,133.07000160217285,11.31350040435791,34.96433241608867,0.0,1.9975999593734741,0.0008394999895244837,0.44530001282691956
1787560836.8030396,,,159.72000122070312,11.323100090026855,34.96303064487812,0.0,1.9975999593734741,0.0006259750225581229,0.357699990272522
1787565110.1862793,,,4.510000050067902,11.277600288391113,34.960463940695384,0.0,1.9975999593734741,0.000461724994238466,0.37959998846054077
1787565260.4044495,,,18.68000030517578,11.280699729919434,34.96039808427576,0.0,1.9975999593734741,0.0005237750010564923,0.37959998846054077
1787565410.8055725,,,34.730000495910645,11.270099639892578,34.96763175192854,0.0,1.9975999593734741,0.0004927500267513096,0.39419999718666077
1787565561.1460266,,,50.70000171661377,11.256199836730957,34.95479444463689,0.0,1.9975999593734741,0.0005365500110201538,0.40149998664855957
1787565711.3219604,,,71.22000217437744,11.25,34.954175670998026,0.0,1.9975999593734741,0.00045625001075677574,0.38690000772476196
1787565862.3116455,,,92.15999603271484,11.279399871826172,34.95645281292437,0.0,1.9975999593734741,0.00046720000682398677,0.37959998846054077
1787566012.6018372,,,112.03000068664551,11.291199684143066,34.95873274142191,0.0,1.9975999593734741,0.000509175006300211,0.39419999718666077
1787566162.6611328,,,133.59000205993652,11.29640007019043,34.96027836461029,0.0,1.9975999593734741,0.0004781500028911978,0.40880000591278076
1787567631.0,171.27768333333333,-45.47526666666666,,,,,,,
1787567647.0,171.27768333333333,-45.47526666666666,,,,,,,
1787567895.0,171.31839999999997,-45.414083333333345,,,,,,,
1787569899.8503418,,,4.280000030994415,11.26550006866455,34.957151305649234,0.0,1.9975999593734741,0.0005474999779835343,0.40880000591278076
1787570050.3259277,,,27.349998950958252,11.267999649047852,34.95833303052236,0.0,1.9975999593734741,0.0005493250209838152,0.38690000772476196
1787570200.5049133,,,46.44000053405762,11.266200065612793,34.95515749161625,0.0,1.9975999593734741,0.000531074998434633,0.38690000772476196
1787570350.6998901,,,61.23000144958496,11.255599975585938,34.95372855045711,0.0,1.9975999593734741,0.0005438500083982944,0.37229999899864197
1787570500.9787292,,,75.68999767303467,11.279399871826172,34.957551650725456,0.0,2.088399887084961,0.000576700025703758,0.40149998664855957
1787570651.2938538,,,90.06999969482422,11.2746000289917,34.95657754750967,0.0,1.9975999593734741,0.0005803499952889979,0.39419999718666077
1787570801.8279724,,,103.05000305175781,11.269599914550781,34.955628231293296,0.0,2.088399887084961,0.0005566250183619559,0.37959998846054077
1787570955.0116272,,,117.60000228881836,11.270000457763672,34.95471767331932,0.0,2.088399887084961,0.0006132000125944614,0.42340001463890076
1787571105.112854,,,129.56000328063965,11.273099899291992,34.95657892931872,0.0,2.088399887084961,0.0006916749989613891,0.37959998846054077
1787571266.8232117,,,140.93000411987305,11.28030014038086,34.95620479712793,0.0,2.088399887084961,0.0005000500241294503,0.38690000772476196
1787571417.0946045,,,153.6400032043457,11.284099578857422,34.95657764947448,0.0,2.088399887084961,0.000739125011023134,0.37959998846054077
1787571567.364624,,,163.92999649047852,11.289299964904785,34.95680302693836,0.0,2.088399887084961,0.0007500749779865146,0.38690000772476196
1787572697.9153137,171.28117500000002,-45.47339166666666,,,,,,,
1787574615.722412,,,4.650000035762787,11.267900466918945,34.95460860753783,0.0,1.9975999593734741,0.00039237499004229903,0.36500000953674316
1787574766.0081787,,,22.279999256134033,11.26990032196045,34.95433123271237,0.0,1.9975999593734741,0.00048180000158026814,0.36500000953674316
1787574916.474823,,,37.63000011444092,11.273200035095215,34.95494540324929,0.0,1.9975999593734741,0.0004781500028911978,0.35040000081062317
1787575066.70755,,,54.46000099182129,11.291399955749512,34.958837906826325,0.0,1.9975999593734741,0.0006113750278018415,0.37959998846054077
1787575216.9776306,,,71.77999973297119,11.281599998474121,34.96039055660191,0.0,1.9975999593734741,0.00043069999082945287,0.37229999899864197
1787575367.592926,,,92.20000267028809,11.284099578857422,34.954457815677884,0.0,1.9975999593734741,0.0006150249973870814,0.38690000772476196
1787575517.952423,,,108.94000053405762,11.282099723815918,34.95434881240535,0.0,1.9975999593734741,0.00047997498768381774,0.40149998664855957
1787578170.2358704,,,4.990000128746033,11.327199935913086,34.96251899720888,0.0,1.9975999593734741,0.0004927500267513096,0.37959998846054077
1787578320.9802856,,,23.81999969482422,11.307100296020508,34.95994432071281,0.0,1.9975999593734741,0.0004909249837510288,0.39419999718666077
1787578471.4701843,,,37.69000053405762,11.3125,34.958037799478724,0.0,1.9975999593734741,0.0004872750141657889,0.37229999899864197
1787578621.8171692,,,57.45999813079834,11.3056001663208,34.95841552674759,0.0,1.9975999593734741,0.0004635500081349164,0.357699990272522
1787578772.3735962,,,76.0200023651123,11.307499885559082,34.95586345882536,0.0,1.9975999593734741,0.0005292500136420131,0.37229999899864197
1787578922.5280457,,,94.56999778747559,11.310500144958496,34.95724311816277,0.0,2.088399887084961,0.0006040749722160399,0.40149998664855957
1787581924.5204773,,,4.210000038146973,11.34280014038086,34.960767161765986,0.0,2.088399887084961,0.0004963999963365495,0.41609999537467957
1787582074.9236755,,,19.7599995136261,11.34749984741211,34.96054926457834,0.0,2.088399887084961,0.0007993499748408794,0.39419999718666077
1787582225.1722412,,,34.27000045776367,11.349499702453613,34.9608839393741,0.0,1.9975999593734741,0.0006259750225581229,0.38690000772476196
1787582375.725647,,,50.320000648498535,11.3503999710083,34.96108262520498,0.0,1.9975999593734741,0.0009179749758914113,0.42340001463890076
1787582526.125,,,66.51999950408936,11.353400230407715,34.96190909576722,0.0,2.088399887084961,0.0007738000131212175,0.40880000591278076
1787582676.9271545,,,82.04000473022461,11.356399536132812,34.96086633411774,0.0,2.088399887084961,0.0006606500246562064,0.37229999899864197
1787582827.212738,,,99.44000244140625,11.35890007019043,34.961051868652525,0.0,2.088399887084961,0.0007592000183649361,0.40880000591278076
1787583936.3215942,,,4.4999998807907104,11.326700210571289,34.96073111663809,0.0,1.9975999593734741,0.0005383749958127737,0.44530001282691956
1787585924.2948303,,,4.480000138282776,11.306500434875488,34.95737604476485,0.0,1.9975999593734741,0.0004982249811291695,0.37229999899864197
1787586074.863922,,,23.369998931884766,11.31190013885498,34.957478055439225,0.0,1.9975999593734741,0.00042704999214038253,0.37959998846054077
1787586225.1879578,,,44.47000026702881,11.310500144958496,34.95719819607371,0.0,1.9975999593734741,0.0003996749874204397,0.357699990272522
1787586375.57312,,,66.18000030517578,11.310799598693848,34.955541818038306,0.0,1.9975999593734741,0.00037960000918246806,0.37229999899864197
1787586526.0247192,,,88.61000061035156,11.312199592590332,34.956404687089595,0.0,1.9975999593734741,0.0005438500083982944,0.38690000772476196
1787586676.3797913,,,106.30000114440918,11.323800086975098,34.95616971254411,0.0,2.088399887084961,0.0007208749884739518,0.40880000591278076
1787588168.0,171.31839999999997,-45.414083333333345,,,,,,,
1787588185.0,171.31839999999997,-45.414083333333345,,,,,,,
1787588424.0,171.3603333333333,-45.36885,,,,,,,
1787590691.1627502,,,4.239999949932098,11.267200469970703,34.95267366479046,0.0,1.9975999593734741,0.000509175006300211,0.40149998664855957
1787590841.8771057,,,22.239999771118164,11.271300315856934,34.951828848422856,0.0,1.9975999593734741,0.00043252500472590327,0.34310001134872437
1787590992.0780945,,,40.14999866485596,11.267900466918945,34.95209151900017,0.0,1.9975999593734741,0.00035222500446252525,0.40149998664855957
1787591142.8996582,,,59.790000915527344,11.278599739074707,34.95201596433152,0.0,1.9975999593734741,0.0004087999986950308,0.37229999899864197
1787591293.1753235,,,77.89000034332275,11.280599594116211,34.95195616087186,0.0,1.9975999593734741,0.0003960249887313694,0.37229999899864197
1787591443.9898376,,,96.33999824523926,11.282999992370605,34.95137260908547,0.0,1.9975999593734741,0.000532899983227253,0.40149998664855957
1787591594.2365112,,,118.90000343322754,11.286100387573242,34.95147819429296,0.0,1.9975999593734741,0.0005967749748378992,0.36500000953674316
1787592795.8399963,171.32106833333333,-45.41256333333334,,,,,,,
1787594698.0837097,,,4.5500001311302185,11.265399932861328,34.95215660780938,0.0,1.9975999593734741,0.0003887249913532287,0.357699990272522
1787594848.5989075,,,21.679999828338623,11.269399642944336,34.952493860480146,0.0,1.9068000316619873,0.00043799998820759356,0.39419999718666077
1787594998.9162292,,,43.369998931884766,11.260299682617188,34.95080894644155,0.0,1.9068000316619873,0.0003047749924007803,0.3138999938964844
1787595149.2496948,,,63.80000114440918,11.271100044250488,34.950585326134586,0.0,1.9975999593734741,0.00041974999476224184,0.34310001134872437
1787595299.637207,,,81.45999908447266,11.273900032043457,34.95056197712159,0.0,1.9975999593734741,0.0006077250000089407,0.35040000081062317
1787595450.0542297,,,98.83000373840332,11.277299880981445,34.950801866185394,0.0,1.9975999593734741,0.0004179250099696219,0.3357999920845032
1787595600.605835,,,117.56999969482422,11.281700134277344,34.950783947302035,0.0,2.088399887084961,0.0008559250272810459,0.357699990272522
1787598462.5776978,,,5.090000033378601,11.244400024414062,34.95028717642082,0.0,1.9975999593734741,0.00034309999318793416,0.40880000591278076
1787598613.0276184,,,28.559999465942383,11.249799728393555,34.94942956664311,0.0,1.9975999593734741,0.0004763249889947474,0.37959998846054077
1787598763.520813,,,50.72000026702881,11.26099967956543,34.94903861005475,0.0,1.9975999593734741,0.000509175006300211,0.36500000953674316
1787598913.8468933,,,67.29000091552734,11.271200180053711,34.9500211566788,0.0,1.9975999593734741,0.00040697501390241086,0.357699990272522
1787599064.136444,,,81.04999542236328,11.270099639892578,34.95047709392851,0.0,1.9975999593734741,0.0005201249732635915,0.357699990272522
1787599214.8158875,,,94.8900032043457,11.268199920654297,34.94967473814096,0.0,1.9975999593734741,0.0004343499895185232,0.35040000081062317
1787599365.1889038,,,117.13000297546387,11.273799896240234,34.949935255617504,0.0,1.9975999593734741,0.0005511500057764351,0.36500000953674316
1787602509.540863,,,5.0,11.235600471496582,34.94754762062577,0.0,1.9975999593734741,0.00034492500708438456,0.37229999899864197
1787602660.1421204,,,20.989999771118164,11.240799903869629,34.948152853160366,0.0,1.9975999593734741,0.000368650013115257,0.36500000953674316
1787602810.8269958,,,37.30999946594238,11.244000434875488,34.94792972222869,0.0,1.9975999593734741,0.0004526000120677054,0.357699990272522
1787602961.09906,,,55.83000183105469,11.246700286865234,34.947403715990525,0.0,1.9975999593734741,0.0005602749879471958,0.357699990272522
1787603111.532959,,,72.81000137329102,11.248100280761719,34.94791723830757,0.0,1.9975999593734741,0.0005274250288493931,0.34310001134872437
1787603261.7015686,,,89.80999946594238,11.246999740600586,34.94742292596097,0.0,1.9975999593734741,0.0004927500267513096,0.36500000953674316
1787603412.3994446,,,108.09000015258789,11.252699851989746,34.947464744916886,0.0,1.9975999593734741,0.0007665000157430768,0.357699990272522
1787606474.9646912,,,4.1999998688697815,11.238499641418457,34.94585088050276,0.0,1.9068000316619873,0.0003193749871570617,0.32120001316070557
1787606625.5756836,,,20.429999828338623,11.237500190734863,34.94626827441559,0.0,1.9975999593734741,0.0004160999960731715,0.40149998664855957
1787606776.355957,,,36.480000019073486,11.239399909973145,34.946010121385186,0.0,1.9068000316619873,0.00046720000682398677,0.45260000228881836
1787606926.6990662,,,53.400001525878906,11.241100311279297,34.946054507621824,0.0,1.9068000316619873,0.0005000500241294503,0.41609999537467957
1787607077.4016113,,,70.59999942779541,11.245100021362305,34.9455912655952,0.0,1.9975999593734741,0.0003540499892551452,0.32850000262260437
1787607227.9171753,,,89.70999717712402,11.248499870300293,34.94574601091058,0.0,1.9975999593734741,0.00037777499528601766,0.36500000953674316
1787607378.879364,,,110.62999725341797,11.251999855041504,34.945904592833635,0.0,1.9975999593734741,0.0005529749905690551,0.38690000772476196
1787610527.0,171.3603333333333,-45.36885,,,,,,,
1787610549.0,171.3603333333333,-45.36885,,,,,,,
1787610797.0,171.3889,-45.329833333333326,,,,,,,
1787610933.4195557,171.3622833333333,-45.36716833333333,,,,,,,
1787611031.3055725,,,4.699999988079071,11.282400131225586,34.945192546530926,0.0,1.9975999593734741,0.0003631750005297363,0.21899999678134918
1787611121.7882996,,,14.329999685287476,11.26039981842041,34.94515887744195,0.0,1.9068000316619873,0.0003066000062972307,0.2554999887943268
1787611212.1207886,,,23.78999948501587,11.253600120544434,34.94547887070157,0.0,1.9975999593734741,0.00041427501128055155,0.40149998664855957
1787611302.360321,,,33.2699990272522,11.258000373840332,34.944998751329805,0.0,1.9068000316619873,0.00037230001180432737,0.6424000263214111
1787611392.8181458,,,43.22000026702881,11.259499549865723,34.94487995179854,0.0,1.9068000316619873,0.0003047749924007803,0.40880000591278076
1787611482.89917,,,53.09000015258789,11.259400367736816,34.945321806049044,0.0,1.9068000316619873,0.00035222500446252525,0.36500000953674316
1787611573.1035461,,,62.709999084472656,11.25979995727539,34.94491012141806,0.0,1.9068000316619873,0.00037777499528601766,0.37959998846054077
1787611663.447235,,,72.65999794006348,11.257699966430664,34.945432023828424,0.0,1.9068000316619873,0.00037960000918246806,0.357699990272522
1787611753.8711853,,,83.36000442504883,11.259900093078613,34.94531714194294,0.0,1.9975999593734741,0.0004781500028911978,0.40880000591278076
1787611844.9976501,,,92.55999565124512,11.260899543762207,34.94463220055758,0.0,1.9068000316619873,0.00046720000682398677,0.36500000953674316
1787611935.3491821,,,103.50000381469727,11.260700225830078,34.94490490669578,0.0,1.9975999593734741,0.00041974999476224184,0.35040000081062317
1787612026.3302307,,,113.59999656677246,11.258099555969238,34.94584643535961,0.0,1.9975999593734741,0.0006004250026308,0.37229999899864197
1787612116.6398926,,,106.51000022888184,11.257200241088867,34.94568862771343,0.0,1.9975999593734741,0.0004763249889947474,0.36500000953674316
1787612206.9218445,,,94.91999626159668,11.259599685668945,34.944811748864105,0.0,1.9068000316619873,0.0006971500115469098,0.35040000081062317
1787612297.3078918,,,83.15999984741211,11.258099555969238,34.94502830215286,0.0,1.9975999593734741,0.0005164750036783516,0.43070000410079956
1787612387.7690125,,,70.65999984741211,11.259699821472168,34.945122788931286,0.0,1.9975999593734741,0.00037047499790787697,0.37959998846054077
1787612478.0507812,,,59.23999786376953,11.260600090026855,34.94520614059163,0.0,1.9068000316619873,0.00046537499292753637,0.5182999968528748
1787612568.3935242,,,47.30000019073486,11.260700225830078,34.944992238158356,0.0,1.9975999593734741,0.0005511500057764351,0.41609999537467957
1787612658.706665,,,35.350000858306885,11.260100364685059,34.944657749478914,0.0,1.9975999593734741,0.0003558750031515956,0.38690000772476196
1787612748.948822,,,24.820001125335693,11.257100105285645,34.944675108939016,0.0,1.9975999593734741,0.000312074989778921,0.3357999920845032
1787612839.3841858,,,13.109999895095825,11.262499809265137,34.94410894116793,0.0,1.9068000316619873,0.0003485750057734549,0.21170000731945038
1787612910.6593628,171.3626833333333,-45.36684666666667,,,,,,,
1787612934.8834534,,,4.320000112056732,11.302300453186035,34.944157903887714,0.0,1.9975999593734741,0.0003412750083953142,0.21170000731945038
1787613025.2856445,,,14.730000495910645,11.265800476074219,34.944622076019776,0.0,1.9068000316619873,0.000381424993975088,0.3138999938964844
1787613115.698761,,,24.630000591278076,11.262900352478027,34.945218084253554,0.0,1.9975999593734741,0.0004343499895185232,0.46720001101493835
1787613206.1117554,,,35.46000003814697,11.263099670410156,34.94523942293375,0.0,1.9975999593734741,0.00033762500970624387,0.5328999757766724
1787613296.625122,,,46.78999900817871,11.26159954071045,34.944964165637614,0.0,1.9975999593734741,0.00045442499686032534,0.38690000772476196
1787613387.0667725,,,60.57000160217285,11.263899803161621,34.94515590616068,0.0,1.9068000316619873,0.00035952500184066594,0.37229999899864197
1787613477.7346802,,,73.82999897003174,11.264300346374512,34.94490391504638,0.0,1.9068000316619873,0.0005420250236056745,0.39419999718666077
1787613568.039856,,,85.20000457763672,11.265800476074219,34.94545252945343,0.0,1.9975999593734741,0.00040332498610951006,0.43070000410079956
1787613658.4436035,,,98.10000419616699,11.26729965209961,34.94542264682211,0.0,1.9068000316619873,0.0003996749874204397,0.37229999899864197
1787613748.9989014,,,109.86000061035156,11.26550006866455,34.944962600552806,0.0,1.9975999593734741,0.0004252250073477626,0.40149998664855957
1787613839.7148743,,,109.35000419616699,11.26669979095459,34.94474822711389,0.0,1.9975999593734741,0.0007975249900482595,0.37959998846054077
1787613930.0005188,,,97.88999557495117,11.26710033416748,34.94520824951372,0.0,1.9975999593734741,0.0007007999811321497,0.36500000953674316
1787614020.4570618,,,86.89999580383301,11.263999938964844,34.9454092132305,0.0,1.9975999593734741,0.00042704999214038253,0.357699990272522
1787614110.9904785,,,77.23000049591064,11.271100044250488,34.945278400036585,0.0,1.9975999593734741,0.00039237499004229903,0.47450000047683716
1787614201.409546,,,67.65999794006348,11.26830005645752,34.94525775181365,0.0,1.9975999593734741,0.0008577500120736659,0.43070000410079956
1787614291.8328552,,,54.770002365112305,11.266400337219238,34.945478292414116,0.0,1.9975999593734741,0.0007190500036813319,0.37229999899864197
1787614382.3692017,,,42.769999504089355,11.268600463867188,34.945386652720785,0.0,1.9975999593734741,0.000461724994238466,0.39419999718666077
1787614472.8252869,,,33.15000057220459,11.276100158691406,34.94506263520333,0.0,1.9975999593734741,0.00037230001180432737,0.43070000410079956
1787614563.0664368,,,23.299999237060547,11.277899742126465,34.94578413861193,0.0,1.9975999593734741,0.0003631750005297363,0.34310001134872437
1787614653.399109,,,12.250000238418579,11.284199714660645,34.94506160340248,0.0,1.9068000316619873,0.0004872750141657889,0.21170000731945038
1787614743.8390808,,,4.810000061988831,11.303400039672852,34.945375562047104,0.0,1.9068000316619873,0.0004179250099696219,0.24819999933242798
1787614834.1440735,,,14.40000057220459,11.281599998474121,34.9464643055316,0.0,1.9068000316619873,0.0004106250125914812,0.262800008058548
1787614924.745514,,,26.32999897003174,11.279000282287598,34.94556688432767,0.0,1.9975999593734741,0.00045625001075677574,0.38690000772476196
1787615014.8731384,,,38.91000032424927,11.277199745178223,34.945312501475996,0.0,1.9068000316619873,0.00040697501390241086,0.44530001282691956
1787615105.9178162,,,50.300002098083496,11.271100044250488,34.945203541067194,0.0,1.9068000316619873,0.0004015000013168901,0.40149998664855957
1787615196.0229797,,,61.519999504089355,11.272500038146973,34.94541146661244,0.0,1.9975999593734741,0.0004233999934513122,0.40880000591278076
1787615286.2914124,,,73.8100004196167,11.275400161743164,34.94580535900459,0.0,1.9975999593734741,0.0003905500052496791,0.44530001282691956
1787615376.6246643,,,85.06999969482422,11.27560043334961,34.94545092156148,0.0,1.9975999593734741,0.00035222500446252525,0.37229999899864197
1787615466.8182678,,,95.98999977111816,11.277299880981445,34.945219700450025,0.0,1.9975999593734741,0.0004945750115439296,0.37959998846054077
1787615557.0820312,,,106.85000419616699,11.27400016784668,34.94688089389492,0.0,1.9975999593734741,0.0005894749774597585,0.37959998846054077
1787615647.4076843,,,111.0200023651123,11.275199890136719,34.94547544228125,0.0,1.9975999593734741,0.0005109999910928309,0.36500000953674316
1787615737.8816833,,,100.53000450134277,11.273900032043457,34.945327603676645,0.0,1.9975999593734741,0.000762849987950176,0.34310001134872437
1787615828.127594,,,89.67000007629395,11.27400016784668,34.9452134844102,0.0,1.9975999593734741,0.00047997498768381774,0.38690000772476196
1787615918.8019104,,,77.9099988937378,11.277099609375,34.945141042131624,0.0,1.9975999593734741,0.0004252250073477626,0.47450000047683716
1787616009.0770264,,,66.17000102996826,11.277299880981445,34.945730179850095,0.0,1.9068000316619873,0.000450774998171255,0.37959998846054077
1787616099.7459412,,,55.41999816894531,11.279999732971191,34.94579170944864,0.0,1.9975999593734741,0.0004160999960731715,0.42340001463890076
1787616189.952942,,,45.02999782562256,11.278800010681152,34.94542199273647,0.0,1.9975999593734741,0.0010092250304296613,0.46720001101493835
1787616280.2765808,,,32.860000133514404,11.27750015258789,34.94555262520354,0.0,1.9975999593734741,0.00038690000656060874,0.39419999718666077
1787616370.6279297,,,22.109999656677246,11.276700019836426,34.94566832911418,0.0,1.9068000316619873,0.0004343499895185232,0.32850000262260437
1787616461.0973816,,,11.679999828338623,11.279399871826172,34.945602493440965,0.0,1.9975999593734741,0.0005128249758854508,0.24819999933242798
1787616556.7137756,,,4.740000069141388,11.294300079345703,34.9450069676572,0.0,1.9068000316619873,0.0003212000010535121,0.22630000114440918
1787616647.0839844,,,14.980000257492065,11.284099578857422,34.94611726315661,0.0,1.9975999593734741,0.0003905500052496791,0.2992999851703644
1787616737.7270813,,,27.019999027252197,11.284700393676758,34.945809026481705,0.0,1.9068000316619873,0.0003631750005297363,0.39419999718666077
1787616828.026001,,,38.68000030517578,11.28380012512207,34.945707330126076,0.0,1.9068000316619873,0.00033214999712072313,0.42340001463890076
1787616918.4425354,,,50.51000118255615,11.281900405883789,34.94539028704579,0.0,1.9975999593734741,0.00038690000656060874,0.38690000772476196
1787617009.0681458,,,62.95000076293945,11.287099838256836,34.94671097929477,0.0,1.9975999593734741,0.0004087999986950308,0.38690000772476196
1787617099.734558,,,74.80000019073486,11.288299560546875,34.94643155150816,0.0,1.9975999593734741,0.0004015000013168901,0.34310001134872437
1787617190.0342712,,,85.60000419616699,11.28689956665039,34.94690817559711,0.0,1.9975999593734741,0.0006205000099726021,0.44530001282691956
1787617280.7288513,,,97.39999771118164,11.291299819946289,34.9463054980254,0.0,1.9975999593734741,0.0003978500026278198,0.41609999537467957
1787617371.2792053,,,108.95000457763672,11.286199569702148,34.94589358400433,0.0,1.9975999593734741,0.0005803499952889979,0.40149998664855957
1787617461.770813,,,107.39999771118164,11.286299705505371,34.94619111504994,0.0,1.9975999593734741,0.0004343499895185232,0.34310001134872437
1787617552.0440063,,,95.74000358581543,11.292499542236328,34.94670081604366,0.0,1.9975999593734741,0.0007610250031575561,0.36500000953674316
1787617642.4765625,,,85.38000106811523,11.29259967803955,34.946265603271264,0.0,1.9975999593734741,0.0006059000152163208,0.357699990272522
1787617733.021576,,,75.47999858856201,11.290300369262695,34.94661357847358,0.0,1.9975999593734741,0.00043252500472590327,0.37959998846054077
1787617823.4155273,,,65.89000225067139,11.288599967956543,34.94635510416909,0.0,1.9975999593734741,0.000312074989778921,0.37959998846054077
1787617913.8347473,,,55.64000129699707,11.28909969329834,34.94649479204243,0.0,1.9975999593734741,0.00032484999974258244,0.37229999899864197
1787618004.371521,,,45.949997901916504,11.28689956665039,34.94626362161829,0.0,1.9068000316619873,0.0005255999858491123,0.44530001282691956
1787618094.7879639,,,35.69999933242798,11.284799575805664,34.946591160190124,0.0,1.9068000316619873,0.0005274250288493931,0.357699990272522
1787618185.2831726,,,25.62999963760376,11.287199974060059,34.946442418418584,0.0,1.9068000316619873,0.0003212000010535121,0.37959998846054077
1787618275.7539978,,,15.019999742507935,11.286800384521484,34.94582156146037,0.0,1.9975999593734741,0.00031572498846799135,0.43070000410079956
1787618366.0491333,,,4.749999940395355,11.30150032043457,34.94611355861512,0.0,1.9975999593734741,0.000461724994238466,0.32120001316070557
1787618456.3121643,,,10.099999904632568,11.295999526977539,34.94535704752667,0.0,1.9068000316619873,0.00037960000918246806,0.46720001101493835
1787618546.7600403,,,19.65999960899353,11.290499687194824,34.946585110360175,0.0,1.9975999593734741,0.000381424993975088,0.37959998846054077
1787618636.9606934,,,29.94999885559082,11.286299705505371,34.94665291593518,0.0,1.9975999593734741,0.0004909249837510288,0.49639999866485596
1787618727.4736328,,,40.65000057220459,11.289799690246582,34.94618360291379,0.0,1.9068000316619873,0.00041427501128055155,0.47450000047683716
1787618817.8993835,,,50.59000015258789,11.290900230407715,34.94674786236789,0.0,1.9068000316619873,0.0003832500078715384,0.40149998664855957
1787618908.4045105,,,60.71000099182129,11.291500091552734,34.9463177636063,0.0,1.9068000316619873,0.0003558750031515956,0.37959998846054077
1787618998.7598877,,,71.68000221252441,11.292799949645996,34.94653453016302,0.0,1.9975999593734741,0.00033397501101717353,0.45260000228881836
1787619088.915985,,,83.28000068664551,11.2947998046875,34.94620988222967,0.0,1.9068000316619873,0.0003905500052496791,0.40880000591278076
1787619179.201233,,,95.4800033569336,11.298399925231934,34.94658163012164,0.0,1.9975999593734741,0.0006040749722160399,0.37229999899864197
1787619269.3250732,,,107.62999534606934,11.298999786376953,34.94704921657439,0.0,1.9975999593734741,0.0005931250052526593,0.36500000953674316
1787619359.7591553,,,107.6200008392334,11.29889965057373,34.94665189801319,0.0,1.9975999593734741,0.0003978500026278198,0.357699990272522
1787619450.3719177,,,97.79000282287598,11.298299789428711,34.947234013776104,0.0,1.9975999593734741,0.00041427501128055155,0.44530001282691956
1787619541.0290527,,,85.93999862670898,11.298600196838379,34.94687559798442,0.0,1.9975999593734741,0.0003905500052496791,0.39419999718666077
1787619631.4509277,,,74.23999786376953,11.297300338745117,34.947178926647425,0.0,1.9975999593734741,0.0004890999989584088,0.39419999718666077
1787619721.9746704,,,62.64999866485596,11.29520034790039,34.946705247569206,0.0,1.9975999593734741,0.0004361750034149736,0.43799999356269836
1787619812.4871826,,,53.02999973297119,11.29419994354248,34.94719154977051,0.0,1.9975999593734741,0.0008413249743171036,0.37229999899864197
1787619903.0436401,,,39.56000089645386,11.295000076293945,34.947000582227126,0.0,1.9975999593734741,0.0006989749963395298,0.37229999899864197
1787619993.4858398,,,26.25999927520752,11.290599822998047,34.94571625117176,0.0,1.9975999593734741,0.0005840000230818987,0.3357999920845032
1787620083.8797607,,,11.87999963760376,11.292699813842773,34.94570280148236,0.0,1.9975999593734741,0.0003613499866332859,0.21899999678134918
1787620174.3147888,,,5.170000195503235,11.319199562072754,34.945714079436414,0.0,1.9068000316619873,0.00031572498846799135,0.21899999678134918
1787620264.8243713,,,15.789999961853027,11.290800094604492,34.946447208129925,0.0,1.9068000316619873,0.0003978500026278198,0.2847000062465668
1787620355.2499695,,,25.68000078201294,11.288599967956543,34.945290649898475,0.0,1.9975999593734741,0.0003832500078715384,0.40880000591278076
1787620445.475769,,,36.19999885559082,11.289199829101562,34.94626467182752,0.0,1.9975999593734741,0.00035222500446252525,0.44530001282691956
1787620536.202179,,,49.27999973297119,11.293899536132812,34.94538159582659,0.0,1.9068000316619873,0.00033579999580979347,0.41609999537467957
1787620626.5012512,,,61.95000171661377,11.29580020904541,34.94585534780864,0.0,1.9975999593734741,0.00039237499004229903,0.41609999537467957
1787620717.0488586,,,72.67000198364258,11.296600341796875,34.946658037164426,0.0,1.9975999593734741,0.000381424993975088,0.39419999718666077
1787620807.455902,,,82.8600025177002,11.298600196838379,34.94686116780861,0.0,1.9975999593734741,0.0003668249992188066,0.60589998960495
1787620897.860321,,,94.56999778747559,11.30109977722168,34.94651207994282,0.0,1.9975999593734741,0.0003412750083953142,0.36500000953674316
1787620988.2904358,,,106.89999580383301,11.30370044708252,34.946488190768406,0.0,1.9975999593734741,0.0005255999858491123,0.5620999932289124
1787621078.7311096,,,108.71999740600586,11.304200172424316,34.9464953431876,0.0,1.9975999593734741,0.0005584500031545758,0.35040000081062317
1787621169.017395,,,98.29999923706055,11.300999641418457,34.94643215071444,0.0,1.9975999593734741,0.0005018750089220703,0.42340001463890076
1787621259.6633606,,,88.15999984741211,11.297599792480469,34.945941814025375,0.0,1.9975999593734741,0.0003668249992188066,0.37959998846054077
1787621349.9547424,,,77.82000064849854,11.29640007019043,34.94593727112096,0.0,1.9975999593734741,0.0006496999994851649,0.37229999899864197
1787621440.3829346,,,67.58999824523926,11.295499801635742,34.946298489785526,0.0,1.9975999593734741,0.0007957000052556396,0.36500000953674316
1787621530.8735046,,,57.04999923706055,11.291899681091309,34.94628544140709,0.0,1.9068000316619873,0.0004233999934513122,0.39419999718666077
1787621620.9857178,,,46.11000061035156,11.299300193786621,34.94594730188529,0.0,1.9975999593734741,0.00037960000918246806,0.37959998846054077
1787621711.6593018,,,35.989999771118164,11.296500205993652,34.94807089315726,0.0,2.088399887084961,0.00045442499686032534,0.40880000591278076
1787621801.9205322,,,26.019999980926514,11.299699783325195,34.94652239594809,0.0,1.9068000316619873,0.0002938249963335693,0.43070000410079956
1787621892.2445984,,,15.859999656677246,11.296099662780762,34.94565623599184,0.0,1.9975999593734741,0.0003193749871570617,0.35040000081062317
1787621982.7705688,,,4.410000145435333,11.358099937438965,34.94775599471959,0.0,1.9068000316619873,0.0003394499944988638,0.2554999887943268
1787622073.0405884,,,11.480000019073486,11.314000129699707,34.94602906282413,0.0,1.9068000316619873,0.0004179250099696219,0.32120001316070557
1787622163.8188782,,,22.090001106262207,11.306900024414062,34.9466156129695,0.0,1.9975999593734741,0.0003066000062972307,0.39419999718666077
1787622254.346283,,,32.6200008392334,11.305800437927246,34.94542358334482,0.0,1.9975999593734741,0.0006898500141687691,0.39419999718666077
1787622344.663086,,,44.27000045776367,11.298299789428711,34.94603212654863,0.0,1.9975999593734741,0.0005164750036783516,0.39419999718666077
1787622434.8545227,,,54.8799991607666,11.298299789428711,34.94604945168873,0.0,1.9975999593734741,0.0004361750034149736,0.39419999718666077
1787622525.2327576,,,63.979997634887695,11.299500465393066,34.946301967200796,0.0,1.9975999593734741,0.00043069999082945287,0.41609999537467957
1787622615.92276,,,73.53000164031982,11.30150032043457,34.94619209817801,0.0,1.9068000316619873,0.0003759500104933977,0.42340001463890076
1787622706.190216,,,84.82999801635742,11.305700302124023,34.946097404005954,0.0,1.9975999593734741,0.0003960249887313694,0.36500000953674316
1787622796.3930054,,,96.09999656677246,11.306500434875488,34.9464656802755,0.0,1.9975999593734741,0.00038507499266415834,0.36500000953674316
1787622886.5525513,,,106.82000160217285,11.305100440979004,34.94688556011862,0.0,1.9975999593734741,0.0004179250099696219,0.38690000772476196
1787622977.1601868,,,108.42000007629395,11.306500434875488,34.945638588819406,0.0,1.9975999593734741,0.0003960249887313694,0.42340001463890076
1787623067.460266,,,96.19000434875488,11.3056001663208,34.946583502010036,0.0,1.9975999593734741,0.0005219500162638724,0.40149998664855957
1787623157.8796387,,,84.82999801635742,11.306300163269043,34.94612485057961,0.0,1.9975999593734741,0.00045625001075677574,0.43070000410079956
1787623248.2885437,,,75.15999794006348,11.305399894714355,34.94603507538022,0.0,1.9975999593734741,0.0005237750010564923,0.39419999718666077
1787623338.547577,,,64.86000061035156,11.306699752807617,34.94751703054504,0.0,1.9975999593734741,0.0003631750005297363,0.37959998846054077
1787623429.138794,,,54.8799991607666,11.307900428771973,34.94637456275949,0.0,1.9975999593734741,0.00040332498610951006,0.40880000591278076
1787623519.6617432,,,44.26000118255615,11.304499626159668,34.946707005688395,0.0,1.9975999593734741,0.00037777499528601766,0.43070000410079956
1787623610.2254944,,,33.88000011444092,11.308899879455566,34.946484473166976,0.0,1.9975999593734741,0.0005420250236056745,0.40880000591278076
1787623700.4359741,,,23.09000015258789,11.31089973449707,34.946145940484676,0.0,1.9975999593734741,0.00040332498610951006,0.3357999920845032
1787623790.9219055,,,12.84999966621399,11.355299949645996,34.94672814743502,0.0,1.9068000316619873,0.0003029500076081604,0.22630000114440918
1787623897.4473572,,,4.280000030994415,11.373499870300293,34.948387223828625,0.0,2.088399887084961,0.000288350012851879,0.19709999859333038
1787623987.8476562,,,15.219999551773071,11.320599555969238,34.94771850601582,0.0,1.9975999593734741,0.0003996749874204397,0.30660000443458557
1787624078.2436218,,,26.019999980926514,11.318300247192383,34.947044859105134,0.0,1.9068000316619873,0.00030842499108985066,0.39419999718666077
1787624168.776184,,,37.46000051498413,11.31149959564209,34.94728102996438,0.0,1.9975999593734741,0.0004087999986950308,0.48179998993873596
1787624259.2150574,,,49.26000118255615,11.309800148010254,34.947086182658936,0.0,1.9975999593734741,0.00035952500184066594,0.41609999537467957
1787624349.7721558,,,60.60999870300293,11.310799598693848,34.9471161416565,0.0,1.9975999593734741,0.00042157500865869224,0.38690000772476196
1787624440.2301636,,,71.62000179290771,11.313300132751465,34.94756749826152,0.0,1.9068000316619873,0.00043799998820759356,0.37229999899864197
1787624530.8084106,,,81.6100025177002,11.313400268554688,34.94707988202855,0.0,1.9975999593734741,0.0003887249913532287,0.38690000772476196
1787624621.359558,,,91.21000289916992,11.314399719238281,34.947009334989346,0.0,1.9975999593734741,0.0004179250099696219,0.39419999718666077
1787624711.882019,,,101.70999526977539,11.316900253295898,34.947002667504336,0.0,1.9975999593734741,0.00044712499948218465,0.35040000081062317
1787624802.3061523,,,111.85999870300293,11.31879997253418,34.947426409137414,0.0,1.9975999593734741,0.000507350021507591,0.47450000047683716
1787624892.9689636,,,103.88999938964844,11.318599700927734,34.947000905971755,0.0,2.088399887084961,0.0004416499868966639,0.41609999537467957
1787624983.3851318,,,92.04999923706055,11.319600105285645,34.94696296963823,0.0,1.9975999593734741,0.0006551750120706856,0.38690000772476196
1787625073.921814,,,80.93999862670898,11.318499565124512,34.94710969705,0.0,1.9975999593734741,0.0005420250236056745,0.525600016117096
1787625164.3301392,,,70.14999866485596,11.31779956817627,34.94752985674736,0.0,1.9975999593734741,0.0005566250183619559,0.42340001463890076
1787625254.9862976,,,57.890000343322754,11.317099571228027,34.94721968153435,0.0,1.9975999593734741,0.0004233999934513122,0.48179998993873596
1787625345.4013062,,,46.27999782562256,11.316399574279785,34.94791473981279,0.0,1.9975999593734741,0.00038507499266415834,0.42340001463890076
1787625435.8189087,,,33.959999084472656,11.316900253295898,34.947395791464224,0.0,1.9975999593734741,0.00037960000918246806,0.44530001282691956
1787625526.375885,,,23.020000457763672,11.315099716186523,34.94785147810281,0.0,1.9068000316619873,0.00037047499790787697,0.34310001134872437
1787625616.5663452,,,11.660000085830688,11.365400314331055,34.948991063729565,0.0,1.9975999593734741,0.00035769998794421554,0.35040000081062317
1787625706.825348,,,4.359999895095825,11.400899887084961,34.94626907158153,0.0,1.9068000316619873,0.0003631750005297363,0.20440000295639038
1787625796.908783,,,15.360000133514404,11.361700057983398,34.94965253680144,0.0,1.9975999593734741,0.00044712499948218465,0.357699990272522
1787625887.2340393,,,26.719999313354492,11.329999923706055,34.94883190883487,0.0,1.9975999593734741,0.00039420000393874943,0.47450000047683716
1787625977.4515076,,,37.96000003814697,11.327899932861328,34.94956216272454,0.0,1.9975999593734741,0.0003741249965969473,0.48179998993873596
1787626067.8533325,,,49.43999767303467,11.32960033416748,34.94876863186258,0.0,1.9975999593734741,0.00037230001180432737,0.42340001463890076
1787626158.18927,,,60.47999858856201,11.325400352478027,34.9484104028326,0.0,1.9975999593734741,0.00042704999214038253,0.40149998664855957
1787626248.399353,,,71.99999809265137,11.32349967956543,34.947747555207194,0.0,1.9975999593734741,0.000381424993975088,0.40149998664855957
1787626338.4825134,,,82.82999992370605,11.3233003616333,34.947665999169494,0.0,1.9975999593734741,0.00047450000420212746,0.38690000772476196
1787626429.106018,,,93.64999771118164,11.324999809265137,34.94817377247302,0.0,1.9975999593734741,0.0004580749955493957,0.38690000772476196
1787626519.3551636,,,107.8499984741211,11.326800346374512,34.94738246827916,0.0,1.9975999593734741,0.0003996749874204397,0.39419999718666077
1787626609.7363892,,,107.04999923706055,11.324600219726562,34.947541963631906,0.0,1.9975999593734741,0.0006424000021070242,0.357699990272522
1787626700.1396484,,,94.79000091552734,11.328399658203125,34.948609601247966,0.0,1.9975999593734741,0.0006916749989613891,0.40149998664855957
1787626790.758484,,,84.60000038146973,11.325300216674805,34.94815440114931,0.0,1.9975999593734741,0.00034492500708438456,0.525600016117096
1787626881.116211,,,74.60999965667725,11.324000358581543,34.94819142679421,0.0,1.9975999593734741,0.00046537499292753637,0.37229999899864197
1787626971.4394836,,,63.439998626708984,11.325300216674805,34.94827579885373,0.0,1.9975999593734741,0.00037777499528601766,0.40149998664855957
1787627061.9378357,,,51.19999885559082,11.331999778747559,34.94789007856842,0.0,1.9975999593734741,0.0005146500188857317,0.39419999718666077
1787627152.398529,,,39.630000591278076,11.333200454711914,34.94914631807684,0.0,1.9975999593734741,0.00045442499686032534,0.46720001101493835
1787627242.936737,,,29.040000438690186,11.338000297546387,34.949632209420564,0.0,1.9975999593734741,0.00044895001337863505,0.46720001101493835
1787627333.5476074,,,18.140000104904175,11.344799995422363,34.94747012149677,0.0,1.9068000316619873,0.0006405750173144042,0.35040000081062317
1787627424.0891418,,,7.400000095367432,11.371500015258789,34.94918279633937,0.0,1.9975999593734741,0.00040332498610951006,0.2554999887943268
1787627514.4334412,,,7.81000018119812,11.372900009155273,34.948563257068926,0.0,1.9975999593734741,0.0004361750034149736,0.357699990272522
1787627604.844574,,,19.34000015258789,11.336000442504883,34.949226410670924,0.0,1.9975999593734741,0.0004982249811291695,0.38690000772476196
1787627695.3506165,,,30.729999542236328,11.343999862670898,34.94953457644205,0.0,1.9068000316619873,0.00035952500184066594,0.42340001463890076
1787627785.9178467,,,42.069997787475586,11.332599639892578,34.94902187948866,0.0,1.9975999593734741,0.00041244999738410115,0.43799999356269836
1787627876.4543152,,,52.09000110626221,11.335100173950195,34.948915985684685,0.0,1.9975999593734741,0.00038507499266415834,0.37229999899864197
1787627967.0806885,,,62.48000144958496,11.34220027923584,34.94954386593904,0.0,1.9068000316619873,0.0003905500052496791,0.45260000228881836
1787628057.5447083,,,74.0999984741211,11.337699890136719,34.94941741980934,0.0,1.9975999593734741,0.0005529749905690551,0.43070000410079956
1787628148.1715698,,,84.37999725341797,11.338899612426758,34.94905037938101,0.0,1.9975999593734741,0.00032484999974258244,0.357699990272522
1787628238.5010986,,,97.53000259399414,11.34000015258789,34.949482798396566,0.0,1.9975999593734741,0.00044712499948218465,0.42340001463890076
1787628329.1138,,,111.92000389099121,11.337900161743164,34.94893394240608,0.0,1.9975999593734741,0.000381424993975088,0.36500000953674316
1787628419.3904724,,,105.17999649047852,11.335399627685547,34.948651332539974,0.0,1.9975999593734741,0.00043252500472590327,0.42340001463890076
1787628510.1809387,,,90.62000274658203,11.342100143432617,34.94948144857938,0.0,1.9975999593734741,0.0003905500052496791,0.36500000953674316
1787628600.4716797,,,79.60000038146973,11.339200019836426,34.949211460135,0.0,1.9975999593734741,0.0005474999779835343,0.42340001463890076
1787628690.9005127,,,69.80000019073486,11.339200019836426,34.949318614540196,0.0,1.9975999593734741,0.0004361750034149736,0.42340001463890076
1787628781.436676,,,58.470001220703125,11.338399887084961,34.94987967417401,0.0,1.9975999593734741,0.0009325750288553536,0.37229999899864197
1787628872.0889282,,,47.069997787475586,11.338700294494629,34.94943280579221,0.0,1.9975999593734741,0.0005255999858491123,0.5694000124931335
1787628962.296875,,,36.610000133514404,11.337300300598145,34.949883190650525,0.0,1.9975999593734741,0.0003558750031515956,0.39419999718666077
1787629052.8408203,,,26.17000102996826,11.338500022888184,34.94945233584081,0.0,2.2699999809265137,0.0003960249887313694,0.39419999718666077
1787629143.356781,,,15.399999618530273,11.355999946594238,34.9514684724954,0.0,1.815999984741211,0.00027557500288821757,0.36500000953674316
1787629233.855957,,,4.659999907016754,11.371899604797363,34.949733686270434,0.0,1.9975999593734741,0.00033762500970624387,0.30660000443458557
1787629324.2859192,,,11.820000410079956,11.367600440979004,34.94842004088271,0.0,1.9068000316619873,0.0005182999884709716,0.34310001134872437
1787629414.4780884,,,23.340001106262207,11.347000122070312,34.950196533633644,0.0,1.9068000316619873,0.0002609750081319362,0.357699990272522
1787629504.8617249,,,34.90999937057495,11.337699890136719,34.950463534081294,0.0,1.9975999593734741,0.00033214999712072313,0.43070000410079956
1787629595.4344177,,,46.690001487731934,11.337800025939941,34.950654607141736,0.0,1.9975999593734741,0.00033762500970624387,0.37959998846054077
1787629685.8346252,,,59.36999797821045,11.338500022888184,34.95007786683766,0.0,1.9975999593734741,0.0003741249965969473,0.38690000772476196
1787629776.275055,,,73.69999885559082,11.339300155639648,34.95015948069908,0.0,1.9975999593734741,0.00041427501128055155,0.5109999775886536
1787629866.9097595,,,84.86000061035156,11.340399742126465,34.95028899104192,0.0,1.9975999593734741,0.00043252500472590327,0.45260000228881836
1787629957.42807,,,95.55000305175781,11.340900421142578,34.94901773611743,0.0,1.9975999593734741,0.000461724994238466,0.38690000772476196
1787630048.201538,,,106.70999526977539,11.344099998474121,34.94904628044718,0.0,1.9975999593734741,0.00043799998820759356,0.36500000953674316
1787630138.775238,,,109.40999984741211,11.34160041809082,34.949617255498,0.0,2.088399887084961,0.0004872750141657889,0.34310001134872437
1787630229.115509,,,98.05000305175781,11.341500282287598,34.94931890270428,0.0,1.9975999593734741,0.0005821749800816178,0.43070000410079956
1787630319.4458618,,,87.8600025177002,11.341500282287598,34.9502892172922,0.0,1.9975999593734741,0.0004909249837510288,0.47450000047683716
1787630410.0761719,,,78.73000144958496,11.340900421142578,34.94947485351238,0.0,1.9975999593734741,0.0005894749774597585,0.38690000772476196
1787630500.3194275,,,65.43000221252441,11.33899974822998,34.9499718090977,0.0,1.9975999593734741,0.00048180000158026814,0.38690000772476196
1787630590.8435364,,,54.20000076293945,11.34179973602295,34.95044870678516,0.0,1.9975999593734741,0.00038690000656060874,0.40880000591278076
1787630681.171875,,,43.15999984741211,11.338299751281738,34.95126253765308,0.0,1.9975999593734741,0.00035222500446252525,0.37959998846054077
1787630771.4430542,,,32.09000110626221,11.35099983215332,34.95339712381508,0.0,1.9068000316619873,0.0003485750057734549,0.43799999356269836
1787630861.8891602,,,20.780000686645508,11.357500076293945,34.95090918297695,0.0,1.9068000316619873,0.00042704999214038253,0.40149998664855957
1787630952.2843933,,,9.729999899864197,11.379199981689453,34.95441964523275,0.0,1.9068000316619873,0.0003467499918770045,0.40880000591278076
1787631042.8268433,,,6.570000052452087,11.400300025939941,34.946738489104916,0.0,1.9068000316619873,0.00032484999974258244,0.41609999537467957
1787631133.3392944,,,4.8899999260902405,11.397000312805176,34.95269741539151,0.0,1.9068000316619873,0.0003047749924007803,0.48179998993873596
1787631264.1156006,171.38877333333338,-45.33007333333333,,,,,,,
1787631355.2764282,171.38889999999998,-45.32983833333334,,,,,,,
1787631450.0,171.3889,-45.329833333333326,,,,,,,
1787631463.0,171.3889,-45.329833333333326,,,,,,,
1787631920.0,171.41260000000003,-45.29581666666667,,,,,,,
1787633941.9086304,,,4.650000035762787,11.41100025177002,34.95479650818683,0.0,1.9068000316619873,0.00029747499502263963,0.43070000410079956
1787634092.3684998,,,20.61000108718872,11.407299995422363,34.95462845494023,0.0,1.9068000316619873,0.00029747499502263963,0.40149998664855957
1787634242.7332458,,,38.510000705718994,11.378899574279785,34.95342389045068,0.0,1.9975999593734741,0.00038507499266415834,0.42340001463890076
1787634393.219452,,,58.10999870300293,11.358699798583984,34.95271027593968,0.0,1.9975999593734741,0.00047267499030567706,0.43070000410079956
1787634543.6307373,,,78.95999908447266,11.356900215148926,34.95215137906605,0.0,1.9975999593734741,0.00033762500970624387,0.40149998664855957
1787634693.8137817,,,99.16999816894531,11.358799934387207,34.95046758582531,0.0,1.9975999593734741,0.00040515000000596046,0.42340001463890076
1787635739.9115906,171.39000000000001,-45.327673333333344,,,,,,,
1787637564.0876465,,,4.5899999141693115,11.431099891662598,34.9562793604004,0.0,1.9068000316619873,0.0002938249963335693,0.36500000953674316
1787637714.4291382,,,23.499999046325684,11.40939998626709,34.95530670404955,0.0,1.9975999593734741,0.000312074989778921,0.357699990272522
1787637864.9977417,,,42.52999782562256,11.397299766540527,34.953414887780454,0.0,1.9975999593734741,0.0003613499866332859,0.39419999718666077
1787638015.6839905,,,61.040000915527344,11.390000343322754,34.95405016754724,0.0,1.9975999593734741,0.0003960249887313694,0.357699990272522
1787638166.379242,,,79.84000205993652,11.3818998336792,34.95334319969345,0.0,1.9975999593734741,0.000368650013115257,0.38690000772476196
1787638316.732727,,,97.37000465393066,11.366700172424316,34.95220667953409,0.0,1.9975999593734741,0.0004599000094458461,0.40149998664855957
1787641076.5758972,,,4.639999866485596,11.399100303649902,34.95428682882946,0.0,1.9975999593734741,0.000312074989778921,0.42340001463890076
1787641226.7919312,,,23.910000324249268,11.392600059509277,34.95469790539007,0.0,1.9975999593734741,0.00033762500970624387,0.40149998664855957
1787641377.352356,,,43.89999866485596,11.394000053405762,34.95444343821686,0.0,1.9975999593734741,0.0003650000144261867,0.40149998664855957
1787641527.9062805,,,66.0200023651123,11.39050006866455,34.95452513466197,0.0,1.9975999593734741,0.00042157500865869224,0.37229999899864197
1787641678.2950745,,,84.07999992370605,11.390000343322754,34.95408301008442,0.0,1.9975999593734741,0.0004599000094458461,0.39419999718666077
1787641828.5495605,,,104.60000038146973,11.390399932861328,34.954377552072906,0.0,1.9975999593734741,0.0005237750010564923,0.37959998846054077
1787644642.96521,,,4.510000050067902,11.43809986114502,34.9529521820539,0.0,1.9068000316619873,0.00029930000891909003,0.38690000772476196
1787644793.4084778,,,22.56999969482422,11.394000053405762,34.952681211663496,0.0,1.9068000316619873,0.00029200001154094934,0.37229999899864197
1787644943.6725159,,,40.209999084472656,11.366999626159668,34.953039037218225,0.0,1.9975999593734741,0.0003467499918770045,0.37959998846054077
1787645094.0116577,,,58.59000205993652,11.361000061035156,34.95438054382095,0.0,1.9975999593734741,0.0005347250262275338,0.40880000591278076
1787645244.466919,,,78.5699987411499,11.359199523925781,34.954905055089284,0.0,1.9975999593734741,0.0004580749955493957,0.48910000920295715
1787645395.1568604,,,98.55999946594238,11.362700462341309,34.95447552423501,0.0,1.9975999593734741,0.00040515000000596046,0.37959998846054077
1787648236.2495422,,,4.799999892711639,11.401399612426758,34.95421650733158,0.0,1.9068000316619873,0.0003139000036753714,0.357699990272522
1787648386.5798035,,,20.179998874664307,11.370100021362305,34.95430197782134,0.0,1.9068000316619873,0.00026462500682100654,0.38690000772476196
1787648537.1412659,,,36.38999938964844,11.350199699401855,34.953619794609565,0.0,1.9068000316619873,0.0003412750083953142,0.43799999356269836
1787648687.623108,,,53.499999046325684,11.348600387573242,34.9534377517989,0.0,1.9068000316619873,0.00035769998794421554,0.37959998846054077
1787648838.1500244,,,71.83000087738037,11.347900390625,34.953848300995446,0.0,1.9975999593734741,0.00043799998820759356,0.43070000410079956
1787648988.6436768,,,91.18000030517578,11.332099914550781,34.95355245912758,0.0,1.9975999593734741,0.0004343499895185232,0.37959998846054077
1787649138.90271,,,109.96000289916992,11.330699920654297,34.9526614311436,0.0,2.088399887084961,0.0007172250188887119,0.39419999718666077
1787651934.2869263,,,4.4999998807907104,11.430899620056152,34.95700256609037,0.0,1.9068000316619873,0.00033397501101717353,0.357699990272522
1787652084.914032,,,20.02000093460083,11.379599571228027,34.95280430681308,0.0,1.9068000316619873,0.00020804999803658575,0.34310001134872437
1787652235.4186707,,,36.28000020980835,11.358699798583984,34.950966107227245,0.0,1.9068000316619873,0.0002463750133756548,0.32120001316070557
1787652385.6264343,,,52.750000953674316,11.316200256347656,34.94987527352632,0.0,1.9068000316619873,0.00023725000210106373,0.3357999920845032
1787652535.9363403,,,69.40999984741211,11.315299987792969,34.95141931842981,0.0,1.9068000316619873,0.00029930000891909003,0.37229999899864197
1787652686.3868103,,,86.40999794006348,11.319199562072754,34.951840519028636,0.0,1.9975999593734741,0.000381424993975088,0.357699990272522
1787653585.0,171.41260000000003,-45.29581666666667,,,,,,,
1787653593.0,171.41260000000003,-45.29581666666667,,,,,,,
1787653852.0,171.4299833333333,-45.263616666666664,,,,,,,
1787655936.1004639,,,4.659999907016754,11.439800262451172,34.95325470891018,0.0,1.9975999593734741,0.0002956500102300197,0.40880000591278076
1787656086.6925354,,,20.62000036239624,11.374099731445312,34.952396185111326,0.0,1.9068000316619873,0.00021899999410379678,0.34310001134872437
1787656236.903656,,,40.04000186920166,11.329299926757812,34.95117338920962,0.0,1.9068000316619873,0.0002591499942354858,0.40880000591278076
1787656387.6898193,,,58.80000114440918,11.323599815368652,34.95196026008592,0.0,1.9068000316619873,0.00028470001416280866,0.36500000953674316
1787656538.133728,,,78.22000026702881,11.322999954223633,34.95149411777174,0.0,1.9975999593734741,0.0004179250099696219,0.40149998664855957
1787656688.6180115,,,97.06000328063965,11.325699806213379,34.951246326791704,0.0,1.9975999593734741,0.00034309999318793416,0.37229999899864197
1787657741.368988,171.414465,-45.29415666666667,,,,,,,
1787657769.7362976,,,4.600000083446503,11.445300102233887,34.95203083874571,0.0,1.9068000316619873,0.0002263000060338527,0.38690000772476196
1787659578.6359253,,,4.639999866485596,11.460800170898438,34.94921449720474,0.0,1.9975999593734741,0.00026462500682100654,0.357699990272522
1787659729.0553894,,,22.46000051498413,11.42140007019043,34.9564847323874,0.0,1.9068000316619873,0.0002445499994792044,0.37229999899864197
1787659879.199829,,,41.599998474121094,11.37600040435791,34.9552863132761,0.0,1.9068000316619873,0.00024272500013466924,0.357699990272522
1787660029.8781433,,,60.71000099182129,11.346799850463867,34.954798502835494,0.0,1.9975999593734741,0.00031755000236444175,0.37229999899864197
1787660180.3146362,,,79.74999904632568,11.336700439453125,34.95389093087128,0.0,1.9975999593734741,0.00035769998794421554,0.37959998846054077
1787660330.7461548,,,98.78999710083008,11.339099884033203,34.95403771136003,0.0,1.9068000316619873,0.00039420000393874943,0.38690000772476196
1787663233.7477722,,,4.460000097751617,11.468999862670898,34.94994138636845,0.0,1.9975999593734741,0.000288350012851879,0.39419999718666077
1787663384.2177124,,,20.65000057220459,11.44890022277832,34.95559966621784,0.0,1.9975999593734741,0.0003212000010535121,0.42340001463890076
1787663534.505188,,,40.10000228881836,11.39229965209961,34.95646409517732,0.0,1.9975999593734741,0.00026462500682100654,0.37959998846054077
1787663684.7807922,,,60.209999084472656,11.387900352478027,34.95710114361274,0.0,1.9068000316619873,0.0003412750083953142,0.357699990272522
1787663835.2309265,,,78.74000072479248,11.374099731445312,34.956467106642414,0.0,1.9975999593734741,0.0003029500076081604,0.37959998846054077
1787663985.60141,,,97.37000465393066,11.36460018157959,34.956176981406166,0.0,1.9975999593734741,0.00035222500446252525,0.37229999899864197
1787665067.6348877,,,4.699999988079071,11.466099739074707,34.94812682416138,0.0,1.9975999593734741,0.00031572498846799135,0.37959998846054077
1787666868.7151184,,,4.8899999260902405,11.470499992370605,34.945955322428816,0.0,2.088399887084961,0.0003467499918770045,0.40149998664855957
1787667019.1794128,,,23.900001049041748,11.474900245666504,34.94981955345739,0.0,1.9975999593734741,0.0003303250123281032,0.357699990272522
1787667169.5465088,,,43.24999809265137,11.398099899291992,34.95639667439784,0.0,1.9068000316619873,0.0003029500076081604,0.35040000081062317
1787667319.7814636,,,62.179999351501465,11.390600204467773,34.956836468806465,0.0,1.9068000316619873,0.0002773999876808375,0.3357999920845032
1787667470.2216492,,,81.59000396728516,11.393799781799316,34.95634581868367,0.0,1.9975999593734741,0.0003193749871570617,0.37229999899864197
1787667620.6867676,,,100.41999816894531,11.390399932861328,34.95623575874866,0.0,1.9975999593734741,0.00044712499948218465,0.37959998846054077
1787670415.4348755,,,4.7200000286102295,11.465499877929688,34.94423587889363,0.0,1.9975999593734741,0.0003212000010535121,0.36500000953674316
1787670566.0071106,,,24.019999504089355,11.470600128173828,34.94641820460183,0.0,1.9975999593734741,0.00033397501101717353,0.37229999899864197
1787670716.4858704,,,42.61000156402588,11.38230037689209,34.95718785414798,0.0,1.9975999593734741,0.0002518499968573451,0.3357999920845032
1787670866.868042,,,62.49000072479248,11.375200271606445,34.9557348896939,0.0,1.9068000316619873,0.00022812500537838787,0.40149998664855957
1787671017.377777,,,79.1599988937378,11.388500213623047,34.95660589052553,0.0,1.9975999593734741,0.000312074989778921,0.37229999899864197
1787671167.6385193,,,97.01000213623047,11.376700401306152,34.955674231312784,0.0,1.9068000316619873,0.00029017499764449894,0.34310001134872437
1787672161.4726868,,,4.560000002384186,11.457200050354004,34.939004343814524,0.0,2.088399887084961,0.0002938249963335693,0.43070000410079956
1787673916.214203,,,4.760000109672546,11.46679973602295,34.93824148290053,0.0,2.088399887084961,0.00032484999974258244,0.38690000772476196
1787674066.61557,,,23.529999256134033,11.47350025177002,34.94705667978969,0.0,1.9975999593734741,0.00033579999580979347,0.36500000953674316
1787674217.1359253,,,43.07000160217285,11.402199745178223,34.956553115316325,0.0,1.9068000316619873,0.0002773999876808375,0.36500000953674316
1787674933.0,171.4299833333333,-45.263616666666664,,,,,,,
1787674950.0,171.4299833333333,-45.263616666666664,,,,,,,
1787675196.0,171.4362833333333,-45.24486666666667,,,,,,,
1787677286.9661865,,,4.869999885559082,11.461799621582031,34.93678961481432,0.0,2.088399887084961,0.00032302498584613204,0.34310001134872437
1787677437.545868,,,21.500000953674316,11.462499618530273,34.9441303210411,0.0,1.9975999593734741,0.0002938249963335693,0.38690000772476196
1787677587.97464,,,38.81999969482422,11.406800270080566,34.95448993301291,0.0,1.9068000316619873,0.0003741249965969473,0.40880000591278076
1787677738.313507,,,56.77000045776367,11.395899772644043,34.95710083825839,0.0,1.9068000316619873,0.0002263000060338527,0.36500000953674316
1787677888.9814758,,,73.66000175476074,11.390899658203125,34.9570786863256,0.0,1.9068000316619873,0.00029200001154094934,0.48910000920295715
1787678039.4840698,,,90.79000473022461,11.374799728393555,34.95717264681144,0.0,1.9068000316619873,0.00025002501206472516,0.35040000081062317
1787678190.0275574,,,107.1500015258789,11.372599601745605,34.95663188925915,0.0,1.9068000316619873,0.0003029500076081604,0.357699990272522
1787679018.6934814,171.43163999999996,-45.26229166666667,,,,,,,
1787680885.9335938,,,5.189999938011169,11.457200050354004,34.94010961138725,0.0,1.9975999593734741,0.00023360000341199338,0.48179998993873596
1787681036.3732605,,,22.070000171661377,11.434200286865234,34.95136779041251,0.0,1.9975999593734741,0.00028104998636990786,0.40149998664855957
1787681186.8218994,,,40.2400016784668,11.415900230407715,34.95573271749128,0.0,1.9975999593734741,0.00031025000498630106,0.42340001463890076
1787681337.034851,,,58.75999927520752,11.409299850463867,34.95599908489252,0.0,1.9975999593734741,0.0003066000062972307,0.40880000591278076
1787681487.4798584,,,76.95000171661377,11.407999992370605,34.95694466627178,0.0,1.9068000316619873,0.0003284999984316528,0.44530001282691956
1787681637.9551697,,,94.79000091552734,11.388899803161621,34.95570580498749,0.0,1.9975999593734741,0.0003212000010535121,0.37959998846054077
1787684506.8062744,,,5.109999775886536,11.427300453186035,34.95162521204007,0.0,1.9975999593734741,0.0004106250125914812,0.5694000124931335
1787684656.9980164,,,21.979999542236328,11.41569995880127,34.95615911827164,0.0,1.9068000316619873,0.00030112499371171,0.37229999899864197
1787684807.5826416,,,41.90999984741211,11.418100357055664,34.95607126496227,0.0,1.9068000316619873,0.000288350012851879,0.36500000953674316
1787684958.0140991,,,59.140000343322754,11.41349983215332,34.956207211681516,0.0,1.9975999593734741,0.00028470001416280866,0.37959998846054077
1787685108.3302612,,,77.57999897003174,11.409099578857422,34.95592055231529,0.0,1.9975999593734741,0.00033214999712072313,0.38690000772476196
1787685259.0405579,,,96.4799976348877,11.404399871826172,34.95641620892517,0.0,1.9975999593734741,0.0002938249963335693,0.39419999718666077
1787688183.7588196,,,4.560000002384186,11.421699523925781,34.95153438613025,0.0,1.9975999593734741,0.0002518499968573451,0.42340001463890076
1787688334.1977234,,,20.58000087738037,11.414400100708008,34.95286752444568,0.0,1.9975999593734741,0.0002700999903026968,0.36500000953674316
1787688484.9872131,,,39.31999921798706,11.415599822998047,34.954844152298364,0.0,1.9975999593734741,0.00028104998636990786,0.34310001134872437
1787688635.4367676,,,60.58000087738037,11.413100242614746,34.95525227560845,0.0,1.9975999593734741,0.0002591499942354858,0.34310001134872437
1787688785.8941956,,,80.17999649047852,11.408900260925293,34.956535279863814,0.0,1.9068000316619873,0.0002865249989554286,0.43070000410079956
1787688936.0975647,,,97.98999786376953,11.410400390625,34.956398046759965,0.0,1.9975999593734741,0.000288350012851879,0.36500000953674316
1787691731.1577454,,,5.15999972820282,11.436699867248535,34.94844419626408,0.0,1.9975999593734741,0.00024819999816827476,0.43070000410079956
1787691881.9495544,,,21.96000099182129,11.433199882507324,34.95236407622816,0.0,1.9975999593734741,0.0002664499916136265,0.40149998664855957
1787692032.4467773,,,39.660000801086426,11.42590045928955,34.95572846696008,0.0,1.9068000316619873,0.00024819999816827476,0.34310001134872437
1787692182.9562378,,,61.0699987411499,11.418899536132812,34.956768883827344,0.0,1.9068000316619873,0.0003066000062972307,0.357699990272522
1787692333.5341187,,,83.99999618530273,11.414600372314453,34.9570607793571,0.0,1.9975999593734741,0.0003303250123281032,0.35040000081062317
1787692483.9786072,,,104.91999626159668,11.418399810791016,34.95702658451308,0.0,1.9975999593734741,0.0002792250015772879,0.35040000081062317
1787695139.159607,,,4.799999892711639,11.469200134277344,34.94416030982972,0.0,1.9975999593734741,0.0002682750055100769,0.5037000179290771
1787695289.5021973,,,22.260000705718994,11.454999923706055,34.94970164664314,0.0,1.9975999593734741,0.0003650000144261867,0.44530001282691956
1787695439.6252441,,,40.59999942779541,11.4350004196167,34.95421560502559,0.0,1.9068000316619873,0.00033214999712072313,0.37959998846054077
1787695589.948578,,,60.05000114440918,11.433600425720215,34.95616942674076,0.0,1.9975999593734741,0.0002792250015772879,0.37229999899864197
1787695740.0021667,,,79.88999843597412,11.43340015411377,34.95653012734956,0.0,1.9975999593734741,0.00028104998636990786,0.38690000772476196
1787695890.1086426,,,98.59999656677246,11.425800323486328,34.95698682562491,0.0,1.9975999593734741,0.00032484999974258244,0.35040000081062317
1787696901.0,171.4362833333333,-45.24486666666667,,,,,,,
1787696913.0,171.4362833333333,-45.24486666666667,,,,,,,
1787697151.0,171.43974999999998,-45.219600000000014,,,,,,,
1787699274.483368,,,4.580000042915344,11.473799705505371,34.94435562771874,0.0,2.088399887084961,0.00034492500708438456,0.6351000070571899
1787699425.0997314,,,22.000000476837158,11.453900337219238,34.94977116169395,0.0,1.9975999593734741,0.0002664499916136265,0.5182999968528748
1787699575.5553284,,,40.35999774932861,11.4399995803833,34.95404185026261,0.0,1.9975999593734741,0.0005821749800816178,0.39419999718666077
1787699726.1299438,,,58.969998359680176,11.440500259399414,34.954276100828736,0.0,1.9975999593734741,0.0002956500102300197,0.47450000047683716
1787699876.477478,,,78.07000160217285,11.441300392150879,34.9554033423404,0.0,1.9975999593734741,0.0003066000062972307,0.34310001134872437
1787700027.0634766,,,100.0100040435791,11.442999839782715,34.95591189992415,0.0,1.9975999593734741,0.000288350012851879,0.357699990272522
1787701077.8837585,171.43644666666665,-45.24321166666665,,,,,,,
1787701101.5599365,,,4.469999969005585,11.461400032043457,34.94338115403158,0.0,1.9975999593734741,0.00035769998794421554,0.5620999932289124
1787702894.3411255,,,4.390000104904175,11.465700149536133,34.94518184264714,0.0,1.9975999593734741,0.00031572498846799135,0.43070000410079956
1787703044.6253662,,,20.920000076293945,11.463700294494629,34.94997771961568,0.0,1.9975999593734741,0.00029930000891909003,0.42340001463890076
1787703195.0911865,,,38.55999946594238,11.44950008392334,34.95178929793717,0.0,1.9975999593734741,0.0003029500076081604,0.40149998664855957
1787703345.32724,,,58.24999809265137,11.437100410461426,34.95613285829171,0.0,1.9975999593734741,0.00026279999292455614,0.35040000081062317
1787703495.5727234,,,77.32999801635742,11.436100006103516,34.95541118932174,0.0,1.9975999593734741,0.0003540499892551452,0.34310001134872437
1787703645.731018,,,94.47999954223633,11.444600105285645,34.95497508992287,0.0,1.9975999593734741,0.0002773999876808375,0.34310001134872437
1787703796.3633118,,,111.92000389099121,11.450200080871582,34.955679509063316,0.0,1.9975999593734741,0.0002956500102300197,0.34310001134872437
1787706591.7191467,,,4.620000123977661,11.44950008392334,34.94775093198881,0.0,1.9068000316619873,0.0002116999967256561,0.39419999718666077
1787706742.3831177,,,22.3799991607666,11.441900253295898,34.95066859838696,0.0,1.9975999593734741,0.00033579999580979347,0.43799999356269836
1787706892.6689453,,,40.56000232696533,11.44279956817627,34.95229076443633,0.0,1.9975999593734741,0.00028470001416280866,0.37229999899864197
1787707043.4237976,,,56.13999843597412,11.437700271606445,34.95343896188119,0.0,1.9975999593734741,0.00029930000891909003,0.35040000081062317
1787707194.0377197,,,72.88000106811523,11.405500411987305,34.95449202547499,0.0,1.9068000316619873,0.00033762500970624387,0.38690000772476196
1787707344.4614258,,,90.95000267028809,11.378800392150879,34.95361030414906,0.0,1.9068000316619873,0.00024090000079013407,0.32850000262260437
1787707495.0470886,,,110.19000053405762,11.376999855041504,34.9534916702151,0.0,1.9975999593734741,0.0003303250123281032,0.34310001134872437
1787710243.751007,,,4.749999940395355,11.431099891662598,34.940865344398766,0.0,1.9975999593734741,0.0002171749947592616,0.44530001282691956
1787710394.2025146,,,23.65000009536743,11.422499656677246,34.95194260184538,0.0,1.9068000316619873,0.0003139000036753714,0.40149998664855957
1787710544.524414,,,43.369998931884766,11.421299934387207,34.95041054592412,0.0,1.9068000316619873,0.0002664499916136265,0.37229999899864197
1787710695.0381775,,,61.84000015258789,11.419400215148926,34.9519925804395,0.0,1.9068000316619873,0.00033579999580979347,0.48910000920295715
1787710845.5899658,,,79.62999820709229,11.39490032196045,34.94835630417199,0.0,1.9068000316619873,0.00024272500013466924,0.357699990272522
1787710996.0481873,,,97.41000175476074,11.375200271606445,34.95483665207716,0.0,1.9068000316619873,0.0003066000062972307,0.38690000772476196
1787712027.739746,,,4.729999899864197,11.38759994506836,34.8729072315779,0.0,1.9975999593734741,0.00020804999803658575,0.48179998993873596
1787713852.933258,,,4.469999969005585,11.433899879455566,34.94497102412291,0.0,1.9068000316619873,0.00027374998899176717,0.42340001463890076
1787714003.5663147,,,22.290000915527344,11.442099571228027,34.951510911989985,0.0,1.9975999593734741,0.00024819999816827476,0.48179998993873596
1787714153.9827576,,,39.60000038146973,11.427800178527832,34.95267072200222,0.0,1.9975999593734741,0.00028470001416280866,0.40880000591278076
1787714304.38443,,,56.95000171661377,11.413200378417969,34.953311143451835,0.0,1.9068000316619873,0.0003668249992188066,0.36500000953674316
1787714454.9924927,,,74.32000160217285,11.399399757385254,34.95437998020199,0.0,1.9975999593734741,0.0002171749947592616,0.43799999356269836
1787714605.6911316,,,92.62999534606934,11.379300117492676,34.954172070042084,0.0,1.9068000316619873,0.0002591499942354858,0.34310001134872437
1787714756.216095,,,110.55000305175781,11.375100135803223,34.95423787720872,0.0,1.9068000316619873,0.0003066000062972307,0.357699990272522
1787717459.1250305,,,4.679999947547913,11.378000259399414,34.890627679578934,0.0,2.2699999809265137,0.00016607499856036156,0.40149998664855957
1787717801.0,171.43974999999998,-45.219600000000014,,,,,,,
1787717860.0,171.43974999999998,-45.219600000000014,,,,,,,
1787717966.0,171.43974999999998,-45.219600000000014,,,,,,,
1787718030.0,171.43974999999998,-45.219600000000014,,,,,,,
1787718229.0,171.4221666666667,-45.19886666666666,,,,,,,
1787720224.23349,,,4.810000061988831,11.35420036315918,34.84806566917906,0.0,1.9975999593734741,0.0002116999967256561,0.32120001316070557
1787720374.5667725,,,21.649999618530273,11.436400413513184,34.94907850327222,0.0,1.9975999593734741,0.00018980000459123403,0.49639999866485596
1787720525.0720825,,,39.700000286102295,11.429699897766113,34.95141992385803,0.0,1.9068000316619873,0.00020804999803658575,0.36500000953674316
1787720675.2468262,,,58.33000183105469,11.433799743652344,34.95318528013833,0.0,1.9068000316619873,0.00020987499738112092,0.39419999718666077
1787720825.5126648,,,75.91000080108643,11.439200401306152,34.95617472299439,0.0,1.9068000316619873,0.0007044500089250505,0.5475000143051147
1787720976.088562,,,93.3899974822998,11.41819953918457,34.955413968516076,0.0,1.9975999593734741,0.000461724994238466,0.37959998846054077
1787721964.3267212,171.4410316666667,-45.21646166666666,,,,,,,
1787723877.0878296,,,4.690000116825104,11.398900032043457,34.871454200973524,0.0,1.9975999593734741,0.0002043999993475154,0.32120001316070557
1787724027.359558,,,19.800000190734863,11.390299797058105,34.92859908589911,0.0,1.9068000316619873,0.0001697249972494319,0.36500000953674316
1787724177.4805603,,,36.86000108718872,11.39109992980957,34.94131748534514,0.0,1.9975999593734741,0.0002591499942354858,0.36500000953674316
1787724327.6383362,,,55.08999824523926,11.416299819946289,34.94863152957073,0.0,1.9975999593734741,0.00029017499764449894,0.42340001463890076
1787724478.090088,,,73.6299991607666,11.427900314331055,34.948394310084,0.0,1.9975999593734741,0.0002773999876808375,0.45989999175071716
1787724628.3500671,,,91.42999649047852,11.42870044708252,34.946646565180075,0.0,1.9975999593734741,0.0002700999903026968,0.37229999899864197
1787724778.5855713,,,108.05999755859375,11.43589973449707,34.955098887628324,0.0,1.9975999593734741,0.00030842499108985066,0.40880000591278076
1787725585.2817078,,,4.760000109672546,11.413800239562988,34.90040625823502,0.0,1.9975999593734741,0.00044895001337863505,0.6424000263214111
1787727389.74646,,,4.449999928474426,11.442700386047363,34.8970717821395,0.0,1.9975999593734741,0.0003139000036753714,0.5694000124931335
1787727540.101593,,,18.899999856948853,11.45199966430664,34.92495950982976,0.0,1.9975999593734741,0.0002609750081319362,0.42340001463890076
1787727690.2687683,,,33.8100004196167,11.457099914550781,34.948199283376695,0.0,1.9975999593734741,0.0002463750133756548,0.43070000410079956
1787727840.6062622,,,53.319997787475586,11.450900077819824,34.94991836232299,0.0,1.9975999593734741,0.0003066000062972307,0.41609999537467957
1787727990.987732,,,72.01000213623047,11.447099685668945,34.951819817550565,0.0,1.9975999593734741,0.00024819999816827476,0.38690000772476196
1787728141.309082,,,91.11000061035156,11.446399688720703,34.952395901507735,0.0,1.9975999593734741,0.0002938249963335693,0.45260000228881836
1787730994.2988586,,,4.819999933242798,11.3996000289917,34.88063659643791,0.0,2.088399887084961,0.00027374998899176717,0.5694000124931335
1787731144.551117,,,22.049999237060547,11.456700325012207,34.94165876479338,0.0,1.9975999593734741,0.0003066000062972307,0.41609999537467957
1787731295.1420288,,,39.630000591278076,11.449899673461914,34.948262153197554,0.0,1.9975999593734741,0.00032302498584613204,0.42340001463890076
1787731445.2677002,,,57.57999897003174,11.44159984588623,34.950194516686295,0.0,1.9975999593734741,0.0002664499916136265,0.43799999356269836
1787731595.574463,,,76.70000076293945,11.444199562072754,34.95010553886165,0.0,1.9975999593734741,0.00035769998794421554,0.42340001463890076
1787731746.1023865,,,97.15999603271484,11.445500373840332,34.95036394749797,0.0,1.9975999593734741,0.0002865249989554286,0.34310001134872437
1787734450.3394165,,,5.03000020980835,11.39330005645752,34.86104706993924,0.0,2.088399887084961,0.00031025000498630106,0.5475000143051147
1787734600.9700928,,,24.769999980926514,11.46090030670166,34.94280023696635,0.0,1.9975999593734741,0.00029747499502263963,0.39419999718666077
1787734751.332306,,,46.630001068115234,11.462599754333496,34.943412302216075,0.0,1.9975999593734741,0.00028470001416280866,0.44530001282691956
1787734901.6473694,,,67.67000198364258,11.4621000289917,34.94529709236374,0.0,1.9975999593734741,0.0003394499944988638,0.42340001463890076
1787735052.0104675,,,88.05999755859375,11.455400466918945,34.947215694737615,0.0,1.9975999593734741,0.00027374998899176717,0.37229999899864197
1787737884.7958984,,,4.799999892711639,11.415900230407715,34.87404945741891,0.0,2.1791999340057373,0.00048180000158026814,0.39419999718666077
1787738034.9985962,,,22.899999618530273,11.480299949645996,34.929539260322,0.0,2.088399887084961,0.00033397501101717353,0.39419999718666077
1787738185.0524597,,,41.09000205993652,11.478099822998047,34.938537242276176,0.0,1.9975999593734741,0.00038690000656060874,0.41609999537467957
1787738335.1820679,,,59.92000102996826,11.469200134277344,34.94133739896276,0.0,1.9975999593734741,0.0003467499918770045,0.38690000772476196
1787738485.3174438,,,79.38000202178955,11.471199989318848,34.94147033290481,0.0,1.9975999593734741,0.0002792250015772879,0.36500000953674316
1787738635.7200012,,,97.93999671936035,11.469799995422363,34.94186779627776,0.0,1.9975999593734741,0.000312074989778921,0.40149998664855957
1787739755.0,171.4221666666667,-45.19886666666666,,,,,,,
1787739781.0,171.4221666666667,-45.19886666666666,,,,,,,
1787740029.0,171.4233166666667,-45.1887,,,,,,,
1787741919.3359375,,,4.560000002384186,11.419599533081055,34.866009586724616,0.0,2.1791999340057373,0.00034492500708438456,0.44530001282691956
1787742069.763092,,,23.410000801086426,11.470100402832031,34.91097704344505,0.0,2.088399887084961,0.00032302498584613204,0.34310001134872437
1787742220.1910706,,,43.23999881744385,11.484199523925781,34.93112063846223,0.0,2.088399887084961,0.00035039999056607485,0.45260000228881836
1787742370.4624329,,,63.09999942779541,11.481800079345703,34.93532533942872,0.0,1.9975999593734741,0.0003631750005297363,0.37229999899864197
1787742521.0407104,,,82.3799991607666,11.476300239562988,34.93808529937663,0.0,1.9975999593734741,0.0003485750057734549,0.45260000228881836
1787742671.248413,,,100.83000183105469,11.47249984741211,34.941492389682686,0.0,1.9975999593734741,0.0002700999903026968,0.38690000772476196
1787743502.2466736,171.42229333333333,-45.19653166666667,,,,,,,
1787743535.307373,,,4.830000102519989,11.398099899291992,34.859372573668274,0.0,2.1791999340057373,0.0003066000062972307,0.38690000772476196
1787745316.6301575,,,4.740000069141388,11.423399925231934,34.862933579734445,0.0,2.1791999340057373,0.0003613499866332859,0.45989999175071716
1787745467.0387268,,,21.389999389648438,11.43809986114502,34.87021526336839,0.0,2.2699999809265137,0.0004233999934513122,0.45260000228881836
1787745617.5431824,,,39.46000099182129,11.486700057983398,34.91779325274261,0.0,2.088399887084961,0.00037960000918246806,0.57669997215271
1787745767.805603,,,57.03000068664551,11.487199783325195,34.92817884760486,0.0,2.088399887084961,0.00029017499764449894,0.45989999175071716
1787745918.2654114,,,74.6999979019165,11.488100051879883,34.93063912314665,0.0,2.088399887084961,0.0003047749924007803,0.35040000081062317
1787746068.8102722,,,92.74999618530273,11.48639965057373,34.929570253392924,0.0,2.088399887084961,0.0003467499918770045,0.37959998846054077
1787748793.8220215,,,4.679999947547913,11.403599739074707,34.85503642237144,0.0,2.2699999809265137,0.0004434750007931143,0.5913000106811523
1787748944.191101,,,20.829999446868896,11.4399995803833,34.863626261540865,0.0,2.2699999809265137,0.0005018750089220703,0.7008000016212463
1787749094.5799255,,,36.38999938964844,11.481399536132812,34.90578600888491,0.0,2.088399887084961,0.00038507499266415834,0.357699990272522
1787749245.139801,,,51.79999828338623,11.485099792480469,34.92073173601974,0.0,2.088399887084961,0.0003558750031515956,0.36500000953674316
1787749395.618164,,,67.05999851226807,11.48639965057373,34.92329256747046,0.0,2.088399887084961,0.00035952500184066594,0.34310001134872437
1787749546.3082886,,,82.56999969482422,11.485899925231934,34.92339782228748,0.0,2.088399887084961,0.0003412750083953142,0.40149998664855957
1787749696.7504883,,,99.56999778747559,11.48390007019043,34.92950129190514,0.0,2.088399887084961,0.0003613499866332859,0.40149998664855957
1787752449.6813965,,,4.519999921321869,11.399299621582031,34.83748464263163,0.0,2.2699999809265137,0.00044895001337863505,0.42340001463890076
1787752600.4710388,,,22.200000286102295,11.428099632263184,34.8533781589042,0.0,2.2699999809265137,0.0003613499866332859,0.43070000410079956
1787752750.7557373,,,40.370001792907715,11.48289966583252,34.907045818564434,0.0,2.1791999340057373,0.000381424993975088,0.37959998846054077
1787752901.4578552,,,59.130001068115234,11.481100082397461,34.92253559517777,0.0,2.088399887084961,0.00041427501128055155,0.37229999899864197
1787753051.6137695,,,76.18000030517578,11.461299896240234,34.93446022042843,0.0,2.088399887084961,0.0004580749955493957,0.32850000262260437
1787753202.3049927,,,92.81999588012695,11.39680004119873,34.95256776588474,0.0,1.9975999593734741,0.00033397501101717353,0.357699990272522
1787755981.1783447,,,4.600000083446503,11.38599967956543,34.835453332816826,0.0,2.2699999809265137,0.00042887500603683293,0.6496999859809875
1787756131.54068,,,21.21000051498413,11.408499717712402,34.840163730796114,0.0,2.2699999809265137,0.00037777499528601766,0.42340001463890076
1787756281.9346924,,,38.77000093460083,11.482999801635742,34.916458290593425,0.0,2.088399887084961,0.000450774998171255,0.43070000410079956
1787756432.518036,,,55.250000953674316,11.482799530029297,34.922358044773986,0.0,2.088399887084961,0.00039420000393874943,0.5109999775886536
1787756582.7766418,,,71.77000045776367,11.430500030517578,34.95338984733034,0.0,1.9975999593734741,0.0003759500104933977,0.43070000410079956
1787756733.2141113,,,89.44000244140625,11.362899780273438,34.95686100873725,0.0,1.9975999593734741,0.0006880249711684883,0.357699990272522
1787759463.7523804,,,4.769999980926514,11.406900405883789,34.83920572923157,0.0,2.2699999809265137,0.0005018750089220703,0.43070000410079956
1787759614.7862854,,,21.519999504089355,11.45460033416748,34.870598000598434,0.0,2.2699999809265137,0.0004526000120677054,0.41609999537467957
1787759765.3858337,,,38.68000030517578,11.483799934387207,34.919891319931146,0.0,2.088399887084961,0.0003996749874204397,0.36500000953674316
1787759915.8526917,,,56.16000175476074,11.446100234985352,34.943602424495275,0.0,1.9975999593734741,0.00029747499502263963,0.41609999537467957
1787760066.2167969,,,73.63999843597412,11.357000350952148,34.9574028626791,0.0,1.9975999593734741,0.0003540499892551452,0.35040000081062317
1787760216.5522156,,,91.05999946594238,11.355799674987793,34.95731670172675,0.0,1.9975999593734741,0.0003978500026278198,0.41609999537467957
1787761370.0,171.4233166666667,-45.1887,,,,,,,
1787761383.0,171.4233166666667,-45.1887,,,,,,,
1787761638.0,171.40554999999998,-45.178999999999995,,,,,,,
1787763605.8970337,,,4.7200000286102295,11.390800476074219,34.84284885153543,0.0,2.2699999809265137,0.0004106250125914812,0.3357999920845032
1787763756.4635315,,,21.640000343322754,11.471599578857422,34.893442989483624,0.0,2.1791999340057373,0.0004963999963365495,0.36500000953674316
1787763906.797821,,,38.97000074386597,11.467399597167969,34.923303359570426,0.0,2.088399887084961,0.00035769998794421554,0.40880000591278076
1787764057.1844482,,,55.77000141143799,11.357799530029297,34.948464213172215,0.0,1.9068000316619873,0.0002445499994792044,0.37959998846054077
1787764207.7676697,,,73.5200023651123,11.384300231933594,34.96487934810059,0.0,1.9068000316619873,0.00030842499108985066,0.357699990272522
1787764358.63443,,,92.53000259399414,11.381500244140625,34.96352023195781,0.0,1.9975999593734741,0.0002865249989554286,0.35040000081062317
1787765282.3223877,171.42408333333333,-45.18779500000001,,,,,,,
1787767032.8032227,,,4.880000054836273,11.377900123596191,34.847634500105286,0.0,2.2699999809265137,0.0005913000204600394,0.6132000088691711
1787767183.0701294,,,24.33000087738037,11.478300094604492,34.90944099150384,0.0,2.1791999340057373,0.0006095499848015606,0.6277999877929688
1787767333.6350403,,,43.55000019073486,11.36299991607666,34.935020384937154,0.0,1.9068000316619873,0.00031572498846799135,0.39419999718666077
1787767484.0821533,,,62.67000198364258,11.384300231933594,34.96080270330125,0.0,1.9068000316619873,0.0002263000060338527,0.37959998846054077
1787767634.5205994,,,81.75999641418457,11.395500183105469,34.964562149142694,0.0,1.9068000316619873,0.0002390750014455989,0.357699990272522
1787767784.90036,,,100.45999526977539,11.38010025024414,34.96428777569109,0.0,1.9975999593734741,0.0004963999963365495,0.36500000953674316
1787770432.4930115,,,4.690000116825104,11.384599685668945,34.85426758053803,0.0,2.2699999809265137,0.00038690000656060874,0.37229999899864197
1787770583.0491028,,,24.30000066757202,11.466699600219727,34.91379455535702,0.0,2.088399887084961,0.0004106250125914812,0.37229999899864197
1787770733.7170715,,,43.09999942779541,11.406999588012695,34.95991618607354,0.0,1.9068000316619873,0.00022082499344833195,0.3357999920845032
1787770884.1573792,,,62.43000030517578,11.428799629211426,34.96598749629506,0.0,1.9068000316619873,0.000450774998171255,0.357699990272522
1787771034.6064148,,,81.2399959564209,11.427200317382812,34.96674348087115,0.0,1.9068000316619873,0.00020622499869205058,0.3357999920845032
1787771185.0994263,,,99.49000358581543,11.388400077819824,34.96339581476623,0.0,1.9068000316619873,0.0003759500104933977,0.34310001134872437
1787772110.001587,,,4.709999859333038,11.391200065612793,34.85723121656678,0.0,2.2699999809265137,0.0005055249785073102,0.39419999718666077
1787773771.7886658,,,4.670000076293945,11.374300003051758,34.857470540570496,0.0,2.2699999809265137,0.0003905500052496791,0.7008000016212463
1787773922.1141357,,,24.010000228881836,11.41569995880127,34.95733150029204,0.0,1.9068000316619873,0.00028287500026635826,0.32850000262260437
1787774072.545929,,,43.480000495910645,11.40429973602295,34.96289882580976,0.0,1.9975999593734741,0.00041974999476224184,0.32850000262260437
1787774223.138855,,,62.61000156402588,11.40779972076416,34.96382000100047,0.0,1.9975999593734741,0.0003467499918770045,0.32850000262260437
1787774373.8107605,,,81.85000419616699,11.408100128173828,34.96337854618321,0.0,1.9975999593734741,0.000381424993975088,0.36500000953674316
1787774529.380249,,,101.44000053405762,11.402899742126465,34.964241522726894,0.0,1.9975999593734741,0.0005730499979108572,0.35040000081062317
1787777097.184845,,,4.4200000166893005,11.382599830627441,34.869154922954664,0.0,2.2699999809265137,0.00042704999214038253,0.5328999757766724
1787777247.520172,,,21.089999675750732,11.397199630737305,34.94496308540092,0.0,1.9975999593734741,0.000312074989778921,0.2847000062465668
1787777398.219818,,,39.92000102996826,11.393099784851074,34.96390762590817,0.0,1.9975999593734741,0.00040697501390241086,0.5985999703407288
1787777549.031189,,,61.469998359680176,11.39739990234375,34.96160375272499,0.0,1.9975999593734741,0.00041427501128055155,0.3357999920845032
1787777699.250183,,,80.90999603271484,11.403499603271484,34.96379918956511,0.0,1.9975999593734741,0.00040515000000596046,0.35040000081062317
1787777850.082306,,,100.64000129699707,11.406900405883789,34.9637779288474,0.0,2.088399887084961,0.0004945750115439296,0.35040000081062317
1787778718.7403564,,,4.5500001311302185,11.378399848937988,34.88297750107512,0.0,2.1791999340057373,0.0004526000120677054,0.525600016117096
1787780432.1825867,,,4.4999998807907104,11.377099990844727,34.896712484715906,0.0,2.1791999340057373,0.0003996749874204397,0.48910000920295715
1787780582.2312012,,,21.089999675750732,11.394800186157227,34.94911804013745,0.0,2.088399887084961,0.00035952500184066594,0.3357999920845032
1787780732.2995605,,,37.67999887466431,11.400699615478516,34.961769262726996,0.0,1.9975999593734741,0.0004179250099696219,0.32120001316070557
1787780882.5955505,,,57.160000801086426,11.380900382995605,34.95815930135498,0.0,1.9068000316619873,0.0002700999903026968,0.2992999851703644
1787781032.9231262,,,78.59000205993652,11.369000434875488,34.958886817132516,0.0,1.9068000316619873,0.0002773999876808375,0.357699990272522
1787781182.9727173,,,99.9899959564209,11.401399612426758,34.96412841565006,0.0,1.9975999593734741,0.0006186750251799822,0.34310001134872437
1787782951.0,171.40554999999998,-45.178999999999995,,,,,,,
1787782955.0,171.40554999999998,-45.178999999999995,,,,,,,
1787783066.0,171.40554999999998,-45.178999999999995,,,,,,,
1787783129.0,171.40554999999998,-45.178999999999995,,,,,,,
1787783338.0,171.3533166666667,-45.18093333333333,,,,,,,
1787785179.9461365,,,5.03000020980835,11.358400344848633,34.9177464243427,0.0,2.088399887084961,0.00029200001154094934,0.43070000410079956
1787785330.5557556,,,21.740000247955322,11.38599967956543,34.94002563162972,0.0,1.9975999593734741,0.00032484999974258244,0.42340001463890076
1787785480.9728088,,,39.27999973297119,11.383099555969238,34.95940398275079,0.0,1.9975999593734741,0.00026279999292455614,0.2847000062465668
1787785631.5880127,,,56.05999946594238,11.384099960327148,34.96027621163951,0.0,1.9068000316619873,0.00029747499502263963,0.2992999851703644
1787785781.8493042,,,73.26000213623047,11.38599967956543,34.96100764181016,0.0,1.9068000316619873,0.00024819999816827476,0.30660000443458557
1787785932.545227,,,94.09000396728516,11.387700080871582,34.96101505887937,0.0,1.9975999593734741,0.0003485750057734549,0.3138999938964844
1787786788.0202637,171.40527333333333,-45.17917333333333,,,,,,,
1787788479.9110413,,,4.699999988079071,11.359100341796875,34.9304186870652,0.0,1.9975999593734741,0.0005474999779835343,0.39419999718666077
1787788630.4102783,,,21.549999713897705,11.378399848937988,34.94185963919677,0.0,1.9975999593734741,0.00029930000891909003,0.37959998846054077
1787788780.7397156,,,39.690001010894775,11.391799926757812,34.95404830775715,0.0,1.9975999593734741,0.00039420000393874943,0.357699990272522
1787788931.305481,,,57.810001373291016,11.390999794006348,34.95929715651434,0.0,1.9975999593734741,0.0002773999876808375,0.32850000262260437
1787789081.7523804,,,76.26999855041504,11.395500183105469,34.96166058400004,0.0,1.9068000316619873,0.00026279999292455614,0.32850000262260437
1787789232.3425293,,,93.66000175476074,11.387999534606934,34.96022879170872,0.0,1.9068000316619873,0.0003066000062972307,0.34310001134872437
1787790060.7108765,,,4.429999887943268,11.24489974975586,34.83589967244195,0.0,2.1791999340057373,0.0003759500104933977,0.6132000088691711
1787791644.638916,,,4.729999899864197,11.229100227355957,34.79823887389239,0.0,2.2699999809265137,0.00031572498846799135,0.6205000281333923
1787791795.1405945,,,21.510000228881836,11.406700134277344,34.950138328410276,0.0,1.9975999593734741,0.00035222500446252525,0.35040000081062317
1787791945.6383972,,,39.21999931335449,11.399999618530273,34.955702533842,0.0,1.9975999593734741,0.0002773999876808375,0.32850000262260437
1787792095.981018,,,56.90000057220459,11.404600143432617,34.96177467731195,0.0,1.9975999593734741,0.00030842499108985066,0.32850000262260437
1787792246.572937,,,75.41999816894531,11.404199600219727,34.96261198335656,0.0,1.9068000316619873,0.0002682750055100769,0.30660000443458557
1787792397.1347656,,,92.4899959564209,11.398900032043457,34.962009800708366,0.0,1.9068000316619873,0.00028287500026635826,0.32120001316070557
1787794688.1461487,,,4.5500001311302185,11.208399772644043,34.76202050911005,0.0,2.4516000747680664,0.00044529998558573425,0.5109999775886536
1787794838.4306335,,,21.429998874664307,11.383500099182129,34.95323305076431,0.0,1.9068000316619873,0.00020804999803658575,0.34310001134872437
1787794989.428833,,,38.28000068664551,11.406399726867676,34.96085409562356,0.0,1.9068000316619873,0.0002518499968573451,0.35040000081062317
1787795139.9000244,,,55.819997787475586,11.4173002243042,34.96379007800262,0.0,1.9975999593734741,0.0002938249963335693,0.32850000262260437
1787795290.4727478,,,73.33000183105469,11.410799980163574,34.96382507177762,0.0,1.9975999593734741,0.00029017499764449894,0.39419999718666077
1787797649.90094,,,5.189999938011169,11.218799591064453,34.76135189850511,0.0,2.4516000747680664,0.000507350021507591,0.60589998960495
1787797800.5895386,,,24.059998989105225,11.384099960327148,34.95604513480961,0.0,1.9975999593734741,0.00022264999279286712,0.35040000081062317
1787797951.4841614,,,40.869998931884766,11.42490005493164,34.96632964472029,0.0,1.9068000316619873,0.0002609750081319362,0.32850000262260437
1787798101.9050903,,,59.720001220703125,11.416600227355957,34.96162405189188,0.0,1.9068000316619873,0.0002792250015772879,0.32850000262260437
1787798252.5072632,,,77.85999774932861,11.413299560546875,34.96419119941139,0.0,1.9068000316619873,0.0002609750081319362,0.3138999938964844
1787800426.5180054,,,4.740000069141388,11.214500427246094,34.748716781402855,0.0,2.63319993019104,0.00048180000158026814,0.47450000047683716
1787800576.5625305,,,21.410000324249268,11.312999725341797,34.86165579927371,0.0,2.2699999809265137,0.00037777499528601766,0.46720001101493835
1787800726.6623535,,,38.469998836517334,11.405500411987305,34.96122452096789,0.0,1.9068000316619873,0.00022995000472292304,0.34310001134872437
1787800877.110443,,,56.690001487731934,11.412300109863281,34.96299027679497,0.0,1.9068000316619873,0.000368650013115257,0.37229999899864197
1787801027.7037354,,,74.78000164031982,11.413000106811523,34.96317500660887,0.0,1.9975999593734741,0.0003631750005297363,0.30660000443458557
1787803058.4465332,,,4.769999980926514,11.226099967956543,34.7429168022332,0.0,2.7239999771118164,0.0007829249952919781,0.5401999950408936
1787803208.7627563,,,20.469999313354492,11.259300231933594,34.77437822707344,0.0,2.5423998832702637,0.0007153999758884311,0.6351000070571899
1787803359.1512756,,,39.660000801086426,11.402700424194336,34.95463134080505,0.0,1.9068000316619873,0.0002956500102300197,0.357699990272522
1787803509.5472717,,,58.540000915527344,11.406000137329102,34.960210774958114,0.0,1.9975999593734741,0.00034309999318793416,0.32120001316070557
1787803659.7388916,,,77.03000068664551,11.415900230407715,34.96299026871362,0.0,1.9975999593734741,0.00037777499528601766,0.2919999957084656
1787804598.0,171.3533166666667,-45.18093333333333,,,,,,,
1787804606.0,171.3533166666667,-45.18093333333333,,,,,,,
1787804861.0,171.31106666666668,-45.1864,,,,,,,
1787806519.2401428,,,4.880000054836273,11.24839973449707,34.755888094041836,0.0,2.7239999771118164,0.0011442749528214335,0.6715999841690063
1787806669.4734802,,,23.519999980926514,11.2878999710083,34.787597913727694,0.0,2.63319993019104,0.0008686999790370464,0.5694000124931335
1787806820.2149048,,,36.640000343322754,11.446800231933594,34.950946152694996,0.0,1.9068000316619873,0.0002317750040674582,0.3138999938964844
1787806970.6625671,,,53.75,11.40779972076416,34.953316173867044,0.0,1.9068000316619873,0.00018250000721309334,0.30660000443458557
1787807121.221283,,,72.38999843597412,11.418499946594238,34.961901182874335,0.0,1.9975999593734741,0.0003284999984316528,0.3138999938964844
1787807723.7843628,171.3527,-45.182671666666664,,,,,,,
1787809088.569397,,,4.309999942779541,11.273500442504883,34.76987967506928,0.0,2.5423998832702637,0.0006004250026308,0.60589998960495
1787809238.9971924,,,21.97000026702881,11.284600257873535,34.75419164894894,0.0,2.5423998832702637,0.0009344000136479735,0.7300000190734863
1787809389.4494019,,,39.96000051498413,11.452400207519531,34.94080429549818,0.0,2.1791999340057373,0.000739125011023134,0.3357999920845032
1787809539.7065125,,,57.150001525878906,11.450400352478027,34.95224581192674,0.0,2.1791999340057373,0.0007774499827064574,0.37959998846054077
1787809690.38031,,,74.39000129699707,11.415399551391602,34.96077957149509,0.0,1.9975999593734741,0.0004890999989584088,0.3138999938964844
1787811517.2729187,,,4.779999852180481,11.27750015258789,34.77343577187005,0.0,2.5423998832702637,0.0007354749832302332,0.5694000124931335
1787811667.546051,,,24.46000099182129,11.306699752807617,34.78797863261827,0.0,2.4516000747680664,0.0006971500115469098,0.7081000208854675
1787811817.937622,,,40.809998512268066,11.452400207519531,34.93805097433183,0.0,2.1791999340057373,0.0005602749879471958,0.36500000953674316
1787811968.3184204,,,59.14999961853027,11.45419979095459,34.939356335638884,0.0,2.36080002784729,0.0010073999874293804,0.32120001316070557
1787813807.6889343,,,4.480000138282776,11.299699783325195,34.778808888086715,0.0,2.5423998832702637,0.0005967749748378992,0.5547999739646912
1787813958.2819824,,,23.329999446868896,11.316200256347656,34.79201074929315,0.0,2.4516000747680664,0.0005657500005327165,0.47450000047683716
1787814108.47937,,,40.83000183105469,11.453399658203125,34.936306797854826,0.0,2.1791999340057373,0.0006752500194124877,0.32120001316070557
1787814258.6063843,,,61.0099983215332,11.455100059509277,34.93738020997339,0.0,2.36080002784729,0.0011752999853342772,0.35040000081062317
1787816120.4621277,,,4.510000050067902,11.311699867248535,34.78016555093213,0.0,2.4516000747680664,0.0005785250104963779,0.5401999950408936
1787816270.7588806,,,24.800000190734863,11.316300392150879,34.77896344809196,0.0,2.4516000747680664,0.0006332750199362636,0.6205000281333923
1787816421.2590637,,,45.229997634887695,11.436200141906738,34.91717955124326,0.0,2.088399887084961,0.00033579999580979347,0.43070000410079956
1787816571.8585205,,,65.76000213623047,11.456100463867188,34.936496839833396,0.0,2.36080002784729,0.001153400051407516,0.34310001134872437
1787817147.641571,,,4.379999935626984,11.32450008392334,34.784307394292426,0.0,2.4516000747680664,0.0007062749937176704,0.5182999968528748
1787818222.5078735,,,4.059999883174896,11.339200019836426,34.78197739692622,0.0,2.63319993019104,0.0009179749758914113,0.5913000106811523
1787818373.0263367,,,20.00999927520752,11.347999572753906,34.7966864933766,0.0,2.4516000747680664,0.0008504500146955252,0.6205000281333923
1787818523.3801575,,,36.91999912261963,11.418299674987793,34.89150018129114,0.0,2.1791999340057373,0.0005438500083982944,0.32850000262260437
1787818673.6178284,,,57.7400016784668,11.455100059509277,34.936560525588554,0.0,2.1791999340057373,0.000737300026230514,0.3138999938964844
1787819276.0324097,,,4.480000138282776,11.34119987487793,34.7828758230496,0.0,2.63319993019104,0.0011479250388219953,0.6789000034332275
1787820266.238037,,,4.560000002384186,11.33430004119873,34.78409748787079,0.0,2.5423998832702637,0.0008979000267572701,0.5913000106811523
1787820416.6857605,,,25.460000038146973,11.349100112915039,34.794207410319665,0.0,2.5423998832702637,0.0007957000052556396,0.49639999866485596
1787820567.1811829,,,42.41000175476074,11.452099800109863,34.94049169151351,0.0,2.088399887084961,0.0005255999858491123,0.40149998664855957
1787820717.3523865,,,60.74999809265137,11.453300476074219,34.94107666471729,0.0,2.2699999809265137,0.0009453499806113541,0.32850000262260437
1787821569.0,171.31106666666668,-45.1864,,,,,,,
1787821614.0,171.31106666666668,-45.1864,,,,,,,
1787821870.0,171.31290000000004,-45.19400000000001,,,,,,,
1787823066.280365,,,4.269999861717224,11.323699951171875,34.788878263162815,0.0,2.4516000747680664,0.000762849987950176,0.60589998960495
1787823217.0759888,,,19.010000228881836,11.347000122070312,34.80986918910679,0.0,2.4516000747680664,0.0005785250104963779,0.6277999877929688
1787823367.7638855,,,35.85000038146973,11.425200462341309,34.90197864941004,0.0,2.1791999340057373,0.00044712499948218465,0.36500000953674316
1787823518.155426,,,53.67000102996826,11.455699920654297,34.94077301609924,0.0,2.36080002784729,0.0011369750136509538,0.41609999537467957
1787824102.567749,171.31002833333332,-45.189241666666675,,,,,,,
1787824130.5386353,,,4.519999921321869,11.32509994506836,34.78784209990681,0.0,2.4516000747680664,0.0006715999916195869,0.5620999932289124
1787825200.0183105,,,4.799999892711639,11.325699806213379,34.79320090395922,0.0,2.4516000747680664,0.0007446000236086547,0.5182999968528748
1787825350.5560303,,,22.820000648498535,11.353099822998047,34.81965336981028,0.0,2.4516000747680664,0.0007610250031575561,0.5037000179290771
1787825501.1906128,,,39.46000099182129,11.45199966430664,34.941901276728615,0.0,2.2699999809265137,0.0006442249868996441,0.35040000081062317
1787826209.0,171.31290000000004,-45.19400000000001,,,,,,,
1787826252.0,171.31290000000004,-45.19400000000001,,,,,,,
1787826483.0,171.33143333333334,-45.20913333333333,,,,,,,
1787827721.194275,,,4.53000009059906,11.329299926757812,34.79785427498792,0.0,2.36080002784729,0.0005383749958127737,0.5109999775886536
1787827871.746582,,,21.21999979019165,11.351900100708008,34.81803174097137,0.0,2.4516000747680664,0.0005694000283256173,0.44530001282691956
1787828022.180481,,,40.1800012588501,11.44950008392334,34.952154076276145,0.0,2.088399887084961,0.0005821749800816178,0.3357999920845032
1787828174.7760925,,,60.269999504089355,11.406299591064453,34.96262080025312,0.0,1.9975999593734741,0.0003066000062972307,0.39419999718666077
1787828749.203125,171.3125466666667,-45.19652666666666,,,,,,,
1787829813.989563,,,4.92000013589859,11.332200050354004,34.8014853047982,0.0,2.4516000747680664,0.0006040749722160399,0.6715999841690063
1787829964.4512024,,,22.049999237060547,11.338299751281738,34.82446166397413,0.0,2.36080002784729,0.0006004250026308,0.46720001101493835
1787830115.19516,,,39.8799991607666,11.399800300598145,34.88707927978635,0.0,2.2699999809265137,0.0005365500110201538,0.38690000772476196
1787830265.6504211,,,58.309998512268066,11.422300338745117,34.966654500888104,0.0,1.9975999593734741,0.00038690000656060874,0.3357999920845032
1787832069.6903687,,,4.699999988079071,11.34589958190918,34.81957930008773,0.0,2.36080002784729,0.000531074998434633,0.47450000047683716
1787832220.013214,,,21.519999504089355,11.343000411987305,34.814210637311625,0.0,2.36080002784729,0.0005694000283256173,0.48910000920295715
1787832370.427002,,,40.52999973297119,11.406399726867676,34.9115351578108,0.0,2.1791999340057373,0.0005493250209838152,0.38690000772476196
1787832520.9105225,,,59.43999767303467,11.432499885559082,34.96767326955725,0.0,1.9975999593734741,0.00032667501363903284,0.32120001316070557
1787833125.9769897,,,4.079999923706055,11.340299606323242,34.81771032159818,0.0,2.36080002784729,0.0006150249973870814,0.44530001282691956
1787834204.8435364,,,4.580000042915344,11.343799591064453,34.821418126199916,0.0,2.36080002784729,0.0005146500188857317,0.45260000228881836
1787834355.1424866,,,21.070001125335693,11.347299575805664,34.823237362301114,0.0,2.36080002784729,0.0005420250236056745,0.43070000410079956
1787834505.3986816,,,37.63000011444092,11.389399528503418,34.89157749231211,0.0,2.1791999340057373,0.0007099250215105712,0.5037000179290771
1787834655.5759888,,,54.670000076293945,11.430800437927246,34.96705602428632,0.0,1.9068000316619873,0.00027557500288821757,0.3357999920845032
1787835319.6085815,,,4.350000023841858,11.342100143432617,34.82203439371009,0.0,2.36080002784729,0.0005146500188857317,0.48179998993873596
1787836495.4377747,,,4.539999961853027,11.343099594116211,34.82288910575643,0.0,2.2699999809265137,0.0006606500246562064,0.5620999932289124
1787836646.0765991,,,23.380000591278076,11.34689998626709,34.824367912013685,0.0,2.36080002784729,0.0005694000283256173,0.40880000591278076
1787836796.4202576,,,40.89000225067139,11.389300346374512,34.887148190528166,0.0,2.1791999340057373,0.00048180000158026814,0.44530001282691956
1787836946.9006042,,,58.480000495910645,11.438599586486816,34.96796570197029,0.0,1.9975999593734741,0.00029017499764449894,0.32120001316070557
1787837664.52417,,,4.460000097751617,11.344300270080566,34.8254588503916,0.0,2.36080002784729,0.0004927500267513096,0.45989999175071716
1787838805.9414368,,,4.53000009059906,11.340100288391113,34.82552874077499,0.0,2.2699999809265137,0.0005840000230818987,0.60589998960495
1787838956.1246338,,,20.920000076293945,11.349200248718262,34.831618005665355,0.0,2.2699999809265137,0.0005511500057764351,0.5475000143051147
1787839106.536438,,,37.799999713897705,11.368000030517578,34.84972666899409,0.0,2.2699999809265137,0.0004580749955493957,0.46720001101493835
1787839257.1130676,,,54.33000087738037,11.457500457763672,34.97130795674076,0.0,1.9975999593734741,0.0003193749871570617,0.3357999920845032
1787839407.44281,,,69.94999885559082,11.451899528503418,34.970149156867066,0.0,1.9975999593734741,0.00035039999056607485,0.32120001316070557
1787841233.9743958,,,4.779999852180481,11.346699714660645,34.83117936031679,0.0,2.2699999809265137,0.0007062749937176704,0.48179998993873596
1787841384.299591,,,23.11000108718872,11.356100082397461,34.83492510890649,0.0,2.36080002784729,0.0007099250215105712,0.5328999757766724
1787841534.4530945,,,41.20999813079834,11.366600036621094,34.84923166146341,0.0,2.2699999809265137,0.0007135749910958111,0.525600016117096
1787841684.9509583,,,59.40999984741211,11.46560001373291,34.972255886765986,0.0,1.9975999593734741,0.00030112499371171,0.3138999938964844
1787842437.0141602,,,4.210000038146973,11.346799850463867,34.83312163091355,0.0,2.36080002784729,0.00060224998742342,0.49639999866485596
1787843616.221161,,,4.309999942779541,11.344799995422363,34.832092589079544,0.0,2.36080002784729,0.0005949499900452793,0.39419999718666077
1787843766.5379944,,,21.459999084472656,11.354000091552734,34.83368076430804,0.0,2.2699999809265137,0.000669775006826967,0.45260000228881836
1787843916.947937,,,39.17999982833862,11.365900039672852,34.85565164478558,0.0,2.2699999809265137,0.0005511500057764351,0.48179998993873596
1787844067.5895996,,,56.11000061035156,11.46399974822998,34.970888664914895,0.0,1.9068000316619873,0.00026462500682100654,0.32120001316070557
1787844217.9048157,,,73.80000114440918,11.468199729919434,34.97278170689252,0.0,1.9068000316619873,0.00035222500446252525,0.3138999938964844
1787844853.3066406,,,4.429999887943268,11.337300300598145,34.83079833867499,0.0,2.2699999809265137,0.0005036999937146902,0.5037000179290771
1787846078.5914001,,,4.620000123977661,11.34160041809082,34.83388795596027,0.0,2.2699999809265137,0.0005675749853253365,0.6132000088691711
1787846228.8056946,,,24.230000972747803,11.34570026397705,34.8329508062184,0.0,2.2699999809265137,0.0006442249868996441,0.6789000034332275
1787846378.9094543,,,42.719998359680176,11.363300323486328,34.859206233899954,0.0,2.2699999809265137,0.0005821749800816178,0.41609999537467957
1787846529.5987854,,,60.06999969482422,11.449199676513672,34.968202793700485,0.0,1.9975999593734741,0.00024272500013466924,0.2992999851703644
1787846680.4449463,,,76.90000057220459,11.46399974822998,34.97171975232481,0.0,1.9975999593734741,0.00030842499108985066,0.2992999851703644
1787847531.0,171.33143333333334,-45.20913333333333,,,,,,,
1787847539.0,171.35595,-45.22293333333334,,,,,,,
1787849366.6701965,,,4.639999866485596,11.338199615478516,34.83134153111604,0.0,2.36080002784729,0.0008668749942444265,0.5037000179290771
1787849517.2180176,,,22.179999351501465,11.345199584960938,34.83166378530279,0.0,2.36080002784729,0.0005493250209838152,0.46720001101493835
1787849667.6248474,,,39.790000915527344,11.356399536132812,34.84701833903999,0.0,2.2699999809265137,0.00044895001337863505,0.40149998664855957
1787849818.060852,,,58.17999839782715,11.441900253295898,34.96725051497708,0.0,1.9068000316619873,0.00041427501128055155,0.32120001316070557
1787849968.4223022,,,75.1800012588501,11.457599639892578,34.97073254386185,0.0,1.9975999593734741,0.0003412750083953142,0.32120001316070557
1787850672.6054077,171.33159333333333,-45.210296666666665,,,,,,,
1787852048.164978,,,4.729999899864197,11.34220027923584,34.828017233387314,0.0,2.36080002784729,0.00038690000656060874,0.43070000410079956
1787852198.5928345,,,22.190001010894775,11.347999572753906,34.83327476635215,0.0,2.36080002784729,0.0005255999858491123,0.5694000124931335
1787852349.1263123,,,40.939998626708984,11.403300285339355,34.94398726198992,0.0,1.9975999593734741,0.0006040749722160399,0.40149998664855957
1787852499.40448,,,59.42999839782715,11.43970012664795,34.96630239574205,0.0,1.9975999593734741,0.00035952500184066594,0.41609999537467957
1787852649.6769104,,,80.69999694824219,11.458800315856934,34.9707996922671,0.0,1.9975999593734741,0.0003193749871570617,0.3138999938964844
1787854680.8010254,,,4.339999854564667,11.334699630737305,34.829130740046345,0.0,2.36080002784729,0.0004233999934513122,0.48910000920295715
1787854831.6688843,,,22.639999389648438,11.341699600219727,34.82980685331065,0.0,2.2699999809265137,0.0007080999785102904,0.5109999775886536
1787854982.1650696,,,41.13999843597412,11.383700370788574,34.9241263449621,0.0,2.088399887084961,0.00043252500472590327,0.38690000772476196
1787855132.5939026,,,59.21999931335449,11.437800407409668,34.96631464469521,0.0,1.9975999593734741,0.0003066000062972307,0.3357999920845032
1787855282.8322754,,,76.50000095367432,11.46660041809082,34.97250282071181,0.0,1.9975999593734741,0.0003759500104933977,0.36500000953674316
1787857459.99646,,,4.429999887943268,11.321200370788574,34.82846088121334,0.0,2.36080002784729,0.00041244999738410115,0.5985999703407288
1787857610.50531,,,22.200000286102295,11.329999923706055,34.82777331726391,0.0,2.36080002784729,0.0004233999934513122,0.5547999739646912
1787857761.0141907,,,39.96999979019165,11.411999702453613,34.953804345628825,0.0,1.9975999593734741,0.0002263000060338527,0.32120001316070557
1787857911.4384766,,,57.30000019073486,11.444299697875977,34.96804075250897,0.0,1.9975999593734741,0.00025549999554641545,0.32850000262260437
1787858061.9387512,,,75.21999835968018,11.458999633789062,34.97166451728386,0.0,1.9975999593734741,0.0003047749924007803,0.32120001316070557
1787858898.7827148,,,4.480000138282776,11.321499824523926,34.82736086725151,0.0,2.36080002784729,0.0005237750010564923,0.6277999877929688
1787860257.892212,,,4.810000061988831,11.315899848937988,34.827348301692375,0.0,2.2699999809265137,0.00044895001337863505,0.5547999739646912
1787860408.546173,,,22.42000102996826,11.316800117492676,34.8263639105166,0.0,2.36080002784729,0.0006077250000089407,0.44530001282691956
1787860559.1349792,,,39.15999889373779,11.40250015258789,34.94742099751736,0.0,1.9975999593734741,0.0003394499944988638,0.32120001316070557
1787860709.7113647,,,55.61999797821045,11.429800033569336,34.96144368322391,0.0,1.9975999593734741,0.0002956500102300197,0.32120001316070557
1787860860.4970703,,,72.12999820709229,11.459199905395508,34.972354618642605,0.0,1.9975999593734741,0.0002664499916136265,0.2992999851703644
1787861011.0113525,,,88.36000442504883,11.474900245666504,34.97538748287577,0.0,1.9975999593734741,0.0003193749871570617,0.32850000262260437
1787861738.0711975,,,4.3299999833106995,11.31149959564209,34.827358532381865,0.0,2.36080002784729,0.0005858250078745186,0.44530001282691956
1787863224.1951904,,,4.839999973773956,11.3016996383667,34.82587705425218,0.0,2.2699999809265137,0.0003394499944988638,0.5401999950408936
1787863374.9942322,,,21.019999980926514,11.302399635314941,34.82700990717266,0.0,2.36080002784729,0.0010548500576987863,0.9854999780654907
1787863525.5802612,,,36.84000015258789,11.40719985961914,34.95004523183139,0.0,1.9975999593734741,0.00028287500026635826,0.35040000081062317
1787863675.9595642,,,52.89999961853027,11.44480037689209,34.96844030753501,0.0,1.9975999593734741,0.00029747499502263963,0.3138999938964844
1787863826.1531067,,,68.85000228881836,11.46310043334961,34.9737807891137,0.0,1.9975999593734741,0.0002682750055100769,0.30660000443458557
1787863976.6131287,,,84.98000144958496,11.474900245666504,34.976988148465864,0.0,1.9975999593734741,0.0003887249913532287,0.2847000062465668
1787866066.6437988,,,4.539999961853027,11.297900199890137,34.82851288328473,0.0,2.2699999809265137,0.0006332750199362636,0.32850000262260437
1787866217.1145935,,,24.760000705718994,11.38070011138916,34.90713622899158,0.0,2.1791999340057373,0.00022447500668931752,0.35040000081062317
1787866367.8536682,,,44.46000099182129,11.428400039672852,34.959334631588405,0.0,1.9975999593734741,0.00023725000210106373,0.30660000443458557
1787866518.105774,,,64.22999858856201,11.468099594116211,34.976543069841554,0.0,1.9975999593734741,0.00029200001154094934,0.30660000443458557
1787866668.1770325,,,83.83999824523926,11.47249984741211,34.97759366741109,0.0,1.9975999593734741,0.00034492500708438456,0.2773999869823456
1787869038.0,171.35595,-45.22293333333334,,,,,,,
1787869055.0,171.35595,-45.22293333333334,,,,,,,
1787869298.0,171.37371666666664,-45.229683333333334,,,,,,,
1787870915.2393494,,,4.629999995231628,11.317000389099121,34.832142974446874,0.0,2.1791999340057373,0.000693499983754009,0.34310001134872437
1787871065.6795654,,,24.000000953674316,11.420499801635742,34.92616128804945,0.0,2.088399887084961,0.0003193749871570617,0.37229999899864197
1787871216.218689,,,41.529998779296875,11.423199653625488,34.95557055183116,0.0,1.9975999593734741,0.0002664499916136265,0.34310001134872437
1787871366.6680298,,,60.63000202178955,11.459600448608398,34.9751166815776,0.0,1.9068000316619873,0.00025732500944286585,0.357699990272522
1787871516.9320679,,,80.81000328063965,11.462200164794922,34.97702249799065,0.0,1.9975999593734741,0.0002536750107537955,0.2700999975204468
1787872271.16156,171.35497666666663,-45.22411333333333,,,,,,,
1787872299.2549133,,,5.03000020980835,11.321900367736816,34.835368172242966,0.0,2.2699999809265137,0.00041244999738410115,0.41609999537467957
1787873801.7592163,,,4.5500001311302185,11.324000358581543,34.837364829657346,0.0,2.2699999809265137,0.0003284999984316528,0.2919999957084656
1787873952.0701294,,,23.65999937057495,11.405400276184082,34.918819752962904,0.0,2.088399887084961,0.0003631750005297363,0.38690000772476196
1787874102.569336,,,42.32999801635742,11.441100120544434,34.95103427827435,0.0,1.9975999593734741,0.0002700999903026968,0.43070000410079956
1787874253.099762,,,60.46999931335449,11.455499649047852,34.97471784181329,0.0,1.9975999593734741,0.00024272500013466924,0.3357999920845032
1787874403.2277527,,,79.08999919891357,11.454000473022461,34.975266306463176,0.0,1.9975999593734741,0.0002792250015772879,0.3357999920845032
1787876816.627716,,,4.8500001430511475,11.358400344848633,34.841996283183065,0.0,2.1791999340057373,0.00042704999214038253,0.2847000062465668
1787876966.7585754,,,22.279999256134033,11.36460018157959,34.90594292038271,0.0,2.088399887084961,0.00025549999554641545,0.42340001463890076
1787877117.5652466,,,38.78999948501587,11.463600158691406,34.96069367706202,0.0,1.9975999593734741,0.00030842499108985066,0.30660000443458557
1787877268.058838,,,55.0,11.440600395202637,34.96801844212378,0.0,1.9975999593734741,0.0002463750133756548,0.32850000262260437
1787877418.275879,,,70.93999862670898,11.440299987792969,34.97445698231458,0.0,1.9975999593734741,0.0002609750081319362,0.2992999851703644
1787877568.8407898,,,87.0199966430664,11.442099571228027,34.97499574878724,0.0,1.9068000316619873,0.00033762500970624387,0.2919999957084656
1787879916.7871094,,,5.0599998235702515,11.376399993896484,34.84292956967128,0.0,2.1791999340057373,0.00026279999292455614,0.19709999859333038
1787880067.1463013,,,23.389999866485596,11.446999549865723,34.93777510396017,0.0,2.088399887084961,0.0002773999876808375,0.43070000410079956
1787880217.711731,,,41.599998474121094,11.443900108337402,34.962658542607954,0.0,1.9975999593734741,0.00028104998636990786,0.37959998846054077
1787880368.0894775,,,60.65000057220459,11.443499565124512,34.97215215011336,0.0,1.9068000316619873,0.00018980000459123403,0.32120001316070557
1787880518.7635193,,,79.73000049591064,11.423800468444824,34.97320796302487,0.0,1.9068000316619873,0.0002682750055100769,0.2992999851703644
1787882874.6501465,,,4.60999995470047,11.417200088500977,34.84232202182296,0.0,2.1791999340057373,0.00041974999476224184,0.30660000443458557
1787883024.822113,,,24.059998989105225,11.51259994506836,34.9694248558489,0.0,1.9975999593734741,0.00024819999816827476,0.37229999899864197
1787883175.171997,,,42.57999897003174,11.429499626159668,34.964872660656454,0.0,1.9068000316619873,0.00026279999292455614,0.37229999899864197
1787883325.5246277,,,61.11000061035156,11.423800468444824,34.96903275718037,0.0,1.9068000316619873,0.00034309999318793416,0.37959998846054077
1787883475.8529663,,,80.17000198364258,11.402099609375,34.971491790074694,0.0,1.9975999593734741,0.00043252500472590327,0.2919999957084656
1787885885.7609253,,,4.3299999833106995,11.424400329589844,34.84445699776106,0.0,2.1791999340057373,0.0003066000062972307,0.43070000410079956
1787886036.0292664,,,20.56999921798706,11.427900314331055,34.911486454863,0.0,2.088399887084961,0.0002463750133756548,0.37229999899864197
1787886186.4788208,,,36.42999887466431,11.454299926757812,34.966790936319974,0.0,1.9068000316619873,0.00020257500000298023,0.44530001282691956
1787886337.460907,,,51.78999900817871,11.416099548339844,34.96622887226239,0.0,1.9975999593734741,0.0002317750040674582,0.36500000953674316
1787886488.0706482,,,67.82000064849854,11.408499717712402,34.96746696851185,0.0,1.9068000316619873,0.00026462500682100654,0.38690000772476196
1787886638.7068787,,,85.36999702453613,11.393899917602539,34.96892470292916,0.0,1.9975999593734741,0.0002609750081319362,0.34310001134872437
1787889087.969574,,,5.360000133514404,11.402299880981445,34.8444764494976,0.0,2.1791999340057373,0.000288350012851879,0.5475000143051147
1787889238.4310608,,,23.80000114440918,11.464500427246094,34.95930933417017,0.0,1.9975999593734741,0.00025549999554641545,0.46720001101493835
1787889388.7609253,,,41.95000171661377,11.417699813842773,34.962571210804,0.0,1.9068000316619873,0.0002171749947592616,0.39419999718666077
1787889538.858429,,,59.95999813079834,11.411100387573242,34.96464859739637,0.0,1.9068000316619873,0.00019527500262483954,0.3357999920845032
1787889689.7692566,,,77.88000106811523,11.400799751281738,34.969586446783204,0.0,1.9068000316619873,0.00024090000079013407,0.32850000262260437
1787889840.1115417,,,95.03999710083008,11.381799697875977,34.96875391003584,0.0,1.9975999593734741,0.0003558750031515956,0.32120001316070557
1787890817.0,171.37371666666664,-45.229683333333334,,,,,,,
1787890821.0,171.37371666666664,-45.229683333333334,,,,,,,
1787891071.0,171.42653333333334,-45.23766666666667,,,,,,,
1787892839.1716309,,,4.679999947547913,11.45989990234375,34.841953925997636,0.0,2.1791999340057373,0.0003412750083953142,0.57669997215271
1787892989.3089294,,,23.19000005722046,11.407099723815918,34.94623721641078,0.0,1.9975999593734741,0.0003759500104933977,0.47450000047683716
1787893140.2207336,,,40.68999767303467,11.39229965209961,34.966203971795,0.0,1.9975999593734741,0.0002682750055100769,0.43070000410079956
1787893290.6921997,,,58.01000118255615,11.39579963684082,34.96991125224413,0.0,1.9068000316619873,0.0003212000010535121,0.34310001134872437
1787893441.1535645,,,75.74999809265137,11.382800102233887,34.96768213218466,0.0,1.9068000316619873,0.00027374998899176717,0.30660000443458557
1787893591.6827698,,,92.9800033569336,11.351400375366211,34.965187216334265,0.0,1.9975999593734741,0.0003394499944988638,0.2773999869823456
1787894360.3392944,171.37470666666667,-45.23016833333333,,,,,,,
1787895957.4403687,,,4.810000061988831,11.409299850463867,34.84711818051982,0.0,2.1791999340057373,0.00035039999056607485,0.5037000179290771
1787896108.1101074,,,21.77999973297119,11.382399559020996,34.939059476076665,0.0,1.9975999593734741,0.00021534999541472644,0.39419999718666077
1787896258.4682007,,,38.55000019073486,11.382800102233887,34.96586013328058,0.0,1.9068000316619873,0.00018615000590216368,0.3357999920845032
1787896409.0539856,,,55.380001068115234,11.380200386047363,34.96902899577371,0.0,1.9975999593734741,0.00019527500262483954,0.32120001316070557
1787896559.3308105,,,72.03999996185303,11.380900382995605,34.96895617135441,0.0,1.9068000316619873,0.00034492500708438456,0.3138999938964844
1787896709.847412,,,88.50000381469727,11.351900100708008,34.96512418002988,0.0,1.9975999593734741,0.00025002501206472516,0.2773999869823456
1787899140.8403015,,,4.819999933242798,11.403300285339355,34.85317711624377,0.0,2.1791999340057373,0.00020987499738112092,0.38690000772476196
1787899291.5551453,,,22.5600004196167,11.360300064086914,34.922377972643154,0.0,2.088399887084961,0.0003047749924007803,0.525600016117096
1787899442.1540222,,,40.07999897003174,11.371600151062012,34.954387010594296,0.0,1.9975999593734741,0.00026462500682100654,0.40880000591278076
1787899592.3761292,,,57.67000198364258,11.36299991607666,34.96677045697477,0.0,1.9068000316619873,0.0002445499994792044,0.3138999938964844
1787899742.9981384,,,74.6500015258789,11.35219955444336,34.966357785272336,0.0,1.9975999593734741,0.00027557500288821757,0.32120001316070557
1787899893.3010864,,,91.45000457763672,11.331500053405762,34.96371569522668,0.0,1.9975999593734741,0.00026279999292455614,0.2773999869823456
1787902365.2496643,,,4.490000009536743,11.387399673461914,34.86131779384124,0.0,2.1791999340057373,0.0002317750040674582,0.37959998846054077
1787902515.5101624,,,19.16000008583069,11.345600128173828,34.915911677644665,0.0,1.9975999593734741,0.00029747499502263963,0.60589998960495
1787902665.7633972,,,34.48999881744385,11.357600212097168,34.958658381302996,0.0,1.9068000316619873,0.00021899999410379678,0.39419999718666077
1787902816.145752,,,52.839999198913574,11.355500221252441,34.96483810436516,0.0,1.9068000316619873,0.00020622499869205058,0.36500000953674316
1787902966.5868835,,,71.0200023651123,11.336600303649902,34.964920269962455,0.0,1.9068000316619873,0.0004252250073477626,0.32120001316070557
1787903116.8018494,,,89.35000419616699,11.316699981689453,34.961825272584335,0.0,1.9068000316619873,0.0002609750081319362,0.2847000062465668
1787905702.7456055,,,4.350000023841858,11.378000259399414,34.873041500713015,0.0,2.088399887084961,0.0002591499942354858,0.48179998993873596
1787905853.0819397,,,22.4399995803833,11.345100402832031,34.932071836960915,0.0,2.088399887084961,0.0002116999967256561,0.38690000772476196
1787906003.2479858,,,42.61000156402588,11.34850025177002,34.96375354928536,0.0,1.9068000316619873,0.0002609750081319362,0.37229999899864197
1787906153.6375427,,,62.150001525878906,11.333399772644043,34.965172909185654,0.0,1.9068000316619873,0.0003284999984316528,0.35040000081062317
1787906304.0892944,,,81.0200023651123,11.310700416564941,34.96349466251881,0.0,1.9068000316619873,0.0003066000062972307,0.3357999920845032
1787906454.3108826,,,99.63000297546387,11.290800094604492,34.96086715317054,0.0,1.9975999593734741,0.0003284999984316528,0.3357999920845032
1787909004.643097,,,4.699999988079071,11.387299537658691,34.88618248681474,0.0,2.088399887084961,0.0002591499942354858,0.42340001463890076
1787909154.9151917,,,22.200000286102295,11.346500396728516,34.93095202842991,0.0,1.9975999593734741,0.00022995000472292304,0.5475000143051147
1787909305.5375366,,,41.599998474121094,11.345000267028809,34.96315979245947,0.0,1.9068000316619873,0.0002171749947592616,0.36500000953674316
1787909455.8530579,,,60.83000183105469,11.329999923706055,34.96511821946718,0.0,1.9975999593734741,0.0002518499968573451,0.35040000081062317
1787909606.4933167,,,79.66000080108643,11.30090045928955,34.9615872064625,0.0,1.9068000316619873,0.00029017499764449894,0.3357999920845032
1787909756.7531128,,,98.66000175476074,11.212300300598145,34.946584565859055,0.0,1.9975999593734741,0.0002700999903026968,0.2847000062465668
1787910656.816681,,,4.569999873638153,11.399299621582031,34.892916074789184,0.0,2.088399887084961,0.00022995000472292304,0.43070000410079956
1787912601.0,171.42653333333334,-45.23766666666667,,,,,,,
1787912618.0,171.42653333333334,-45.23766666666667,,,,,,,
1787912859.0,171.48615000000004,-45.20968333333334,,,,,,,
1787934259.0,171.48615000000004,-45.20968333333334,,,,,,,
1787934276.0,171.48615000000004,-45.20968333333334,,,,,,,
1787934339.0,171.48615000000004,-45.20968333333334,,,,,,,
1787934401.0,171.48615000000004,-45.20968333333334,,,,,,,
1787934465.0,171.54773333333335,-45.17028333333332,,,,,,,
1787936569.4926758,,,4.300000071525574,11.330400466918945,34.960783259386524,0.0,1.9068000316619873,0.00018797500524669886,0.35040000081062317
1787936719.9141846,,,22.40999937057495,11.333999633789062,34.96056172746193,0.0,1.9068000316619873,0.00020075000065844506,0.3357999920845032
1787936870.191925,,,39.649999141693115,11.22819995880127,34.95472523210325,0.0,1.9068000316619873,0.0002956500102300197,0.37959998846054077
1787937020.52771,,,57.800002098083496,11.204700469970703,34.95090377265243,0.0,1.9068000316619873,0.00024272500013466924,0.3138999938964844
1787937171.4240417,,,76.46999835968018,11.1943998336792,34.95053228561489,0.0,1.9068000316619873,0.00024272500013466924,0.3138999938964844
1787937321.7697449,,,94.84000205993652,11.168700218200684,34.94513004570609,0.0,1.9068000316619873,0.00029017499764449894,0.2919999957084656
1787937472.1723328,,,113.28000068664551,11.151000022888184,34.94135408689237,0.0,1.9068000316619873,0.000288350012851879,0.2700999975204468
1787938477.0049744,171.48602166666666,-45.20980833333333,,,,,,,
1787940435.861786,,,4.620000123977661,11.240500450134277,34.95211375258085,0.0,1.9068000316619873,0.00019345000328030437,0.3138999938964844
1787940586.8789368,,,22.330000400543213,11.238699913024902,34.950737566186305,0.0,1.9068000316619873,0.0001916250039357692,0.3357999920845032
1787940737.275879,,,41.17000102996826,11.20110034942627,34.94666234760744,0.0,1.9068000316619873,0.00021534999541472644,0.34310001134872437
1787940887.3513794,,,59.47000026702881,11.178199768066406,34.944683680494656,0.0,1.9068000316619873,0.0002043999993475154,0.34310001134872437
1787941037.5744324,,,78.02999973297119,11.154899597167969,34.94048132213358,0.0,1.9068000316619873,0.00023542500275652856,0.3357999920845032
1787941187.967682,,,96.23000144958496,11.127099990844727,34.93544005503158,0.0,1.9068000316619873,0.0003303250123281032,0.32120001316070557
1787941338.1697083,,,114.67000007629395,11.136099815368652,34.93776201218219,0.0,1.9068000316619873,0.0002390750014455989,0.2919999957084656
1787944535.605713,,,4.510000050067902,11.231900215148926,34.95725096342595,0.0,1.9068000316619873,0.00020075000065844506,0.34310001134872437
1787944686.6056213,,,21.17000102996826,11.234299659729004,34.9567296801539,0.0,1.9068000316619873,0.00020987499738112092,0.357699990272522
1787944837.0963745,,,37.730000019073486,11.247300148010254,34.95762988521305,0.0,1.9068000316619873,0.00026279999292455614,0.32850000262260437
1787944987.1536255,,,56.25,11.250499725341797,34.95821713515306,0.0,1.9068000316619873,0.00021352499607019126,0.34310001134872437
1787945137.6109009,,,70.02999782562256,11.24489974975586,34.95686730793995,0.0,1.9068000316619873,0.00020622499869205058,0.357699990272522
1787945288.615326,,,83.76999855041504,11.246600151062012,34.95795207126558,0.0,1.9068000316619873,0.00025732500944286585,0.36500000953674316
1787945438.9364624,,,99.89999771118164,11.247699737548828,34.95705565333065,0.0,1.9068000316619873,0.0002773999876808375,0.35040000081062317
1787945589.1920776,,,118.92999649047852,11.23799991607666,34.95608118622751,0.0,1.9068000316619873,0.0002116999967256561,0.36500000953674316
1787945739.500763,,,137.51999855041504,11.240799903869629,34.9554724737527,0.0,1.9068000316619873,0.0002700999903026968,0.3357999920845032
1787945890.543396,,,159.44000244140625,11.235600471496582,34.9546238516802,0.0,1.9068000316619873,0.00020987499738112092,0.35040000081062317
1787950377.1166077,,,4.4200000166893005,11.26449966430664,34.960324881592385,0.0,1.9068000316619873,0.00020622499869205058,0.2773999869823456
1787950527.2834473,,,21.040000915527344,11.255800247192383,34.958040405655304,0.0,1.9068000316619873,0.00020075000065844506,0.43070000410079956
1787950677.4772034,,,37.769999504089355,11.229599952697754,34.95443820498983,0.0,1.9068000316619873,0.00019710000196937472,0.38690000772476196
1787950827.7226868,,,55.57000160217285,11.221400260925293,34.95364618254206,0.0,1.9068000316619873,0.0002956500102300197,0.37229999899864197
1787950977.9299927,,,75.1200008392334,11.184900283813477,34.94742666137265,0.0,1.9068000316619873,0.0002263000060338527,0.32120001316070557
1787951128.1116333,,,95.95000267028809,11.179100036621094,34.946397842905114,0.0,1.9068000316619873,0.00020075000065844506,0.3138999938964844
1787951279.0924683,,,117.27999687194824,11.145700454711914,34.93982237441969,0.0,1.9068000316619873,0.00022812500537838787,0.2919999957084656
1787951429.407196,,,138.10999870300293,11.110400199890137,34.93337570375944,0.0,1.9068000316619873,0.00020622499869205058,0.2700999975204468
1787951580.4172363,,,158.78999710083008,11.089099884033203,34.92963716248816,0.0,1.9068000316619873,0.00020257500000298023,0.2700999975204468
1787956408.0,171.54773333333335,-45.17028333333332,,,,,,,
1787956471.0,171.54773333333335,-45.17028333333332,,,,,,,
1787956719.0,171.54773333333335,-45.17028333333332,,,,,,,
1787956781.0,171.5322666666667,-45.129883333333325,,,,,,,
1787959963.9213562,,,4.3299999833106995,11.289799690246582,34.93357113886179,0.0,1.9068000316619873,0.0001989250013139099,0.32120001316070557
1787960114.4204712,,,19.889999628067017,11.261699676513672,34.94878075266655,0.0,1.9068000316619873,0.0001916250039357692,0.32120001316070557
1787960264.5238342,,,33.8700008392334,11.24590015411377,34.955918071166266,0.0,1.9068000316619873,0.00019527500262483954,0.40149998664855957
1787960414.6555176,,,49.85000133514404,11.230199813842773,34.95471386876216,0.0,1.9068000316619873,0.0002317750040674582,0.41609999537467957
1787960564.9747925,,,66.44999980926514,11.216899871826172,34.95274689662539,0.0,1.9068000316619873,0.00025002501206472516,0.37229999899864197
1787960715.1577454,,,83.03999900817871,11.134099960327148,34.9401732235611,0.0,1.9068000316619873,0.00021534999541472644,0.35040000081062317
1787960865.3494263,,,99.1100025177002,11.141400337219238,34.93858942025629,0.0,1.9068000316619873,0.00020257500000298023,0.35040000081062317
1787961015.5983582,,,114.39999580383301,11.133000373840332,34.93823673832787,0.0,1.9068000316619873,0.0002171749947592616,0.30660000443458557
1787961165.7371216,,,128.68000030517578,11.139699935913086,34.93933259216624,0.0,1.9068000316619873,0.0002116999967256561,0.2992999851703644
1787961316.1367188,,,145.93000411987305,11.144200325012207,34.93960532578496,0.0,1.9068000316619873,0.00023542500275652856,0.2847000062465668
1787961466.4223022,,,164.22000885009766,11.136799812316895,34.93818222474302,0.0,1.9068000316619873,0.00021534999541472644,0.2992999851703644
1787962906.1849365,171.549025,-45.170286666666655,,,,,,,
1787965964.2901306,,,4.869999885559082,11.402600288391113,34.86847134609601,0.0,2.088399887084961,0.0001989250013139099,0.21899999678134918
1787966114.3746643,,,20.03999948501587,11.327300071716309,34.91589104354886,0.0,1.9975999593734741,0.0002518499968573451,0.6277999877929688
1787966264.4254456,,,35.16999959945679,11.212200164794922,34.9470684790634,0.0,1.9068000316619873,0.00020987499738112092,0.40149998664855957
1787966415.3431091,,,50.52999973297119,11.201299667358398,34.94873943242891,0.0,1.9068000316619873,0.00018797500524669886,0.37229999899864197
1787966565.9068604,,,67.36999988555908,11.182299613952637,34.94610480822887,0.0,1.9068000316619873,0.00020804999803658575,0.34310001134872437
1787966716.252533,,,86.87000274658203,11.135000228881836,34.939494328471596,0.0,1.9068000316619873,0.0002263000060338527,0.2919999957084656
1787966867.2755432,,,105.53000450134277,11.132100105285645,34.93837913223188,0.0,1.9068000316619873,0.00022082499344833195,0.2919999957084656
1787967018.317627,,,123.92999649047852,11.117400169372559,34.93575104152418,0.0,1.9068000316619873,0.0002171749947592616,0.3138999938964844
1787967169.2256775,,,141.61999702453613,11.110400199890137,34.933601730650715,0.0,1.9068000316619873,0.0002043999993475154,0.2919999957084656
1787967319.3642883,,,159.37999725341797,11.112000465393066,34.93312379579348,0.0,1.9068000316619873,0.0007263500010594726,0.30660000443458557
1787967470.348053,,,176.50999069213867,11.107199668884277,34.93144506647608,0.0,1.9068000316619873,0.0006898500141687691,0.30660000443458557
1787971427.5830383,,,4.410000145435333,11.454400062561035,34.88800879232164,0.0,1.9975999593734741,0.0001989250013139099,0.2919999957084656
1787971577.8492126,,,22.679998874664307,11.330599784851074,34.908608789307046,0.0,2.088399887084961,0.0002171749947592616,0.7226999998092651
1787971727.985199,,,40.70000171661377,11.256600379943848,34.946076558607125,0.0,1.9068000316619873,0.00019345000328030437,0.45989999175071716
1787971878.1487732,,,59.42999839782715,11.173600196838379,34.940611328510506,0.0,1.9068000316619873,0.00017884999397210777,0.357699990272522
1787972028.252716,,,79.07999992370605,11.144800186157227,34.937856973944385,0.0,1.9068000316619873,0.00024090000079013407,0.32120001316070557
1787972178.581665,,,96.89999580383301,11.076800346374512,34.92493636520436,0.0,1.9068000316619873,0.00023360000341199338,0.2919999957084656
1787972329.5883179,,,114.72999572753906,11.043600082397461,34.918783120136005,0.0,1.9975999593734741,0.00027374998899176717,0.2700999975204468
1787975387.2914734,,,4.460000097751617,11.508500099182129,34.90775125985598,0.0,1.9975999593734741,0.00017884999397210777,0.42340001463890076
1787975537.9475098,,,22.650001049041748,11.386899948120117,34.90468991446835,0.0,1.9975999593734741,0.00017154999659396708,0.5401999950408936
1787975688.396576,,,42.129998207092285,11.360199928283691,34.91164621515505,0.0,2.088399887084961,0.00020804999803658575,0.5547999739646912
1787975838.9689026,,,60.260000228881836,11.28030014038086,34.94969554311245,0.0,1.9975999593734741,0.0002700999903026968,0.46720001101493835
1787975989.3091736,,,78.4499979019165,11.196999549865723,34.944392983117595,0.0,1.9068000316619873,0.00020622499869205058,0.2773999869823456
1787976140.000763,,,95.83999633789062,11.194899559020996,34.94288625596155,0.0,1.9068000316619873,0.0002792250015772879,0.2847000062465668
1787976290.2054138,,,113.19999694824219,11.194000244140625,34.94175137192941,0.0,1.9975999593734741,0.0002317750040674582,0.262800008058548
1787977486.0,171.5322666666667,-45.129883333333325,,,,,,,
1787977503.0,171.5322666666667,-45.129883333333325,,,,,,,
1787977744.0,171.53788333333335,-45.10435000000001,,,,,,,
1787979830.9804993,,,4.519999921321869,11.522100448608398,34.90475582133286,0.0,1.9975999593734741,0.00022082499344833195,1.7592999935150146
1787979981.3236084,,,21.659998893737793,11.392800331115723,34.90925513564391,0.0,2.088399887084961,0.0001843250065576285,0.48910000920295715
1787980131.7320862,,,39.34999942779541,11.38070011138916,34.92261441658937,0.0,1.9975999593734741,0.00020257500000298023,0.48179998993873596
1787980282.3253174,,,56.519999504089355,11.358099937438965,34.9420958225203,0.0,1.9975999593734741,0.00020987499738112092,0.38690000772476196
1787980433.0878296,,,73.55999946594238,11.283599853515625,34.951144199679554,0.0,1.9975999593734741,0.00022082499344833195,0.2773999869823456
1787980583.281189,,,90.92000007629395,11.275199890136719,34.95314629660561,0.0,1.9068000316619873,0.0002317750040674582,0.2919999957084656
1787980733.6157837,,,110.93999862670898,11.20829963684082,34.94340722829393,0.0,2.088399887084961,0.00045625001075677574,0.24819999933242798
1787981674.9410095,171.53367333333335,-45.129775,,,,,,,
1787983521.7394104,,,4.429999887943268,11.501999855041504,34.89661530940192,0.0,2.088399887084961,0.00020987499738112092,0.8759999871253967
1787983671.8529358,,,22.780001163482666,11.399200439453125,34.91289946435513,0.0,1.9975999593734741,0.0002390750014455989,0.44530001282691956
1787983822.5082092,,,41.84000015258789,11.387299537658691,34.93110227541424,0.0,1.9975999593734741,0.00026462500682100654,0.6424000263214111
1787983973.1880798,,,60.45000076293945,11.376299858093262,34.94648880476043,0.0,1.9975999593734741,0.00021899999410379678,0.30660000443458557
1787984124.238037,,,78.5200023651123,11.377300262451172,34.94749091078117,0.0,1.9975999593734741,0.00017337499593850225,0.3138999938964844
1787984275.2569885,,,97.18999862670898,11.331999778747559,34.952655124740524,0.0,1.9975999593734741,0.00018067499331664294,0.2773999869823456
1787985343.150177,,,4.239999949932098,11.497900009155273,34.8931609866028,0.0,2.088399887084961,0.00020622499869205058,0.715399980545044
1787987153.4162598,,,4.909999966621399,11.495499610900879,34.89097818290097,0.0,2.088399887084961,0.00017884999397210777,0.8321999907493591
1787987303.7775269,,,23.19999933242798,11.457900047302246,34.92705344469162,0.0,1.9975999593734741,0.00021899999410379678,0.5475000143051147
1787987454.8110352,,,42.14000225067139,11.405500411987305,34.94057560742003,0.0,1.9975999593734741,0.0002317750040674582,0.6132000088691711
1787987605.6575928,,,60.77000141143799,11.399100303649902,34.94268345264951,0.0,1.9975999593734741,0.00022082499344833195,0.3357999920845032
1787987756.276123,,,79.27000045776367,11.39229965209961,34.95206689755247,0.0,1.9975999593734741,0.00023725000210106373,0.35040000081062317
1787987906.6163635,,,97.6200008392334,11.362299919128418,34.96210862353839,0.0,1.9975999593734741,0.0002116999967256561,0.2847000062465668
1787990606.9238892,,,4.4999998807907104,11.491000175476074,34.88770359968775,0.0,2.088399887084961,0.0002043999993475154,0.6496999859809875
1787990757.8743591,,,22.790000438690186,11.435099601745605,34.91625473135291,0.0,1.9975999593734741,0.00023542500275652856,0.5475000143051147
1787990907.9899902,,,41.4300012588501,11.412699699401855,34.93041521852483,0.0,2.088399887084961,0.00017884999397210777,0.43070000410079956
1787991058.9137573,,,59.609999656677246,11.395299911499023,34.939569820774636,0.0,1.9975999593734741,0.0004252250073477626,0.357699990272522
1787991209.024231,,,77.43000030517578,11.394599914550781,34.94298736129296,0.0,1.9975999593734741,0.00019710000196937472,0.42340001463890076
1787991359.9871216,,,95.46999931335449,11.374500274658203,34.95160953636953,0.0,1.9975999593734741,0.0001770249946275726,0.35040000081062317
1787994162.47229,,,4.269999861717224,11.45580005645752,34.884574398770106,0.0,2.088399887084961,0.00020257500000298023,0.60589998960495
1787994312.872528,,,19.9399995803833,11.443499565124512,34.90216325704836,0.0,2.088399887084961,0.0002116999967256561,0.6934999823570251
1787994463.6244507,,,38.380000591278076,11.442700386047363,34.918439187939,0.0,1.9975999593734741,0.00021352499607019126,0.7081000208854675
1787994614.2425842,,,56.77000045776367,11.428099632263184,34.92702135390653,0.0,2.088399887084961,0.00039420000393874943,0.6351000070571899
1787994764.5042114,,,75.04000186920166,11.429200172424316,34.932886006419764,0.0,2.088399887084961,0.00018067499331664294,0.36500000953674316
1787994915.4597473,,,93.36999893188477,11.397199630737305,34.95372671655073,0.0,1.9975999593734741,0.00021899999410379678,0.2992999851703644
1787997598.2115173,,,4.519999921321869,11.428600311279297,34.885233775780456,0.0,2.088399887084961,0.0001642499992158264,0.7519000172615051
1787997748.3147278,,,21.040000915527344,11.426799774169922,34.8992555291122,0.0,2.088399887084961,0.00016607499856036156,0.6789000034332275
1787997899.0452576,,,38.68000030517578,11.442299842834473,34.91195594370833,0.0,2.088399887084961,0.0005913000204600394,0.6496999859809875
1787998049.2081604,,,56.690001487731934,11.444700241088867,34.916206839456635,0.0,2.088399887084961,0.00021534999541472644,0.45989999175071716
1787998199.4082642,,,74.73999977111816,11.451600074768066,34.92815775960958,0.0,2.088399887084961,0.0002682750055100769,0.6424000263214111
1787998349.95755,,,92.3799991607666,11.450300216674805,34.940135999595874,0.0,2.088399887084961,0.000288350012851879,0.2847000062465668
1787999357.0,171.53788333333335,-45.10435000000001,,,,,,,
1787999374.0,171.52281666666664,-45.06576666666666,,,,,,,
1788001603.5345154,,,4.410000145435333,11.418800354003906,34.88345990911115,0.0,2.088399887084961,0.00020622499869205058,0.7372999787330627
1788001753.9320679,,,24.070000648498535,11.446000099182129,34.90794769157938,0.0,1.9975999593734741,0.00022447500668931752,0.6424000263214111
1788001904.2721252,,,43.90999794006348,11.457599639892578,34.92582080192321,0.0,2.088399887084961,0.0002463750133756548,0.7591999769210815
1788002054.7791138,,,63.369998931884766,11.458000183105469,34.92775429283703,0.0,2.088399887084961,0.00022082499344833195,0.46720001101493835
1788002205.1539307,,,83.2699966430664,11.458800315856934,34.93021391276828,0.0,2.088399887084961,0.00028287500026635826,0.48179998993873596
1788002355.4579773,,,102.3900032043457,11.376500129699707,34.95297504249375,0.0,2.088399887084961,0.0003284999984316528,0.23360000550746918
1788003337.3905945,171.53966333333332,-45.10373166666667,,,,,,,
1788005133.3980408,,,4.480000138282776,11.433099746704102,34.89277443435037,0.0,2.088399887084961,0.00018067499331664294,1.1241999864578247
1788005283.8412476,,,21.040000915527344,11.460800170898438,34.910343116882416,0.0,2.088399887084961,0.00016607499856036156,0.6789000034332275
1788005434.4230347,,,38.64000082015991,11.455100059509277,34.92944288513791,0.0,2.088399887084961,0.00027374998899176717,0.40880000591278076
1788005584.8245544,,,55.58000087738037,11.458700180053711,34.930558155577785,0.0,2.088399887084961,0.0002664499916136265,0.32120001316070557
1788005735.448578,,,72.36000061035156,11.463399887084961,34.932492388891184,0.0,2.088399887084961,0.0002591499942354858,0.3357999920845032
1788005885.8797607,,,89.28999900817871,11.46500015258789,34.93630959961617,0.0,2.088399887084961,0.0002463750133756548,0.2919999957084656
1788008595.2219849,,,4.690000116825104,11.459400177001953,34.89957766825098,0.0,1.9975999593734741,0.00014600000577047467,0.40149998664855957
1788008745.9796448,,,20.810000896453857,11.451800346374512,34.90629337299791,0.0,1.9975999593734741,0.00014052499318495393,0.37959998846054077
1788008896.8703003,,,38.15000057220459,11.451199531555176,34.924943991034816,0.0,1.9975999593734741,0.0001697249972494319,0.41609999537467957
1788009047.4933777,,,55.07999897003174,11.431300163269043,34.925537145846384,0.0,2.088399887084961,0.00023360000341199338,0.35040000081062317
1788009198.4273987,,,72.10999965667725,11.456700325012207,34.93725682108212,0.0,2.088399887084961,0.00023360000341199338,0.30660000443458557
1788009349.3702698,,,88.95000457763672,11.44379997253418,34.93762224869051,0.0,2.088399887084961,0.0002445499994792044,0.3138999938964844
1788012061.3079224,,,4.309999942779541,11.453800201416016,34.89386246695899,0.0,2.1791999340057373,0.00015512500249315053,0.48910000920295715
1788012212.243103,,,24.059998989105225,11.457300186157227,34.89272440337885,0.0,1.9975999593734741,0.00014782500511500984,0.3357999920845032
1788012363.1558228,,,41.14999771118164,11.423999786376953,34.924105787950985,0.0,2.088399887084961,0.00018980000459123403,0.37229999899864197
1788012514.1531677,,,59.36999797821045,11.434200286865234,34.93325008476819,0.0,2.088399887084961,0.00033579999580979347,0.34310001134872437
1788012665.0734863,,,77.71999835968018,11.444700241088867,34.93978315710571,0.0,2.088399887084961,0.0002536750107537955,0.3138999938964844
1788012816.0374756,,,96.18000030517578,11.420999526977539,34.947172822101216,0.0,2.1791999340057373,0.0003467499918770045,0.2554999887943268
1788015297.0267944,,,4.510000050067902,11.432600021362305,34.89432347724336,0.0,1.9975999593734741,0.00014600000577047467,0.357699990272522
1788015447.9708252,,,18.580000400543213,11.424500465393066,34.89252995414122,0.0,1.9975999593734741,0.00013869999384041876,0.32850000262260437
1788015598.046753,,,36.519999504089355,11.422900199890137,34.920085036365066,0.0,2.088399887084961,0.0002171749947592616,0.34310001134872437
1788015749.012268,,,55.390000343322754,11.419899940490723,34.92232924598045,0.0,2.088399887084961,0.00020622499869205058,0.32120001316070557
1788015899.3292542,,,74.40999984741211,11.440099716186523,34.935618163612816,0.0,2.088399887084961,0.00022447500668931752,0.3138999938964844
1788016050.241211,,,93.48999977111816,11.432299613952637,34.94598651681873,0.0,2.088399887084961,0.000368650013115257,0.2700999975204468
1788018658.3420105,,,4.92000013589859,11.434000015258789,34.89895110320745,0.0,2.088399887084961,0.00014600000577047467,0.45260000228881836
1788018809.0187378,,,20.1200008392334,11.438799858093262,34.897621498557974,0.0,2.1791999340057373,0.00016242499987129122,0.38690000772476196
1788018960.0289917,,,39.60000038146973,11.434399604797363,34.901111001398085,0.0,1.9975999593734741,0.0001697249972494319,0.357699990272522
1788019111.0224,,,58.85000228881836,11.433300018310547,34.92216560337942,0.0,2.088399887084961,0.00020622499869205058,0.39419999718666077
1788019261.6717834,,,77.16000080108643,11.444000244140625,34.94118922309268,0.0,2.088399887084961,0.0003029500076081604,0.2847000062465668
1788019412.5415955,,,96.42999649047852,11.446999549865723,34.949171214885894,0.0,2.088399887084961,0.0004927500267513096,0.2773999869823456
1788020424.0,171.52281666666664,-45.06576666666666,,,,,,,
1788020437.0,171.52281666666664,-45.06576666666666,,,,,,,
1788020682.0,171.5085333333333,-45.0475,,,,,,,
1788022552.4140625,,,4.309999942779541,11.330300331115723,34.831122007459605,0.0,2.1791999340057373,0.00018797500524669886,0.35040000081062317
1788022702.6765442,,,19.78000044822693,11.367899894714355,34.8594463075748,0.0,2.088399887084961,0.00019345000328030437,0.37959998846054077
1788022853.0229797,,,35.56999921798706,11.419300079345703,34.89531131817783,0.0,1.9975999593734741,0.0001569500018376857,0.34310001134872437
1788023003.3250732,,,52.239999771118164,11.42549991607666,34.925758589478214,0.0,2.088399887084961,0.00016789999790489674,0.39419999718666077
1788023153.6273499,,,68.20000171661377,11.436200141906738,34.93366180890645,0.0,2.088399887084961,0.00022082499344833195,0.36500000953674316
1788023304.5373535,,,84.21999931335449,11.447799682617188,34.94612508363096,0.0,2.088399887084961,0.0003284999984316528,0.2919999957084656
1788024198.9432373,171.52372333333332,-45.06507166666667,,,,,,,
1788025813.104004,,,4.480000138282776,11.323800086975098,34.82489122529551,0.0,2.1791999340057373,0.00014600000577047467,0.2992999851703644
1788025963.8570251,,,23.420000076293945,11.375200271606445,34.85914374571929,0.0,2.088399887084961,0.00013869999384041876,0.32850000262260437
1788026114.2183533,,,41.500000953674316,11.459199905395508,34.924886176385485,0.0,2.088399887084961,0.00022447500668931752,0.6862000226974487
1788026264.5558472,,,59.84000205993652,11.468199729919434,34.93322699534344,0.0,2.088399887084961,0.00023542500275652856,0.32120001316070557
1788026414.8955688,,,78.24999809265137,11.4399995803833,34.932126450579446,0.0,1.9975999593734741,0.00022082499344833195,0.38690000772476196
1788026565.5087585,,,96.56000137329102,11.466400146484375,34.95231435727166,0.0,2.1791999340057373,0.0003650000144261867,0.2700999975204468
1788028900.4597168,,,4.990000128746033,11.286199569702148,34.79976754666247,0.0,2.1791999340057373,0.00015877500118222088,0.2919999957084656
1788029051.407898,,,21.689999103546143,11.359399795532227,34.838683511834546,0.0,2.1791999340057373,0.0001642499992158264,0.32120001316070557
1788029202.2222595,,,40.59999942779541,11.428400039672852,34.905643206215586,0.0,1.9975999593734741,0.00014235000708140433,0.38690000772476196
1788029353.0117188,,,61.020002365112305,11.484299659729004,34.93438224553499,0.0,2.088399887084961,0.0001989250013139099,0.32120001316070557
1788029503.9961853,,,82.3900032043457,11.440799713134766,34.93299102096049,0.0,2.088399887084961,0.00021352499607019126,0.3357999920845032
1788030398.2131958,,,4.709999859333038,11.288299560546875,34.79582607191199,0.0,2.1791999340057373,0.00016242499987129122,0.38690000772476196
1788032030.069519,,,4.3299999833106995,11.284899711608887,34.79493908200702,0.0,2.2699999809265137,0.0001569500018376857,0.2847000062465668
1788032180.188202,,,20.130000114440918,11.330499649047852,34.81364926081286,0.0,2.1791999340057373,0.00016242499987129122,0.30660000443458557
1788032330.565094,,,36.510000228881836,11.4350004196167,34.89588428666356,0.0,2.088399887084961,0.00013869999384041876,0.32120001316070557
1788032481.41156,,,52.709999084472656,11.4753999710083,34.929493549571575,0.0,2.088399887084961,0.00016060000052675605,0.39419999718666077
1788032631.7840576,,,72.32999801635742,11.430899620056152,34.92486897132426,0.0,2.088399887084961,0.00016607499856036156,0.37229999899864197
1788032782.3696594,,,92.32000350952148,11.481300354003906,34.95275661850749,0.0,2.1791999340057373,0.0006150249973870814,0.2773999869823456
1788035086.1381226,,,4.490000009536743,11.277799606323242,34.7897631502972,0.0,2.2699999809265137,0.00016060000052675605,0.30660000443458557
1788035237.019165,,,21.80000066757202,11.289199829101562,34.79011482997799,0.0,2.2699999809265137,0.00015512500249315053,0.2700999975204468
1788035387.9364014,,,39.27999973297119,11.317000389099121,34.8231104149133,0.0,2.1791999340057373,0.00015330000314861536,0.3357999920845032
1788035538.8320923,,,56.29000186920166,11.435700416564941,34.90244055246951,0.0,2.088399887084961,0.00014052499318495393,0.357699990272522
1788035689.7979736,,,73.42999935150146,11.432600021362305,34.92732104900501,0.0,2.088399887084961,0.0002609750081319362,0.37959998846054077
1788035839.8979797,,,89.82000350952148,11.502300262451172,34.955350362938525,0.0,2.1791999340057373,0.0005529749905690551,0.2919999957084656
1788038147.3035889,,,4.8899999260902405,11.291399955749512,34.78646333160432,0.0,2.2699999809265137,0.0002043999993475154,0.3138999938964844
1788038298.214569,,,22.000000476837158,11.290599822998047,34.78751331003114,0.0,2.2699999809265137,0.00016060000052675605,0.34310001134872437
1788038449.145874,,,39.010000228881836,11.309000015258789,34.80907041601726,0.0,2.1791999340057373,0.00016060000052675605,0.35040000081062317
1788038600.107483,,,56.539998054504395,11.424599647521973,34.886307495507296,0.0,2.088399887084961,0.00014965000445954502,0.39419999718666077
1788038751.119873,,,73.94000053405762,11.410699844360352,34.90337735312497,0.0,2.088399887084961,0.0001569500018376857,0.37959998846054077
1788038901.319519,,,90.26000022888184,11.504899978637695,34.95378346412633,0.0,2.1791999340057373,0.0005785250104963779,0.2700999975204468
1788041149.595398,,,4.830000102519989,11.303600311279297,34.784396181844876,0.0,2.2699999809265137,0.0002463750133756548,0.41609999537467957
1788041299.7996826,,,21.19999885559082,11.29800033569336,34.78614113829287,0.0,2.2699999809265137,0.0002116999967256561,0.7372999787330627
1788041450.4558716,,,38.02999973297119,11.29580020904541,34.787652517405114,0.0,2.2699999809265137,0.00021352499607019126,0.48179998993873596
1788041600.6258545,,,53.90999794006348,11.345800399780273,34.83022799813937,0.0,2.2699999809265137,0.00027374998899176717,0.40149998664855957
1788042245.0,171.5085333333333,-45.0475,,,,,,,
1788042304.0,171.5085333333333,-45.0475,,,,,,,
1788042553.0,171.49608333333333,-45.01121666666666,,,,,,,
1788044274.5350037,,,4.469999969005585,11.288900375366211,34.77323165455645,0.0,2.2699999809265137,0.00020257500000298023,0.6496999859809875
1788044424.7600708,,,20.799999237060547,11.290499687194824,34.77663179698469,0.0,2.36080002784729,0.0002263000060338527,0.6132000088691711
1788044574.9342957,,,37.27999925613403,11.291099548339844,34.78299913663075,0.0,2.2699999809265137,0.00020987499738112092,0.7226999998092651
1788044725.058319,,,53.94999980926514,11.341899871826172,34.827254891885,0.0,2.36080002784729,0.0003303250123281032,0.43070000410079956
1788044875.4010925,,,69.62999820709229,11.472999572753906,34.92908101777348,0.0,2.36080002784729,0.0007190500036813319,0.30660000443458557
1788045025.6015625,,,85.60000419616699,11.4798002243042,34.934928850712765,0.0,2.36080002784729,0.000832199992146343,0.2773999869823456
1788045778.587738,171.50977166666664,-45.047374999999995,,,,,,,
1788047364.8237,,,4.070000052452087,11.274200439453125,34.76724072484226,0.0,2.36080002784729,0.00026462500682100654,0.9854999780654907
1788047515.282013,,,22.46000051498413,11.280400276184082,34.76875406268317,0.0,2.36080002784729,0.0002390750014455989,0.9197999835014343
1788047665.4595947,,,39.86000061035156,11.300000190734863,34.7915012348245,0.0,2.36080002784729,0.00028287500026635826,0.48910000920295715
1788047816.0014038,,,58.23999881744385,11.467000007629395,34.922222090551614,0.0,2.4516000747680664,0.0008504500146955252,0.3138999938964844
1788047966.184784,,,75.99999904632568,11.470199584960938,34.92276898720639,0.0,2.4516000747680664,0.0007117500063031912,0.32120001316070557
1788048871.2653198,,,4.1600000858306885,11.270000457763672,34.76362003250526,0.0,2.36080002784729,0.0002773999876808375,0.8978999853134155
1788050342.0852356,,,4.169999957084656,11.263899803161621,34.7591489808597,0.0,2.36080002784729,0.0002773999876808375,0.7226999998092651
1788050492.447113,,,19.570000171661377,11.269800186157227,34.765857252012985,0.0,2.36080002784729,0.00027374998899176717,0.7226999998092651
1788050642.7811584,,,34.47999954223633,11.2746000289917,34.768466946914984,0.0,2.36080002784729,0.0002536750107537955,0.5037000179290771
1788050793.3512268,,,50.999999046325684,11.315799713134766,34.80117301188837,0.0,2.36080002784729,0.00041974999476224184,0.43799999356269836
1788050943.5377502,,,68.15999984741211,11.475299835205078,34.92756040655561,0.0,2.36080002784729,0.0006770750042051077,0.30660000443458557
1788051093.9442139,,,87.95999526977539,11.479399681091309,34.92912299821094,0.0,2.4516000747680664,0.0009106749785132706,0.30660000443458557
1788053298.9207153,,,4.60999995470047,11.26140022277832,34.754560080333185,0.0,2.36080002784729,0.00038690000656060874,0.6132000088691711
1788053449.3405151,,,22.43000030517578,11.26200008392334,34.75953343477578,0.0,2.4516000747680664,0.00035769998794421554,0.5913000106811523
1788053600.0223694,,,40.13999938964844,11.273599624633789,34.769962589381024,0.0,2.36080002784729,0.00026279999292455614,0.6424000263214111
1788053750.9355774,,,57.870001792907715,11.360400199890137,34.829836402326265,0.0,2.4516000747680664,0.0005438500083982944,0.34310001134872437
1788053901.6232605,,,75.31000137329102,11.473899841308594,34.928175934694615,0.0,2.4516000747680664,0.0008759999764151871,0.2992999851703644
1788056105.9171143,,,4.000000059604645,11.257200241088867,34.73436865849857,0.0,2.4516000747680664,0.0003467499918770045,0.7445999979972839
1788056256.6769104,,,20.450000762939453,11.253600120544434,34.75097068825631,0.0,2.4516000747680664,0.00029747499502263963,0.6132000088691711
1788056407.453888,,,37.43000030517578,11.268500328063965,34.76615967589103,0.0,2.36080002784729,0.00025732500944286585,0.5694000124931335
1788056558.0572205,,,54.670000076293945,11.334799766540527,34.81738492159501,0.0,2.4516000747680664,0.00047997498768381774,0.3357999920845032
1788056708.7984924,,,72.10999965667725,11.465399742126465,34.92646447974202,0.0,2.4516000747680664,0.0009781999979168177,0.2919999957084656
1788058912.7667847,,,4.519999921321869,11.260499954223633,34.748101438485854,0.0,2.36080002784729,0.000381424993975088,0.9490000009536743
1788059063.5385437,,,21.719999313354492,11.262999534606934,34.75146033166113,0.0,2.4516000747680664,0.00026462500682100654,0.6715999841690063
1788059213.5997314,,,42.55000114440918,11.269700050354004,34.77147799944014,0.0,2.36080002784729,0.0002792250015772879,0.6351000070571899
1788059363.7791443,,,63.70999813079834,11.426799774169922,34.903197544739335,0.0,2.36080002784729,0.0007756249979138374,0.2919999957084656
1788059514.1362,,,83.8700008392334,11.451399803161621,34.925080463577366,0.0,2.4516000747680664,0.0009289250010624528,0.2919999957084656
1788061547.8939514,,,4.169999957084656,11.269700050354004,34.762609111808814,0.0,2.36080002784729,0.00022995000472292304,0.47450000047683716
1788061698.8813477,,,22.820000648498535,11.270400047302246,34.766518576933684,0.0,2.36080002784729,0.00029017499764449894,0.6132000088691711
1788061849.032074,,,35.859999656677246,11.270899772644043,34.770352721957714,0.0,2.4516000747680664,0.0003029500076081604,0.5694000124931335
1788061999.0959167,,,54.39000129699707,11.359199523925781,34.813798113179445,0.0,2.4516000747680664,0.0005456749931909144,0.34310001134872437
1788062149.5014038,,,74.53999996185303,11.447099685668945,34.91796575023563,0.0,2.4516000747680664,0.0008449750021100044,0.30660000443458557
1788063736.0,171.49608333333333,-45.01121666666666,,,,,,,
1788063753.0,171.49608333333333,-45.01121666666666,,,,,,,
1788064039.0,171.52628333333337,-44.979749999999996,,,,,,,
1788065496.5879822,,,4.729999899864197,11.257499694824219,34.76424584585493,0.0,2.36080002784729,0.00034492500708438456,0.5839999914169312
1788065647.3588257,,,22.860000133514404,11.263299942016602,34.76317751652933,0.0,2.4516000747680664,0.0002719250041991472,0.5547999739646912
1788065797.4849548,,,41.560001373291016,11.279399871826172,34.77179484502235,0.0,2.4516000747680664,0.00035222500446252525,0.7081000208854675
1788065948.1115723,,,59.029998779296875,11.308099746704102,34.798319787738265,0.0,2.36080002784729,0.00043252500472590327,0.5913000106811523
1788066098.6183167,,,77.44999885559082,11.44379997253418,34.91168418975399,0.0,2.5423998832702637,0.0011935499496757984,0.2992999851703644
1788066890.7990112,171.49900666666665,-45.00788166666666,,,,,,,
1788068276.6687012,,,4.090000092983246,11.239700317382812,34.755615249901325,0.0,2.4516000747680664,0.0003741249965969473,0.6496999859809875
1788068427.0548096,,,18.75,11.243900299072266,34.75761055292547,0.0,2.4516000747680664,0.0004233999934513122,0.7081000208854675
1788068577.138733,,,36.21999979019165,11.264900207519531,34.767814201339675,0.0,2.4516000747680664,0.0004434750007931143,0.6496999859809875
1788068728.2138367,,,54.9399995803833,11.273300170898438,34.772480514090624,0.0,2.4516000747680664,0.0005876499926671386,0.57669997215271
1788068878.3708496,,,72.38999843597412,11.438400268554688,34.906179295269794,0.0,2.5423998832702637,0.0010128750000149012,0.32120001316070557
1788069606.5530396,,,4.189999997615814,11.234800338745117,34.75066095864721,0.0,2.4516000747680664,0.00043982500210404396,0.6643000245094299
1788070954.42099,,,4.779999852180481,11.212599754333496,34.74432952316531,0.0,2.5423998832702637,0.00041427501128055155,0.9197999835014343
1788071105.4106445,,,28.889999389648438,11.237299919128418,34.75126724303906,0.0,2.5423998832702637,0.0004580749955493957,0.8176000118255615
1788071255.6322632,,,48.02000045776367,11.252799987792969,34.75948048196881,0.0,2.4516000747680664,0.0004963999963365495,0.7008000016212463
1788071406.425476,,,66.29000186920166,11.422800064086914,34.890793956657525,0.0,2.5423998832702637,0.0009982750052586198,0.35040000081062317
1788073542.9469604,,,4.339999854564667,11.207799911499023,34.737824766651315,0.0,2.63319993019104,0.0005201249732635915,1.080399990081787
1788073693.510315,,,20.450000762939453,11.214500427246094,34.73781204440023,0.0,2.5423998832702637,0.0005383749958127737,0.6934999823570251
1788073844.014923,,,38.359999656677246,11.224499702453613,34.746008523030476,0.0,2.5423998832702637,0.0005274250288493931,0.7081000208854675
1788073994.6376648,,,54.86999988555908,11.322699546813965,34.81494349916298,0.0,2.4516000747680664,0.000830375007353723,0.6205000281333923
1788074145.4050903,,,71.79999828338623,11.428500175476074,34.890081834749914,0.0,2.63319993019104,0.001224574982188642,0.35040000081062317
1788076265.4537048,,,4.480000138282776,11.184200286865234,34.73847525792103,0.0,2.5423998832702637,0.0005018750089220703,0.7810999751091003
1788076416.1781616,,,20.450000762939453,11.188199996948242,34.73699599185056,0.0,2.5423998832702637,0.00046537499292753637,0.8102999925613403
1788076567.0127563,,,38.480000495910645,11.261699676513672,34.772707904893345,0.0,2.63319993019104,0.0006223249947652221,0.6715999841690063
1788076717.6801758,,,55.13000011444092,11.400500297546387,34.866359441263356,0.0,2.63319993019104,0.0010019249748438597,0.48910000920295715
1788076868.0039062,,,71.4900016784668,11.423299789428711,34.88049178131361,0.0,2.8148000240325928,0.0018669749842956662,0.32850000262260437
1788078936.9013977,,,4.079999923706055,11.207200050354004,34.74775473035444,0.0,2.5423998832702637,0.0004106250125914812,0.6205000281333923
1788079087.1609497,,,19.670000076293945,11.210800170898438,34.74920749503638,0.0,2.5423998832702637,0.0004087999986950308,0.5694000124931335
1788079237.7585144,,,38.399999141693115,11.228699684143066,34.75702613564747,0.0,2.5423998832702637,0.0004872750141657889,0.6789000034332275
1788079388.3380737,,,56.10000133514404,11.265399932861328,34.78110874738327,0.0,2.5423998832702637,0.0005036999937146902,0.5839999914169312
1788079538.435913,,,73.35999965667725,11.410200119018555,34.87076461776527,0.0,2.905600070953369,0.0017227999633178115,0.39419999718666077
1788081565.7276917,,,4.040000140666962,11.193099975585938,34.7463779385651,0.0,2.5423998832702637,0.000381424993975088,0.49639999866485596
1788081716.555542,,,24.000000953674316,11.195599555969238,34.74969964663278,0.0,2.5423998832702637,0.0003832500078715384,0.6643000245094299
1788081867.52417,,,42.42000102996826,11.284899711608887,34.77237123634462,0.0,2.5423998832702637,0.0005365500110201538,0.5620999932289124
1788082018.1655884,,,60.77000141143799,11.357500076293945,34.84019964742599,0.0,2.63319993019104,0.0012063250178471208,0.40149998664855957
1788082168.965393,,,78.08000087738037,11.40369987487793,34.86312867418217,0.0,3.177999973297119,0.002363374922424555,0.37959998846054077
1788082886.487793,,,4.189999997615814,11.199399948120117,34.750900033880946,0.0,2.4516000747680664,0.00037230001180432737,0.5475000143051147
1788084170.5725708,,,4.1600000858306885,11.20580005645752,34.756897695632084,0.0,2.5423998832702637,0.00038690000656060874,0.47450000047683716
1788084321.3877258,,,19.579999446868896,11.221099853515625,34.75800762690099,0.0,2.4516000747680664,0.00037960000918246806,0.46720001101493835
1788084471.6347961,,,37.00999975204468,11.214200019836426,34.76110652543622,0.0,2.5423998832702637,0.000531074998434633,0.5913000106811523
1788084622.0401611,,,56.29000186920166,11.313699722290039,34.8089290792042,0.0,2.5423998832702637,0.0007336499984376132,0.5109999775886536
1788084772.350006,,,73.77999782562256,11.381199836730957,34.84936866269307,0.0,2.9964001178741455,0.001896174973808229,0.5620999932289124
1788085696.0,171.52628333333337,-44.979749999999996,,,,,,,
1788085716.0,171.52628333333337,-44.979749999999996,,,,,,,
1788085986.0,171.531,-44.93926666666666,,,,,,,
1788087589.177185,,,4.370000064373016,11.207300186157227,34.76035723002288,0.0,2.4516000747680664,0.0003978500026278198,0.5547999739646912
1788087740.213379,,,20.55000066757202,11.206899642944336,34.762540951464246,0.0,2.4516000747680664,0.00032302498584613204,0.49639999866485596
1788087890.9244995,,,37.60999917984009,11.229499816894531,34.77003699441573,0.0,2.4516000747680664,0.0003978500026278198,0.45260000228881836
1788088041.5677795,,,55.1800012588501,11.300399780273438,34.80105745137649,0.0,2.4516000747680664,0.0006332750199362636,0.45260000228881836
1788088192.3239136,,,72.30999946594238,11.348799705505371,34.82604458349181,0.0,2.9964001178741455,0.0020239250734448433,0.48179998993873596
1788090302.0464478,,,4.090000092983246,11.220600128173828,34.76928862962922,0.0,2.36080002784729,0.0003193749871570617,0.39419999718666077
1788090452.825714,,,19.390000104904175,11.221599578857422,34.77024289390732,0.0,2.36080002784729,0.00031755000236444175,0.38690000772476196
1788090603.5445251,,,38.540000915527344,11.22920036315918,34.77049907479751,0.0,2.4516000747680664,0.0003394499944988638,0.40149998664855957
1788090754.174347,,,55.63000202178955,11.275799751281738,34.778844229712114,0.0,2.4516000747680664,0.0005821749800816178,0.43799999356269836
1788090905.2414246,,,73.01000118255615,11.317000389099121,34.80779036363082,0.0,2.7239999771118164,0.001040249946527183,0.42340001463890076
1788091534.9499207,,,4.099999964237213,11.213700294494629,34.765663274897705,0.0,2.4516000747680664,0.00029930000891909003,0.37229999899864197
1788092847.608673,,,4.350000023841858,11.222700119018555,34.768081059743906,0.0,2.36080002784729,0.0002865249989554286,0.34310001134872437
1788092998.4039612,,,19.819999933242798,11.220100402832031,34.76699333395926,0.0,2.36080002784729,0.0002609750081319362,0.32850000262260437
1788093148.5292664,,,38.03999900817871,11.279600143432617,34.79103678977963,0.0,2.4516000747680664,0.0005986000178381801,0.37229999899864197
1788093298.8022766,,,57.129998207092285,11.302399635314941,34.8007809923516,0.0,2.63319993019104,0.0009398750262334943,0.45260000228881836
1788093449.5910034,,,75.19000053405762,11.318900108337402,34.807008086021746,0.0,2.905600070953369,0.002080499893054366,0.43799999356269836
1788095291.9702454,,,4.4999998807907104,11.211600303649902,34.76428776411283,0.0,2.36080002784729,0.00025002501206472516,0.32850000262260437
1788095442.2906494,,,20.09999990463257,11.248700141906738,34.77978799639874,0.0,2.4516000747680664,0.0003832500078715384,0.357699990272522
1788095592.3756409,,,36.47000074386597,11.27970027923584,34.793826810634386,0.0,2.5423998832702637,0.0005967749748378992,0.40880000591278076
1788095742.4660645,,,52.7400016784668,11.295900344848633,34.80014544294348,0.0,2.5423998832702637,0.0008358500199392438,0.5109999775886536
1788095892.8470764,,,68.83999824523926,11.315999984741211,34.809200140570184,0.0,2.8148000240325928,0.0016206000000238419,0.45260000228881836
1788097856.0996704,,,4.429999887943268,11.201899528503418,34.76563386294374,0.0,2.36080002784729,0.00032302498584613204,0.3357999920845032
1788098006.5848389,,,21.540000438690186,11.259599685668945,34.787519225722704,0.0,2.4516000747680664,0.0004927500267513096,0.47450000047683716
1788098157.4744568,,,39.77999925613403,11.305800437927246,34.810162340389624,0.0,2.8148000240325928,0.0014472249895334244,0.5547999739646912
1788098308.5342102,,,58.309998512268066,11.324899673461914,34.82273301583702,0.0,3.0871999263763428,0.0021607999224215746,0.5037000179290771
1788100212.1453552,,,4.639999866485596,11.21399974822998,34.76991218118026,0.0,2.36080002784729,0.00023725000210106373,0.34310001134872437
1788100362.6690674,,,24.019999504089355,11.258099555969238,34.78842240936465,0.0,2.36080002784729,0.0003832500078715384,0.37959998846054077
1788100513.294159,,,45.00999927520752,11.301600456237793,34.80882191209179,0.0,2.63319993019104,0.0009636000031605363,0.48910000920295715
1788100663.9487915,,,66.57999992370605,11.323100090026855,34.8319533246536,0.0,3.359600067138672,0.002770350081846118,0.48179998993873596
1788101410.8290405,,,4.460000097751617,11.214400291442871,34.771602901871994,0.0,2.36080002784729,0.00024090000079013407,0.357699990272522
1788102596.973236,,,4.269999861717224,11.205599784851074,34.776428113653466,0.0,2.36080002784729,0.0002609750081319362,0.35040000081062317
1788102747.245636,,,21.94999933242798,11.23490047454834,34.78087513046692,0.0,2.36080002784729,0.0002609750081319362,0.39419999718666077
1788102897.7714844,,,41.599998474121094,11.303999900817871,34.82523634531303,0.0,2.8148000240325928,0.0015384750440716743,0.43799999356269836
1788103048.4458923,,,62.750000953674316,11.318900108337402,34.839113785640244,0.0,3.4504001140594482,0.0027922498993575573,0.5328999757766724
1788105101.1444397,,,4.129999876022339,11.242600440979004,34.79200454585422,0.0,2.36080002784729,0.00031755000236444175,0.37959998846054077
1788105251.7308044,,,19.730000495910645,11.251399993896484,34.7940904111682,0.0,2.36080002784729,0.0003139000036753714,0.37229999899864197
1788105402.5221558,,,36.24000072479248,11.277899742126465,34.80009785315303,0.0,2.4516000747680664,0.0005000500241294503,0.40880000591278076
1788105553.4959106,,,53.489999771118164,11.312999725341797,34.833049408915464,0.0,2.905600070953369,0.0016114750178530812,0.48179998993873596
1788105703.9935608,,,69.32000160217285,11.315899848937988,34.84536996504594,0.0,3.7228000164031982,0.003575175069272518,0.47450000047683716
1788106353.584961,,,4.239999949932098,11.2322998046875,34.78778143725586,0.0,2.36080002784729,0.0002938249963335693,0.36500000953674316
1788106748.0,171.531,-44.93926666666666,,,,,,,
1788106765.0,171.531,-44.93926666666666,,,,,,,
1788106995.0,171.56539999999998,-44.91898333333333,,,,,,,
1788128751.0,171.56539999999998,-44.91898333333333,,,,,,,
1788128768.0,171.56539999999998,-44.91898333333333,,,,,,,
1788129035.0,171.56539999999998,-44.91898333333333,,,,,,,
1788129076.0,171.55791666666664,-44.838,,,,,,,
1788130906.7901,,,4.269999861717224,11.256199836730957,34.8152449825631,0.0,2.36080002784729,0.0004160999960731715,0.41609999537467957
1788131066.8117065,,,14.359999895095825,11.255999565124512,34.814791193252695,0.0,2.36080002784729,0.0003996749874204397,0.34310001134872437
1788131222.0028687,,,31.15999937057495,11.258899688720703,34.81516192880799,0.0,2.2699999809265137,0.0004252250073477626,0.32850000262260437
1788131372.772461,,,55.70000171661377,11.271900177001953,34.81812571562626,0.0,2.4516000747680664,0.0008467999869026244,0.32850000262260437
1788131523.7182617,,,71.64000034332275,11.284600257873535,34.82055222983795,0.0,2.63319993019104,0.0014070749748498201,0.40149998664855957
1788132078.6236877,171.5690633333333,-44.91328166666667,,,,,,,
1788133320.543274,,,4.339999854564667,11.248800277709961,34.81535786494593,0.0,2.4516000747680664,0.0005821749800816178,0.6424000263214111
1788133471.400055,,,17.960000038146973,11.254599571228027,34.814802473673986,0.0,2.4516000747680664,0.0007172250188887119,0.38690000772476196
1788133622.2668762,,,35.45000076293945,11.257200241088867,34.81544575591537,0.0,2.5423998832702637,0.0007811000104993582,0.40149998664855957
1788133772.6924133,,,53.8700008392334,11.259599685668945,34.81428712539928,0.0,2.5423998832702637,0.0007117500063031912,0.357699990272522
1788133923.394043,,,71.58999919891357,11.269200325012207,34.814585569788726,0.0,2.905600070953369,0.0016516250325366855,0.37229999899864197
1788135862.4690552,,,4.309999942779541,11.263799667358398,34.82085338133041,0.0,2.7239999771118164,0.0011844249675050378,0.34310001134872437
1788136013.4333801,,,22.260000705718994,11.263199806213379,34.820139741416575,0.0,2.63319993019104,0.0010931750293821096,0.43070000410079956
1788136164.0403442,,,41.84000015258789,11.268199920654297,34.819965738383054,0.0,2.8148000240325928,0.0013413750566542149,0.5475000143051147
1788136314.9646912,,,65.47999858856201,11.269000053405762,34.820971354619026,0.0,2.7239999771118164,0.001454525045119226,0.42340001463890076
1788138156.6631775,,,4.390000104904175,11.271499633789062,34.833395511467174,0.0,2.4516000747680664,0.0009599499753676355,0.23360000550746918
1788138307.5158386,,,26.15999937057495,11.273900032043457,34.833992977310494,0.0,2.4516000747680664,0.000739125011023134,0.32850000262260437
1788138458.42865,,,48.90999794006348,11.277600288391113,34.83710502929647,0.0,2.4516000747680664,0.0005840000230818987,0.32120001316070557
1788138609.3361206,,,65.4099988937378,11.276300430297852,34.83702845888983,0.0,2.4516000747680664,0.0009490000084042549,0.2847000062465668
1788140498.3165894,,,4.4999998807907104,11.266200065612793,34.83647331103247,0.0,2.36080002784729,0.0005055249785073102,0.23360000550746918
1788140649.0930786,,,23.299999237060547,11.265299797058105,34.83655636967887,0.0,2.36080002784729,0.0005967749748378992,0.5328999757766724
1788140800.0527039,,,41.89000129699707,11.272600173950195,34.83692881819687,0.0,2.4516000747680664,0.0007957000052556396,0.30660000443458557
1788140950.2568054,,,57.34000205993652,11.273900032043457,34.83664317866365,0.0,2.4516000747680664,0.0006679500220343471,0.47450000047683716
1788142854.611786,,,4.339999854564667,11.24370002746582,34.827138856221005,0.0,2.4516000747680664,0.0003759500104933977,0.6862000226974487
1788143005.18927,,,18.9900004863739,11.241700172424316,34.82544901953744,0.0,2.4516000747680664,0.0006624750094488263,0.48179998993873596
1788143156.1497192,,,29.44000005722046,11.245699882507324,34.82702251994486,0.0,2.5423998832702637,0.000693499983754009,0.6643000245094299
1788143306.306488,,,49.140000343322754,11.246500015258789,34.82719614630832,0.0,2.4516000747680664,0.0006770750042051077,0.5328999757766724
1788145120.4996033,,,4.320000112056732,11.224900245666504,34.816909660872945,0.0,2.4516000747680664,0.0006059000152163208,0.9052000045776367
1788145270.752472,,,19.839999675750732,11.23390007019043,34.82042484111618,0.0,2.63319993019104,0.000923449988476932,0.48910000920295715
1788145421.1984253,,,35.72000026702881,11.227700233459473,34.817395460578695,0.0,2.5423998832702637,0.0008030000026337802,0.9344000220298767
1788145571.7008667,,,57.49000072479248,11.23799991607666,34.8203807751551,0.0,2.63319993019104,0.0016571000451222062,0.6934999823570251
1788147260.1106873,,,4.819999933242798,11.205900192260742,34.80622717903903,0.0,2.5423998832702637,0.0007537250057794154,0.40149998664855957
1788147410.44458,,,25.63999891281128,11.21310043334961,34.806594130212865,0.0,2.5423998832702637,0.0009216250036843121,0.43070000410079956
1788147560.8847046,,,42.63999938964844,11.226099967956543,34.81064787511694,0.0,2.7239999771118164,0.0009745500283315778,0.5475000143051147
1788147711.100647,,,61.14999771118164,11.231399536132812,34.811081046569214,0.0,2.63319993019104,0.0012081499444320798,0.5694000124931335
1788148362.6530762,,,4.560000002384186,11.210399627685547,34.802783320457465,0.0,2.4516000747680664,0.0004361750034149736,0.5547999739646912
1788149370.8694763,,,4.259999990463257,11.22659969329834,34.81145096703403,0.0,2.5423998832702637,0.0007427749806083739,0.5694000124931335
1788149521.6156921,,,25.889999866485596,11.226499557495117,34.809612431757245,0.0,2.4516000747680664,0.0006916749989613891,0.7445999979972839
1788150237.0,171.55791666666664,-44.838,,,,,,,
1788150284.0,171.56741666666662,-44.79566666666666,,,,,,,
1788151735.631958,,,4.580000042915344,11.223099708557129,34.81342704333868,0.0,2.5423998832702637,0.0013322499580681324,0.6496999859809875
1788151885.9907532,,,15.34999966621399,11.230500221252441,34.814818679583404,0.0,2.63319993019104,0.0008905999711714685,0.5475000143051147
1788152036.6974792,,,32.10000038146973,11.231800079345703,34.813546620781224,0.0,2.5423998832702637,0.0008741749916225672,0.43799999356269836
1788152187.6384888,,,51.73999786376953,11.241900444030762,34.81647910386563,0.0,2.7239999771118164,0.0013486749958246946,0.525600016117096
1788152830.6037292,171.56107166666666,-44.83307166666667,,,,,,,
1788153780.6971436,,,5.230000019073486,11.209400177001953,34.80830083388459,0.0,2.63319993019104,0.0010676250094547868,0.7664999961853027
1788153931.5527344,,,30.969998836517334,11.21500015258789,34.80857412336563,0.0,2.63319993019104,0.0011990249622613192,0.7300000190734863
1788154082.017456,,,53.83999824523926,11.229900360107422,34.80950363035757,0.0,2.7239999771118164,0.001131500001065433,0.5839999914169312
1788155573.2412415,,,4.600000083446503,11.213899612426758,34.8050227789442,0.0,2.63319993019104,0.0010785750346258283,0.57669997215271
1788155724.0641785,,,19.049999713897705,11.22089958190918,34.80534739000593,0.0,2.7239999771118164,0.0011752999853342772,0.48910000920295715
1788155874.3042603,,,33.68000030517578,11.215900421142578,34.80183903484638,0.0,2.7239999771118164,0.0012336999643594027,0.6132000088691711
1788156025.4189453,,,51.589999198913574,11.219200134277344,34.80214255607474,0.0,2.7239999771118164,0.001084050047211349,0.5328999757766724
1788157623.33078,,,4.359999895095825,11.191399574279785,34.79518792932345,0.0,2.63319993019104,0.0010055749444290996,0.6934999823570251
1788157774.2109375,,,18.270000219345093,11.194899559020996,34.796882886855,0.0,2.7239999771118164,0.0011333250440657139,0.5547999739646912
1788157924.8214722,,,34.41999912261963,11.199799537658691,34.79466571854171,0.0,2.7239999771118164,0.0012118000304326415,0.47450000047683716
1788158075.4944458,,,52.61000156402588,11.206199645996094,34.79628753019104,0.0,2.8148000240325928,0.0013559750514104962,0.49639999866485596
1788158596.3265686,,,4.480000138282776,11.1850004196167,34.78656546366022,0.0,2.7239999771118164,0.0016552750021219254,0.6789000034332275
1788159612.0993042,,,4.760000109672546,11.162699699401855,34.784153183278804,0.0,2.7239999771118164,0.0008942499989643693,0.5475000143051147
1788159762.6030884,,,30.859999656677246,11.180500030517578,34.78875205021803,0.0,2.7239999771118164,0.0013486749958246946,0.715399980545044
1788159913.1445618,,,52.930002212524414,11.185600280761719,34.786690603373096,0.0,2.8148000240325928,0.0013267749454826117,0.5328999757766724
1788160400.1165771,,,4.210000038146973,11.163999557495117,34.78088206357103,0.0,2.7239999771118164,0.001339550013653934,0.6424000263214111
1788161324.941101,,,5.099999904632568,11.172100067138672,34.7795862449388,0.0,2.7239999771118164,0.0011698249727487564,0.6424000263214111
1788161475.7929993,,,28.18000078201294,11.169300079345703,34.77706664426908,0.0,2.7239999771118164,0.0009143250063061714,0.7883999943733215
1788161626.7756348,,,45.07999897003174,11.179300308227539,34.779547986730336,0.0,2.8148000240325928,0.001222750055603683,0.5328999757766724
1788163179.619049,,,4.970000088214874,11.15839958190918,34.77478941425856,0.0,2.7239999771118164,0.0010493750451132655,0.5328999757766724
1788163330.11557,,,23.21000099182129,11.153300285339355,34.76984342946755,0.0,2.7239999771118164,0.0009836750105023384,0.5328999757766724
1788163480.2028809,,,42.48000144958496,11.168700218200684,34.77620929144695,0.0,2.8148000240325928,0.0013523249654099345,0.7591999769210815
1788165167.7762756,,,4.14000004529953,11.143899917602539,34.76747340941517,0.0,2.7239999771118164,0.000830375007353723,1.0292999744415283
1788165318.0420837,,,19.90000009536743,11.138099670410156,34.76509712360238,0.0,2.8148000240325928,0.0008577500120736659,0.5401999950408936
1788165468.5122986,,,36.480000019073486,11.146699905395508,34.76476811007085,0.0,2.7239999771118164,0.0009836750105023384,0.5839999914169312
1788165619.3420105,,,54.48999881744385,11.151800155639648,34.76771526796426,0.0,2.7239999771118164,0.0010475500021129847,0.60589998960495
1788167068.5142517,,,4.390000104904175,11.122099876403809,34.7560137193652,0.0,2.7239999771118164,0.0009179749758914113,0.5109999775886536
1788167218.7260132,,,18.179999589920044,11.127799987792969,34.75360019604444,0.0,2.7239999771118164,0.0009143250063061714,0.44530001282691956
1788167369.2317505,,,30.520000457763672,11.134200096130371,34.75815122847587,0.0,2.8148000240325928,0.0008486249716952443,0.5913000106811523
1788167520.3181458,,,44.619998931884766,11.134200096130371,34.75532467627809,0.0,2.7239999771118164,0.0011862500105053186,0.45260000228881836
1788169050.1333008,,,4.830000102519989,11.093299865722656,34.742704489692024,0.0,2.8148000240325928,0.0009216250036843121,0.7738000154495239
1788169200.3448792,,,23.859999179840088,11.09280014038086,34.74051984478959,0.0,2.8148000240325928,0.0010694500524550676,0.5328999757766724
1788169351.0627136,,,48.439998626708984,11.119500160217285,34.74779838070667,0.0,2.8148000240325928,0.0011497499654069543,0.5913000106811523
1788170754.9053955,,,4.560000002384186,11.093899726867676,34.739966938172905,0.0,2.8148000240325928,0.001178949954919517,0.5694000124931335
1788170905.0556946,,,19.62000012397766,11.103699684143066,34.73938687259605,0.0,2.8148000240325928,0.0011260249884799123,0.49639999866485596
1788171055.456604,,,34.630000591278076,11.106200218200684,34.740358547482224,0.0,2.905600070953369,0.0011296749580651522,0.5913000106811523
1788171206.0567932,,,51.519999504089355,11.119999885559082,34.74385655405036,0.0,2.8148000240325928,0.0010055749444290996,0.5401999950408936
1788171970.0,171.56741666666662,-44.79566666666666,,,,,,,
1788171986.0,171.56741666666662,-44.79566666666666,,,,,,,
1788172237.0,171.55505000000002,-44.756416666666674,,,,,,,
1788193128.0,171.55505000000002,-44.756416666666674,,,,,,,
1788193140.0,171.55505000000002,-44.756416666666674,,,,,,,
1788193359.0,171.55505000000002,-44.756416666666674,,,,,,,
1788193363.0,171.56906666666669,-44.74873333333334,,,,,,,
1788194487.4904785,,,4.210000038146973,10.980999946594238,34.69855119401061,0.0,2.9964001178741455,0.001270200009457767,0.5328999757766724
1788194638.5900574,,,18.320000171661377,10.985300064086914,34.701326633130776,0.0,3.0871999263763428,0.0014198500430211425,0.5475000143051147
1788194788.7213745,,,32.72000074386597,10.9891996383667,34.69965906696795,0.0,3.0871999263763428,0.0024290750734508038,0.7810999751091003
1788194938.778839,,,48.92000198364258,10.989899635314941,34.699820863517466,0.0,3.0871999263763428,0.001363274990580976,0.6643000245094299
1788195443.512848,171.5569716666667,-44.754491666666674,,,,,,,
1788196339.0310974,,,4.580000042915344,10.989399909973145,34.69922672943573,0.0,3.177999973297119,0.0012628999538719654,0.525600016117096
1788196489.084015,,,23.540000915527344,10.984800338745117,34.698155671238425,0.0,3.177999973297119,0.0019235500367358327,0.5620999932289124
1788196639.2630005,,,45.869998931884766,10.99269962310791,34.698239351138064,0.0,3.177999973297119,0.0019819498993456364,0.5475000143051147
1788198098.6860352,,,4.440000057220459,10.977499961853027,34.69806543430242,0.0,3.177999973297119,0.0014015999622642994,0.49639999866485596
1788198248.722046,,,20.409998893737793,10.98840045928955,34.69735294515937,0.0,3.177999973297119,0.0016041749622672796,0.5547999739646912
1788198399.3489075,,,41.82000160217285,10.993499755859375,34.69819859163759,0.0,3.177999973297119,0.0018176999874413013,0.39419999718666077
1788199802.6246643,,,4.440000057220459,10.959400177001953,34.69310822613067,0.0,3.0871999263763428,0.0015658499905839562,0.5547999739646912
1788199953.6116943,,,23.67000102996826,10.975899696350098,34.69732817672089,0.0,3.177999973297119,0.0014453999465331435,0.5620999932289124
1788200104.4165344,,,46.29000186920166,10.975600242614746,34.69385021682824,0.0,3.0871999263763428,0.0015366500010713935,0.5182999968528748
1788201594.023468,,,4.440000057220459,10.967599868774414,34.69374227066422,0.0,3.177999973297119,0.0015840999549254775,0.60589998960495
1788201744.5990906,,,22.009999752044678,10.9753999710083,34.69215231973411,0.0,3.177999973297119,0.001660750014707446,0.525600016117096
1788201895.3608093,,,38.989999294281006,10.982199668884277,34.6945776950143,0.0,3.359600067138672,0.001710025011561811,0.5037000179290771
1788203302.0070496,,,4.469999969005585,10.959099769592285,34.691779585902246,0.0,3.177999973297119,0.0013979499926790595,0.5037000179290771
1788203452.1842957,,,23.619999885559082,10.97439956665039,34.69357411218885,0.0,3.177999973297119,0.0017958000535145402,0.5985999703407288
1788203603.0392761,,,38.3299994468689,10.974200248718262,34.691752506040764,0.0,3.177999973297119,0.0017483499832451344,0.9197999835014343
1788204945.440216,,,4.4200000166893005,10.964799880981445,34.69000485424599,0.0,3.2688000202178955,0.001938150031492114,0.6277999877929688
1788205096.2720642,,,21.94999933242798,10.948599815368652,34.68655656359399,0.0,3.177999973297119,0.0013815249549224973,0.7226999998092651
1788205247.0448303,,,38.88999938964844,10.953399658203125,34.685300434454355,0.0,3.4504001140594482,0.0020695501007139683,0.5547999739646912
1788206629.0498962,,,4.709999859333038,10.946000099182129,34.68557572925813,0.0,3.2688000202178955,0.0018614999717101455,0.6934999823570251
1788206779.587494,,,21.710000038146973,10.947400093078613,34.68170177643241,0.0,3.359600067138672,0.0018049250356853008,0.7081000208854675
1788206930.1070862,,,40.79999923706055,10.948699951171875,34.68209288812778,0.0,3.359600067138672,0.002239275025203824,0.60589998960495
1788208322.5189514,,,4.53000009059906,10.942899703979492,34.68388989868708,0.0,3.359600067138672,0.0017009000293910503,0.8614000082015991
1788208473.4978027,,,25.03000020980835,10.94909954071045,34.68339964033407,0.0,3.2688000202178955,0.001616950030438602,0.6715999841690063
1788208623.5344849,,,47.54000186920166,10.954000473022461,34.683647488757096,0.0,3.359600067138672,0.0016735249664634466,0.5401999950408936
1788210010.3239136,,,4.569999873638153,10.935799598693848,34.681293649676185,0.0,3.4504001140594482,0.001730100018903613,0.5985999703407288
1788210161.2445068,,,23.08000087738037,10.940999984741211,34.68044431089748,0.0,3.359600067138672,0.001662575057707727,0.5182999968528748
1788210312.2680054,,,40.13000011444092,10.943300247192383,34.680104700712555,0.0,3.4504001140594482,0.0020677249412983656,0.5401999950408936
1788211864.0252686,,,4.309999942779541,10.942000389099121,34.68484049107957,0.0,3.4504001140594482,0.001753824995830655,0.6205000281333923
1788212015.0329285,,,20.56999921798706,10.946599960327148,34.68537017579889,0.0,3.5411999225616455,0.001967350021004677,0.5913000106811523
1788212166.172882,,,40.440001487731934,10.957200050354004,34.69100319391851,0.0,3.631999969482422,0.0023268749937415123,0.6643000245094299
1788213556.3761902,,,4.370000064373016,10.941900253295898,34.69521073044734,0.0,3.359600067138672,0.002084149979054928,0.48179998993873596
1788213706.8096924,,,20.299999713897705,10.946200370788574,34.6952708974606,0.0,3.359600067138672,0.0017665999475866556,0.525600016117096
1788213857.5632324,,,37.46999979019165,10.973199844360352,34.70267908605354,0.0,3.4504001140594482,0.00231774989515543,0.5694000124931335
1788214752.0,171.56906666666669,-44.74873333333334,,,,,,,
1788214769.0,171.56906666666669,-44.74873333333334,,,,,,,
1788215034.0,171.56906666666669,-44.74873333333334,,,,,,,
1788215095.0,171.56906666666669,-44.74873333333334,,,,,,,
1788215158.0,171.56906666666669,-44.74873333333334,,,,,,,
1788215223.0,171.56906666666669,-44.74873333333334,,,,,,,
1788215285.0,171.6225333333333,-44.739233333333345,,,,,,,
1788216416.3920898,,,4.289999902248383,10.946399688720703,34.70489031322457,0.0,3.177999973297119,0.0015147499507293105,0.5985999703407288
1788216567.5242004,,,23.229999542236328,10.945899963378906,34.7054388987217,0.0,3.0871999263763428,0.001616950030438602,0.5328999757766724
1788216718.3876038,,,40.52999973297119,10.951199531555176,34.706141424194655,0.0,3.177999973297119,0.0016698749968782067,0.6496999859809875
1788218138.0880737,,,4.9799999594688416,10.963700294494629,34.700990999330195,0.0,3.359600067138672,0.001523875049315393,0.44530001282691956
1788218288.956543,,,22.300000190734863,10.97249984741211,34.71185651183553,0.0,3.2688000202178955,0.0016479749465361238,0.7300000190734863
1788218439.3738708,,,40.349998474121094,11.026900291442871,34.73554046334112,0.0,3.8136000633239746,0.0033890251070261,0.5182999968528748
1788219936.8422852,,,5.090000033378601,10.96660041809082,34.69859565435637,0.0,2.9964001178741455,0.0010913499863818288,0.37959998846054077
1788220087.2208252,,,23.499999046325684,10.951800346374512,34.70212758195732,0.0,3.0871999263763428,0.001549424952827394,0.48910000920295715
1788220238.2704773,,,43.480000495910645,11.041799545288086,34.76254282161266,0.0,3.0871999263763428,0.0018432500073686242,0.6496999859809875
1788221780.3089905,,,4.399999976158142,10.982600212097168,34.699149951985106,0.0,3.0871999263763428,0.0010475500021129847,0.32850000262260437
1788221931.2565308,,,21.380000114440918,10.9931001663208,34.71244989497814,0.0,3.2688000202178955,0.002036700025200844,0.525600016117096
1788222081.6548157,,,38.90000104904175,11.024100303649902,34.752717135601245,0.0,3.177999973297119,0.001456349971704185,0.5547999739646912
1788222231.7723694,,,56.29000186920166,11.058799743652344,34.76793588679384,0.0,3.8136000633239746,0.0031079750042408705,0.5182999968528748
1788223696.9123535,,,4.410000145435333,11.005499839782715,34.700949369560774,0.0,3.177999973297119,0.0020896249916404486,0.49639999866485596
1788223847.1437683,,,21.480000019073486,11.027799606323242,34.73497561084174,0.0,3.177999973297119,0.0020476500503718853,0.5694000124931335
1788223997.4511719,,,38.35000038146973,11.021900177001953,34.74356859601413,0.0,3.177999973297119,0.0018304750556126237,0.5475000143051147
1788224147.5736084,,,54.80000019073486,11.07509994506836,34.771616179594886,0.0,3.5411999225616455,0.002657199976965785,0.46720001101493835
1788225635.026001,,,4.620000123977661,11.00730037689209,34.7057423029281,0.0,3.0871999263763428,0.0012008500052616,0.40880000591278076
1788225785.6840515,,,19.739999771118164,11.087900161743164,34.76823936834646,0.0,3.904400110244751,0.0035952499601989985,0.48910000920295715
1788225936.2110596,,,35.05000114440918,11.115300178527832,34.78257090792278,0.0,3.8136000633239746,0.003097024979069829,0.45989999175071716
1788226086.7940674,,,53.309998512268066,11.111100196838379,34.77906573944812,0.0,4.358399868011475,0.004243125207722187,0.49639999866485596
1788226636.516449,,,4.779999852180481,11.016300201416016,34.71642622997306,0.0,2.9964001178741455,0.0011935499496757984,0.2700999975204468
1788227604.9560242,,,4.7200000286102295,11.067500114440918,34.716009705508974,0.0,2.9964001178741455,0.0011570500209927559,0.49639999866485596
1788227755.0081177,,,23.77000093460083,11.08180046081543,34.75734845130783,0.0,3.359600067138672,0.0019472750136628747,0.48910000920295715
1788227905.629181,,,43.10999870300293,11.101300239562988,34.776868379540474,0.0,3.177999973297119,0.001637025037780404,0.5109999775886536
1788228055.8752441,,,60.819997787475586,11.1048002243042,34.783957483552314,0.0,4.176799774169922,0.004226699937134981,0.57669997215271
1788228567.94812,,,4.729999899864197,11.102299690246582,34.73184468107507,0.0,2.9964001178741455,0.0012501250021159649,0.357699990272522
1788229559.4367065,,,4.769999980926514,11.126700401306152,34.73744528273426,0.0,2.905600070953369,0.0014253250556066632,0.3357999920845032
1788229709.847168,,,23.72999906539917,11.082099914550781,34.7570829371312,0.0,3.177999973297119,0.0015859249979257584,0.6570000052452087
1788229860.035675,,,43.00000190734863,11.111700057983398,34.78162081460196,0.0,3.2688000202178955,0.002056774916127324,1.0657999515533447
1788230010.880127,,,60.71000099182129,11.106800079345703,34.782512716732754,0.0,3.904400110244751,0.0033142000902444124,0.5547999739646912
1788230548.539093,,,4.9799999594688416,11.141799926757812,34.73622245854729,0.0,2.905600070953369,0.0010110499570146203,0.2919999957084656
1788231563.7843018,,,4.5899999141693115,11.137299537658691,34.73656833513832,0.0,2.905600070953369,0.0010566749842837453,0.2992999851703644
1788231714.381897,,,20.929999351501465,11.111900329589844,34.77588017774448,0.0,3.177999973297119,0.0015731500461697578,0.5328999757766724
1788231866.2349548,,,40.41999816894531,11.0556001663208,34.781671342237516,0.0,3.2688000202178955,0.0017720749601721764,0.44530001282691956
1788232016.7902832,,,59.35999870300293,11.031100273132324,34.78212390901249,0.0,3.359600067138672,0.0023013250902295113,0.5109999775886536
1788233618.8977966,,,4.460000097751617,11.14799976348877,34.72392571640192,0.0,2.9964001178741455,0.0010311249643564224,0.37959998846054077
1788233769.5396118,,,22.200000286102295,11.067700386047363,34.7780899828451,0.0,2.9964001178741455,0.0012537749717012048,0.6277999877929688
1788233920.418579,,,39.28999900817871,11.04889965057373,34.77346253332285,0.0,2.905600070953369,0.0013322499580681324,0.6496999859809875
1788234071.2879028,,,56.11999988555908,11.022299766540527,34.78902271689002,0.0,3.2688000202178955,0.0017848500283434987,0.5401999950408936
1788235735.7634277,,,4.880000054836273,11.107199668884277,34.716281284819594,0.0,2.905600070953369,0.0010603249538689852,0.46720001101493835
1788235886.6437683,,,21.34000062942505,11.062299728393555,34.768528072074254,0.0,2.7239999771118164,0.000877825019415468,0.47450000047683716
1788236036.7619324,,,37.750000953674316,11.034600257873535,34.78201536285866,0.0,2.7239999771118164,0.0010092250304296613,0.6789000034332275
1788236611.0,171.6225333333333,-44.739233333333345,,,,,,,
1788236628.0,171.6225333333333,-44.739233333333345,,,,,,,
1788236731.0,171.6225333333333,-44.739233333333345,,,,,,,
1788236795.0,171.6225333333333,-44.739233333333345,,,,,,,
1788236954.0,171.68581666666668,-44.75925,,,,,,,
1788238319.3579102,,,4.60999995470047,11.109199523925781,34.72606976556043,0.0,2.8148000240325928,0.0007811000104993582,0.357699990272522
1788238470.2316895,,,23.08000087738037,11.083200454711914,34.77926596995603,0.0,2.63319993019104,0.0007756249979138374,0.37229999899864197
1788238620.3096619,,,41.22000217437744,11.04990005493164,34.78432062585812,0.0,2.7239999771118164,0.0008686999790370464,0.48179998993873596
1788238770.428131,,,59.25000190734863,11.051600456237793,34.81303138378417,0.0,3.0871999263763428,0.0016954250168055296,0.6789000034332275
1788240586.6756897,,,4.4200000166893005,11.118800163269043,34.738399205479844,0.0,2.8148000240325928,0.0008066499722190201,0.44530001282691956
1788240737.5902405,,,22.3799991607666,11.08080005645752,34.78305237012293,0.0,2.5423998832702637,0.000507350021507591,0.357699990272522
1788240887.783966,,,40.209999084472656,11.039999961853027,34.78637231999641,0.0,2.7239999771118164,0.0008285500225611031,0.37959998846054077
1788241037.8234863,,,57.55000114440918,11.045900344848633,34.81041882846188,0.0,3.0871999263763428,0.0017684249905869365,0.5037000179290771
1788242878.3427734,,,4.569999873638153,11.119400024414062,34.74463880140683,0.0,2.8148000240325928,0.0007829249952919781,0.45989999175071716
1788243028.382843,,,21.359999179840088,11.098699569702148,34.79506591606407,0.0,3.0871999263763428,0.0015603749779984355,0.43070000410079956
1788243179.382721,,,37.36999988555908,11.030500411987305,34.80154817141009,0.0,3.5411999225616455,0.002972925081849098,0.48910000920295715
1788243329.5870972,,,57.249999046325684,11.057900428771973,34.80945113582929,0.0,4.358399868011475,0.005681225098669529,0.47450000047683716
1788245205.966919,,,4.269999861717224,11.115900039672852,34.75605699831392,0.0,2.7239999771118164,0.0007190500036813319,0.47450000047683716
1788245356.9523315,,,21.119999885559082,11.106599807739258,34.80852033551476,0.0,3.2688000202178955,0.0025787251070141792,0.43799999356269836
1788245507.0856323,,,38.29999923706055,11.109299659729004,34.825658904093714,0.0,3.0871999263763428,0.001523875049315393,0.42340001463890076
1788245657.3174438,,,54.20000076293945,11.110699653625488,34.827964600313884,0.0,2.9964001178741455,0.0014399250503629446,0.40880000591278076
1788245807.3644104,,,69.97000217437744,11.093899726867676,34.84439868371594,0.0,3.359600067138672,0.0026298249140381813,0.41609999537467957
1788247664.723938,,,4.659999907016754,11.114700317382812,34.76468861599242,0.0,2.63319993019104,0.0004708500055130571,0.2773999869823456
1788247815.6847534,,,21.27000093460083,11.118399620056152,34.81919631246967,0.0,2.905600070953369,0.0013961249496787786,0.43070000410079956
1788247970.9777222,,,38.469998836517334,11.127599716186523,34.81910004372201,0.0,2.7239999771118164,0.0008632250246591866,0.37229999899864197
1788248121.0448608,,,55.869998931884766,11.120699882507324,34.84373980153574,0.0,2.7239999771118164,0.0011041250545531511,0.40880000591278076
1788248271.4893188,,,74.18000221252441,11.095000267028809,34.85143769349075,0.0,3.631999969482422,0.0033087250776588917,0.43799999356269836
1788250074.8847961,,,5.049999952316284,11.116100311279297,34.788101631904894,0.0,2.63319993019104,0.000739125011023134,0.2700999975204468
1788250225.7636108,,,21.719999313354492,11.14210033416748,34.81227701233313,0.0,2.63319993019104,0.0007957000052556396,0.39419999718666077
1788250376.1203918,,,37.730000019073486,11.15250015258789,34.82611285547157,0.0,2.63319993019104,0.0008139500278048217,0.37229999899864197
1788250526.1629333,,,53.61999988555908,11.141300201416016,34.83647497089101,0.0,2.8148000240325928,0.0009982750052586198,0.357699990272522
1788250676.3198242,,,70.13000011444092,11.091699600219727,34.85159685146729,0.0,3.7228000164031982,0.003584299935027957,0.42340001463890076
1788252575.0003967,,,4.490000009536743,11.126099586486816,34.81046904303408,0.0,2.63319993019104,0.0006971500115469098,0.30660000443458557
1788252725.9683533,,,21.15000009536743,11.1496000289917,34.814690559188485,0.0,2.63319993019104,0.0007190500036813319,0.35040000081062317
1788252876.9768982,,,38.03999900817871,11.172599792480469,34.825251588407816,0.0,2.63319993019104,0.0007245250162668526,0.34310001134872437
1788253027.0275574,,,55.00999927520752,11.156399726867676,34.83329565446047,0.0,2.8148000240325928,0.0011625250335782766,0.37229999899864197
1788253178.0323486,,,71.5399980545044,11.139699935913086,34.84809181478995,0.0,3.5411999225616455,0.0029236499685794115,0.40880000591278076
1788253841.5343933,,,4.429999887943268,11.140800476074219,34.81559399813839,0.0,2.5423998832702637,0.0005730499979108572,0.3357999920845032
1788255139.9772644,,,4.790000021457672,11.169500350952148,34.825782111140974,0.0,2.5423998832702637,0.0005840000230818987,0.2992999851703644
1788255290.8765564,,,24.070000648498535,11.172900199890137,34.82754547340078,0.0,2.63319993019104,0.0007519000209867954,0.32850000262260437
1788255440.9683533,,,42.51999855041504,11.171899795532227,34.83355926156691,0.0,2.7239999771118164,0.0010439000325277448,0.37229999899864197
1788255594.0340881,,,60.79999923706055,11.175800323486328,34.83501830775524,0.0,2.9964001178741455,0.0016260750126093626,0.35040000081062317
1788255745.052948,,,78.09000015258789,11.122599601745605,34.847727642433995,0.0,5.26639986038208,0.006267049815505743,0.525600016117096
1788256406.4316406,,,4.440000057220459,11.165399551391602,34.824149417737345,0.0,2.5423998832702637,0.0006004250026308,0.2847000062465668
1788257893.0,171.68581666666668,-44.75925,,,,,,,
1788257897.0,171.68581666666668,-44.75925,,,,,,,
1788258046.0,171.74128333333329,-44.77523333333333,,,,,,,
1788259582.528778,,,4.189999997615814,11.17590045928955,34.83282698955228,0.0,2.63319993019104,0.0008632250246591866,0.32850000262260437
1788259733.5220947,,,21.93000078201294,11.161299705505371,34.8325276215061,0.0,2.8148000240325928,0.001016524969600141,0.34310001134872437
1788259884.4093018,,,39.649999141693115,11.157699584960938,34.83486171188566,0.0,3.0871999263763428,0.0015402999706566334,0.35040000081062317
1788260035.3357544,,,56.88000202178955,11.183099746704102,34.84985236902849,0.0,3.5411999225616455,0.003118925029411912,0.37959998846054077
1788260186.1253662,,,74.25000190734863,11.144200325012207,34.85436122521305,0.0,2.8148000240325928,0.001273849979043007,0.35040000081062317
1788260894.3694153,,,4.629999995231628,11.16450023651123,34.832084648600514,0.0,2.63319993019104,0.0008121249848045409,0.2919999957084656
1788262207.3495483,,,4.510000050067902,11.163999557495117,34.834804015010164,0.0,2.7239999771118164,0.0010511999716982245,0.32120001316070557
1788262358.3494568,,,24.260001182556152,11.191499710083008,34.84188245956084,0.0,2.905600070953369,0.00150197499897331,0.35040000081062317
1788262508.399231,,,42.65999794006348,11.185099601745605,34.851040733384465,0.0,3.2688000202178955,0.0023031500168144703,0.36500000953674316
1788262659.307953,,,61.07999801635742,11.157999992370605,34.85016369737262,0.0,2.63319993019104,0.001228224951773882,0.3357999920845032
1788262811.2919617,,,79.64000225067139,11.149700164794922,34.8605741504532,0.0,2.5423998832702637,0.000992799992673099,0.36500000953674316
1788263501.7060852,,,4.799999892711639,11.159000396728516,34.83722078913654,0.0,2.7239999771118164,0.000923449988476932,0.32120001316070557
1788264866.9769287,,,4.7200000286102295,11.165599822998047,34.83488554398009,0.0,2.63319993019104,0.0007464250084012747,0.32120001316070557
1788265018.0028687,,,20.07999897003174,11.176400184631348,34.84642061426055,0.0,2.8148000240325928,0.0013541500084102154,0.34310001134872437
1788265168.896759,,,36.67999982833862,11.158100128173828,34.8486562217507,0.0,2.7239999771118164,0.001085874973796308,0.39419999718666077
1788265318.9735107,,,56.10000133514404,11.161999702453613,34.85198643314542,0.0,2.5423998832702637,0.0008522749994881451,0.34310001134872437
1788265469.9944763,,,75.08999824523926,11.132399559020996,34.86308164849337,0.0,2.63319993019104,0.0013121749507263303,0.40880000591278076
1788267655.8796692,,,4.690000116825104,11.159099578857422,34.83548349534585,0.0,2.5423998832702637,0.0007665000157430768,0.37959998846054077
1788267805.9198914,,,21.710000038146973,11.16349983215332,34.84766396328696,0.0,2.7239999771118164,0.0011752999853342772,0.32120001316070557
1788267956.8102417,,,38.55999946594238,11.156299591064453,34.850414831484244,0.0,2.63319993019104,0.0008741749916225672,0.32850000262260437
1788268107.551941,,,55.269999504089355,11.178000450134277,34.868140229658145,0.0,2.63319993019104,0.001084050047211349,0.37229999899864197
1788268257.697174,,,72.11999893188477,11.150400161743164,34.86725688023191,0.0,2.8148000240325928,0.0017939750105142593,0.48910000920295715
1788270536.0941467,,,4.580000042915344,11.155900001525879,34.84075722645774,0.0,2.5423998832702637,0.0007683250005356967,0.3357999920845032
1788270686.2548828,,,20.69999933242798,11.163599967956543,34.850711649852045,0.0,2.63319993019104,0.0007738000131212175,0.36500000953674316
1788270837.1906433,,,36.619999408721924,11.187800407409668,34.86879720124029,0.0,2.5423998832702637,0.0013450250262394547,0.42340001463890076
1788270988.216339,,,53.359999656677246,11.161199569702148,34.870792521345685,0.0,2.63319993019104,0.0009763750131241977,0.357699990272522
1788271139.1483154,,,70.63000202178955,11.148900032043457,34.87153687849108,0.0,2.905600070953369,0.0022338000126183033,0.40149998664855957
1788273446.9473572,,,4.600000083446503,11.134200096130371,34.845586420032234,0.0,2.5423998832702637,0.0006533500272780657,0.30660000443458557
1788273597.8953552,,,22.52000093460083,11.150500297546387,34.853053910830866,0.0,2.5423998832702637,0.0007482499931938946,0.36500000953674316
1788273748.918335,,,40.2400016784668,11.141300201416016,34.863883978056606,0.0,2.36080002784729,0.0010092250304296613,0.39419999718666077
1788273898.9791565,,,58.21000099182129,11.144200325012207,34.86791598878321,0.0,2.5423998832702637,0.0010457249591127038,0.6424000263214111
1788274049.8861084,,,77.14000225067139,11.148200035095215,34.87227324346816,0.0,2.905600070953369,0.001591400010511279,0.39419999718666077
1788274792.7572632,,,4.490000009536743,11.147000312805176,34.84614667106855,0.0,2.5423998832702637,0.0008577500120736659,0.30660000443458557
1788276265.5765991,,,4.690000116825104,11.14009952545166,34.84682506129204,0.0,2.4516000747680664,0.0007300000288523734,0.3138999938964844
1788276415.7294617,,,19.769999980926514,11.13379955291748,34.85389142074012,0.0,2.4516000747680664,0.0006551750120706856,0.32120001316070557
1788276565.7743225,,,35.84000110626221,11.12559986114502,34.857939292116434,0.0,2.36080002784729,0.00047450000420212746,0.2847000062465668
1788276716.713562,,,54.54999923706055,11.137200355529785,34.86932437255201,0.0,2.63319993019104,0.0010092250304296613,0.42340001463890076
1788276870.7410583,,,74.23999786376953,11.139200210571289,34.86995920276584,0.0,2.63319993019104,0.0011460999958217144,0.37229999899864197
1788279156.1053162,,,4.670000076293945,11.127300262451172,34.84621966285916,0.0,2.5423998832702637,0.0006132000125944614,0.2847000062465668
1788279632.0,171.74128333333329,-44.77523333333333,,,,,,,
1788279649.0,171.74128333333329,-44.77523333333333,,,,,,,
1788279783.0,171.80800000000002,-44.7874,,,,,,,
1788281487.830597,,,4.819999933242798,11.121100425720215,34.847350333976635,0.0,2.5423998832702637,0.0005949499900452793,0.32850000262260437
1788281638.8623352,,,22.40000009536743,11.112199783325195,34.85337170910872,0.0,2.4516000747680664,0.0005931250052526593,0.2773999869823456
1788281789.8992615,,,39.639999866485596,11.105400085449219,34.8573589719478,0.0,2.36080002784729,0.0005474999779835343,0.30660000443458557
1788281940.0544434,,,56.11999988555908,11.120499610900879,34.86344455144185,0.0,2.4516000747680664,0.0007701499853283167,0.32850000262260437
1788282090.1637268,,,72.96000003814697,11.106800079345703,34.861918918405024,0.0,2.5423998832702637,0.0008595749968662858,0.3357999920845032
1788284638.944519,,,4.289999902248383,11.172200202941895,34.86794608785377,0.0,2.36080002784729,0.0003650000144261867,0.2554999887943268
1788284789.9629211,,,20.62999963760376,11.12909984588623,34.858063077633034,0.0,2.36080002784729,0.0005292500136420131,0.262800008058548
1788284940.0177917,,,38.25000047683716,11.124199867248535,34.865758778707416,0.0,2.36080002784729,0.00046720000682398677,0.30660000443458557
1788285090.0346985,,,56.27999782562256,11.121199607849121,34.86599625898158,0.0,2.36080002784729,0.0005584500031545758,0.2847000062465668
1788285241.0725708,,,74.21000003814697,11.103599548339844,34.86289842039043,0.0,2.5423998832702637,0.0007865750230848789,0.37229999899864197
1788285391.6376343,,,91.30000114440918,11.118599891662598,34.87449452508034,0.0,3.0871999263763428,0.0028323999140411615,0.43799999356269836
1788287679.059845,,,4.410000145435333,11.200699806213379,34.87420458373356,0.0,2.36080002784729,0.0004087999986950308,0.30660000443458557
1788287829.212555,,,20.02000093460083,11.131699562072754,34.863443996321394,0.0,2.2699999809265137,0.0003832500078715384,0.2700999975204468
1788287979.3215942,,,36.21000051498413,11.12279987335205,34.86421628132567,0.0,2.36080002784729,0.00047997498768381774,0.2992999851703644
1788288132.3756714,,,52.5,11.105500221252441,34.86405110536608,0.0,2.4516000747680664,0.0009490000084042549,0.357699990272522
1788288282.445221,,,70.2299976348877,11.121100425720215,34.868007081486894,0.0,2.5423998832702637,0.0007208749884739518,0.37229999899864197
1788288432.5428467,,,88.7399959564209,11.127300262451172,34.87037686602484,0.0,2.4516000747680664,0.0006734249764122069,0.6132000088691711
1788290715.6918945,,,4.53000009059906,11.20680046081543,34.876722074948304,0.0,2.36080002784729,0.0005128249758854508,0.36500000953674316
1788290866.6773376,,,23.03999900817871,11.168299674987793,34.86700588343792,0.0,2.36080002784729,0.0005109999910928309,0.3357999920845032
1788291017.6836853,,,42.41000175476074,11.118499755859375,34.86531345317013,0.0,2.36080002784729,0.0006223249947652221,0.35040000081062317
1788291168.7072754,,,61.599998474121094,11.116499900817871,34.86557804377555,0.0,2.4516000747680664,0.0006989749963395298,0.36500000953674316
1788291318.7417297,,,80.71000099182129,11.108200073242188,34.87595184650389,0.0,2.63319993019104,0.001014700043015182,0.47450000047683716
1788293781.9778748,,,4.7200000286102295,11.229299545288086,34.87728635558769,0.0,2.4516000747680664,0.0005493250209838152,0.37959998846054077
1788293932.9058228,,,22.309999465942383,11.204099655151367,34.87319166425344,0.0,2.36080002784729,0.0005602749879471958,0.34310001134872437
1788294083.058197,,,39.83000040054321,11.170000076293945,34.8700043222496,0.0,2.36080002784729,0.0006442249868996441,0.32120001316070557
1788294233.0866394,,,57.34000205993652,11.147700309753418,34.87105900521543,0.0,2.36080002784729,0.00045442499686032534,0.32120001316070557
1788294384.138855,,,75.2299976348877,11.11299991607666,34.871160280286176,0.0,2.36080002784729,0.0005821749800816178,0.40880000591278076
1788294534.1731567,,,92.65000343322754,11.08899974822998,34.87935899500205,0.0,2.63319993019104,0.0012556000147014856,0.40880000591278076
1788295346.779541,,,4.620000123977661,11.222700119018555,34.87642770207747,0.0,2.4516000747680664,0.0006460499716922641,0.44530001282691956
1788296916.6552734,,,4.510000050067902,11.246199607849121,34.87677059975851,0.0,2.5423998832702637,0.0006040749722160399,0.34310001134872437
1788297067.5948792,,,22.000000476837158,11.246600151062012,34.876398002817815,0.0,2.4516000747680664,0.0006807249737903476,0.35040000081062317
1788297218.6168213,,,39.43000078201294,11.210100173950195,34.87693709818465,0.0,2.4516000747680664,0.0009289250010624528,0.39419999718666077
1788297368.6672363,,,56.84999942779541,11.171500205993652,34.87419308880285,0.0,2.36080002784729,0.0005511500057764351,0.32850000262260437
1788297519.6681213,,,74.78000164031982,11.161999702453613,34.8853266418324,0.0,2.4516000747680664,0.0008157750125974417,0.357699990272522
1788297670.6960144,,,92.32999801635742,11.078200340270996,34.880581702989275,0.0,2.8148000240325928,0.0015330000314861536,0.60589998960495
1788300017.922638,,,4.429999887943268,11.245800018310547,34.87678708191784,0.0,2.36080002784729,0.000739125011023134,0.40880000591278076
1788300167.9622192,,,20.969998836517334,11.238900184631348,34.876405233313534,0.0,2.5423998832702637,0.0008066499722190201,0.36500000953674316
1788300318.0181885,,,38.22000026702881,11.211600303649902,34.881723548128356,0.0,2.4516000747680664,0.0010530250146985054,0.47450000047683716
1788300469.0433044,,,55.17000198364258,11.204999923706055,34.882677733656905,0.0,2.4516000747680664,0.0007062749937176704,0.35040000081062317
1788300619.0902405,,,72.32999801635742,11.210399627685547,34.89146043065704,0.0,2.4516000747680664,0.0009325750288553536,0.3357999920845032
1788300769.1817017,,,89.46000099182129,11.233200073242188,34.89807688334057,0.0,2.9964001178741455,0.0021662749350070953,0.40149998664855957
1788301779.0,171.80800000000002,-44.7874,,,,,,,
1788301796.0,171.80800000000002,-44.7874,,,,,,,
1788301936.0,171.87245000000001,-44.79243333333334,,,,,,,
1788303799.4512634,,,4.799999892711639,11.245200157165527,34.875002350968614,0.0,2.4516000747680664,0.00060224998742342,0.40149998664855957
1788303950.3950806,,,20.72000026702881,11.237899780273438,34.87458374431778,0.0,2.4516000747680664,0.0007500749779865146,0.357699990272522
1788304101.2598877,,,37.260000705718994,11.250499725341797,34.884948074621704,0.0,2.63319993019104,0.0010347750503569841,0.44530001282691956
1788304251.958496,,,53.09999942779541,11.257699966430664,34.897164663384245,0.0,2.63319993019104,0.0010274749947711825,0.357699990272522
1788304402.4449158,,,69.98000144958496,11.296699523925781,34.91531709547369,0.0,2.905600070953369,0.002215550048276782,0.40880000591278076
1788304555.3624878,,,90.29000282287598,11.122099876403809,34.887064299085075,0.0,2.905600070953369,0.001686300034634769,0.357699990272522
1788306970.7397156,,,4.629999995231628,11.262200355529785,34.877255586291625,0.0,2.4516000747680664,0.0005894749774597585,0.32120001316070557
1788307120.9279785,,,20.850000381469727,11.237600326538086,34.876001186937835,0.0,2.5423998832702637,0.00090154999634251,0.45260000228881836
1788307271.418457,,,36.93000078201294,11.254799842834473,34.88757779892373,0.0,2.5423998832702637,0.000970900000538677,0.42340001463890076
1788307422.0851135,,,52.69999980926514,11.285900115966797,34.90885194864776,0.0,2.8148000240325928,0.001591400010511279,0.40880000591278076
1788307572.6932983,,,68.80000114440918,11.320799827575684,34.92049360169112,0.0,3.2688000202178955,0.0027083000168204308,0.40149998664855957
1788307723.4932556,,,84.91999626159668,11.17770004272461,34.88460984367731,0.0,2.905600070953369,0.001846899976953864,0.37229999899864197
1788310322.0023499,,,4.580000042915344,11.278200149536133,34.88079416055819,0.0,2.36080002784729,0.0004763249889947474,0.2919999957084656
1788310472.2383118,,,22.780001163482666,11.26099967956543,34.88217830945855,0.0,2.63319993019104,0.0010037500178441405,0.43070000410079956
1788310623.0493774,,,41.550002098083496,11.2608003616333,34.889658135921415,0.0,2.63319993019104,0.0009745500283315778,0.37229999899864197
1788310773.6582031,,,59.92000102996826,11.320300102233887,34.91997137603996,0.0,2.905600070953369,0.0018852249486371875,0.37229999899864197
1788310924.327942,,,78.01000118255615,11.296799659729004,34.92275060591349,0.0,2.905600070953369,0.0021115250419825315,0.39419999718666077
1788311074.3623047,,,96.16000175476074,11.112500190734863,34.89195458648914,0.0,2.7239999771118164,0.0011625250335782766,0.37229999899864197
1788313704.2844238,,,4.539999961853027,11.276399612426758,34.8809289104708,0.0,2.36080002784729,0.0005894749774597585,0.32850000262260437
1788313854.4549866,,,19.190000295639038,11.26449966430664,34.88484278426925,0.0,2.63319993019104,0.0009307499858550727,0.43799999356269836
1788314005.2794495,,,34.18999910354614,11.275400161743164,34.89649900759794,0.0,2.5423998832702637,0.001571325003169477,0.39419999718666077
1788314155.9888916,,,50.10000228881836,11.324000358581543,34.92521475790368,0.0,2.7239999771118164,0.0010676250094547868,0.37229999899864197
1788314306.8188171,,,68.4499979019165,11.297499656677246,34.92744713919017,0.0,2.9964001178741455,0.0019052999559789896,0.40149998664855957
1788314460.4409485,,,86.75999641418457,11.053899765014648,34.88102122723519,0.0,2.5423998832702637,0.001366924960166216,0.35040000081062317
1788315365.3310547,,,4.860000014305115,11.277899742126465,34.88095319347013,0.0,2.36080002784729,0.0006369249895215034,0.2919999957084656
1788317095.2852783,,,4.699999988079071,11.28600025177002,34.8819911608228,0.0,2.4516000747680664,0.0007646749727427959,0.2919999957084656
1788317245.3226318,,,20.68000078201294,11.272600173950195,34.89040578426914,0.0,2.5423998832702637,0.0008139500278048217,0.47450000047683716
1788317396.1861572,,,36.02999925613403,11.27280044555664,34.912638569525406,0.0,2.5423998832702637,0.000996449962258339,0.41609999537467957
1788317546.7928467,,,52.02000141143799,11.284199714660645,34.92913162229487,0.0,2.63319993019104,0.0011716500157490373,0.38690000772476196
1788317697.4308472,,,70.46000003814697,11.031499862670898,34.87807880068154,0.0,2.2699999809265137,0.0004982249811291695,0.2847000062465668
1788317848.187683,,,88.6400032043457,11.03499984741211,34.8822657153991,0.0,2.36080002784729,0.000830375007353723,0.715399980545044
1788320596.2164612,,,4.699999988079071,11.280500411987305,34.88233557037106,0.0,2.36080002784729,0.0005055249785073102,0.34310001134872437
1788320746.3406982,,,21.91999912261963,11.282299995422363,34.906279386914896,0.0,2.5423998832702637,0.0008650500094518065,0.5182999968528748
1788320897.1275024,,,39.83000040054321,11.13599967956543,34.88752624404159,0.0,2.36080002784729,0.0009344000136479735,0.8176000118255615
1788321047.894806,,,57.51999855041504,11.09529972076416,34.882047371877256,0.0,2.36080002784729,0.0010110499570146203,0.6934999823570251
1788321198.2918396,,,74.53999996185303,11.016599655151367,34.87832475553103,0.0,2.1791999340057373,0.00033762500970624387,0.2919999957084656
1788321348.91568,,,91.38999938964844,11.01200008392334,34.880624631848775,0.0,2.36080002784729,0.0006770750042051077,0.46720001101493835
1788322876.0,171.87245000000001,-44.79243333333334,,,,,,,
1788322893.0,171.87245000000001,-44.79243333333334,,,,,,,
1788323031.0,171.87245000000001,-44.79243333333334,,,,,,,
1788323124.0,171.87245000000001,-44.79243333333334,,,,,,,
1788323187.0,171.87245000000001,-44.79243333333334,,,,,,,
1788323249.0,171.87245000000001,-44.79243333333334,,,,,,,
1788323310.0,171.84053333333335,-44.77186666666666,,,,,,,
1788325281.607605,,,4.539999961853027,11.280500411987305,34.88250675310794,0.0,2.36080002784729,0.0005529749905690551,0.45989999175071716
1788325432.591919,,,22.6200008392334,11.24120044708252,34.904096691910894,0.0,2.4516000747680664,0.0006880249711684883,0.5401999950408936
1788325582.6520996,,,41.86999797821045,11.125699996948242,34.88622346059804,0.0,2.4516000747680664,0.0007555499905720353,0.5475000143051147
1788325732.6847534,,,61.23000144958496,11.043499946594238,34.8777103503021,0.0,2.1791999340057373,0.00041427501128055155,0.2919999957084656
1788325883.6505737,,,80.60000419616699,11.008000373840332,34.87238927444472,0.0,2.1791999340057373,0.0005602749879471958,0.357699990272522
1788326034.6599426,,,99.46999549865723,11.008999824523926,34.880349197394054,0.0,2.2699999809265137,0.0006752500194124877,0.40149998664855957
1788328756.9818115,,,4.280000030994415,11.293399810791016,34.88490225724653,0.0,2.36080002784729,0.0006788999889977276,0.43070000410079956
1788328908.0002136,,,21.530001163482666,11.268600463867188,34.88894604176854,0.0,2.63319993019104,0.000947175023611635,0.44530001282691956
1788329059.0361633,,,41.4900016784668,11.326600074768066,34.925310845636425,0.0,2.63319993019104,0.0010949999559670687,0.40880000591278076
1788329210.0620422,,,61.550002098083496,11.324000358581543,34.934482718040925,0.0,2.63319993019104,0.0012391749769449234,0.36500000953674316
1788329360.1416016,,,81.30999565124512,11.084199905395508,34.88600539198728,0.0,2.5423998832702637,0.0013304250314831734,0.3357999920845032
1788329511.147766,,,100.69000244140625,11.08549976348877,34.890347584583814,0.0,2.63319993019104,0.0011442749528214335,0.45260000228881836
1788332121.6852722,,,4.480000138282776,11.295000076293945,34.88736571613633,0.0,2.36080002784729,0.0007300000288523734,0.45989999175071716
1788332271.8105774,,,21.84000015258789,11.281499862670898,34.889895246195735,0.0,2.5423998832702637,0.0007044500089250505,0.39419999718666077
1788332421.9750977,,,39.110000133514404,11.250499725341797,34.889385607730475,0.0,2.63319993019104,0.0009672499727457762,0.37959998846054077
1788332572.9533997,,,57.179999351501465,11.31779956817627,34.920685400156245,0.0,2.7239999771118164,0.001248299959115684,0.38690000772476196
1788332723.1539917,,,75.32000064849854,11.332200050354004,34.93157841223488,0.0,2.7239999771118164,0.0014764249790459871,0.37229999899864197
1788332874.1364136,,,93.12999725341797,11.324600219726562,34.93232638148231,0.0,2.8148000240325928,0.0014417499769479036,0.39419999718666077
1788335479.4398499,,,4.679999947547913,11.284000396728516,34.889555392523256,0.0,2.36080002784729,0.0005986000178381801,0.45260000228881836
1788335630.4598694,,,21.15999937057495,11.291899681091309,34.889679647640556,0.0,2.36080002784729,0.0004963999963365495,0.37229999899864197
1788335780.517273,,,37.67999887466431,11.287500381469727,34.89211256583532,0.0,2.5423998832702637,0.0007354749832302332,0.43070000410079956
1788335930.657135,,,55.00999927520752,11.249300003051758,34.895130924761126,0.0,2.8148000240325928,0.0012665500398725271,0.3357999920845032
1788336080.7363892,,,75.52000045776367,11.313599586486816,34.91945622989991,0.0,2.905600070953369,0.002224674914032221,0.36500000953674316
1788336230.9544983,,,96.3700008392334,11.332300186157227,34.92726029090519,0.0,2.8148000240325928,0.0013797000283375382,0.40149998664855957
1788338798.4833984,,,4.519999921321869,11.276700019836426,34.88462671969892,0.0,2.36080002784729,0.0008650500094518065,0.40149998664855957
1788338949.4953613,,,21.25999927520752,11.288000106811523,34.891641024031955,0.0,2.4516000747680664,0.0006642999942414463,0.40880000591278076
1788339100.4388428,,,38.65000009536743,11.282999992370605,34.89336150628445,0.0,2.5423998832702637,0.0009161499910987914,0.35040000081062317
1788339250.47052,,,55.809998512268066,11.295299530029297,34.91056647268415,0.0,2.5423998832702637,0.0007920499774627388,0.6643000245094299
1788339401.2945557,,,73.5200023651123,11.309300422668457,34.915890039235876,0.0,2.63319993019104,0.0013213000493124127,0.357699990272522
1788339552.3158875,,,91.66000366210938,11.325300216674805,34.923295542087935,0.0,2.4516000747680664,0.0009070250089280307,0.32850000262260437
1788342039.8711853,,,4.510000050067902,11.275699615478516,34.87852712378069,0.0,2.36080002784729,0.0006132000125944614,0.39419999718666077
1788342190.8974304,,,22.5,11.29319953918457,34.89966340893472,0.0,2.4516000747680664,0.001107775024138391,0.39419999718666077
1788342340.934906,,,40.19000053405762,11.300399780273438,34.90537235368229,0.0,2.4516000747680664,0.0008796500042080879,0.41609999537467957
1788342490.939148,,,57.779998779296875,11.313400268554688,34.910202995597224,0.0,2.4516000747680664,0.0009307499858550727,0.35040000081062317
1788342641.9803467,,,75.2400016784668,11.325499534606934,34.92120198758078,0.0,2.4516000747680664,0.000969075015746057,0.39419999718666077
1788342792.0364685,,,92.70000457763672,11.328200340270996,34.927125313830075,0.0,2.63319993019104,0.0008851250167936087,0.35040000081062317
1788344626.0,171.84053333333335,-44.77186666666666,,,,,,,
1788344638.0,171.84053333333335,-44.77186666666666,,,,,,,
1788344778.0,171.79860000000002,-44.74213333333334,,,,,,,
1788346634.9041748,,,4.370000064373016,11.259200096130371,34.86739715334734,0.0,2.36080002784729,0.000531074998434633,0.40880000591278076
1788346785.895874,,,21.689999103546143,11.28439998626709,34.87897518034445,0.0,2.36080002784729,0.0004361750034149736,0.39419999718666077
1788346936.4933472,,,37.56999969482422,11.284099578857422,34.90471607109362,0.0,2.36080002784729,0.000693499983754009,0.40149998664855957
1788347087.491272,,,55.960001945495605,11.302200317382812,34.9087251206284,0.0,2.4516000747680664,0.000808475015219301,0.45260000228881836
1788347238.3898315,,,75.86999893188477,11.313799858093262,34.915738432178095,0.0,2.4516000747680664,0.0006624750094488263,0.34310001134872437
1788347389.2511292,,,96.30000114440918,11.31410026550293,34.9242984610282,0.0,2.4516000747680664,0.0007884000078774989,0.35040000081062317
1788348237.4368286,,,4.21999990940094,11.263899803161621,34.86629122511042,0.0,2.36080002784729,0.00045625001075677574,0.38690000772476196
1788349861.1316833,,,4.60999995470047,11.271100044250488,34.86565626448509,0.0,2.36080002784729,0.00038690000656060874,0.38690000772476196
1788350012.1532898,,,24.179999828338623,11.286299705505371,34.890256561606925,0.0,2.4516000747680664,0.0007537250057794154,0.44530001282691956
1788350163.076294,,,42.849998474121094,11.286299705505371,34.90185782562469,0.0,2.36080002784729,0.0005639250157400966,0.34310001134872437
1788350313.1507874,,,61.33999824523926,11.294899940490723,34.91204755567212,0.0,2.36080002784729,0.000969075015746057,0.40149998664855957
1788350464.1101685,,,79.7599983215332,11.310199737548828,34.9187021465934,0.0,2.36080002784729,0.0006734249764122069,0.357699990272522
1788350615.0080566,,,97.27999687194824,11.322199821472168,34.92848722369625,0.0,2.4516000747680664,0.0009398750262334943,0.3357999920845032
1788353026.1887817,,,4.909999966621399,11.258500099182129,34.857783970572065,0.0,2.4516000747680664,0.000450774998171255,0.37959998846054077
1788353177.220581,,,23.010001182556152,11.263099670410156,34.873530521255965,0.0,2.4516000747680664,0.0006971500115469098,0.39419999718666077
1788353327.9995117,,,42.179999351501465,11.284500122070312,34.89006375878996,0.0,2.4516000747680664,0.0007318250136449933,0.39419999718666077
1788353478.8735046,,,60.0600004196167,11.316699981689453,34.9144910284317,0.0,2.5423998832702637,0.000923449988476932,0.40880000591278076
1788353629.534546,,,77.8499984741211,11.315799713134766,34.92238215320137,0.0,2.63319993019104,0.0011333250440657139,0.43799999356269836
1788353779.649414,,,95.83999633789062,11.321399688720703,34.92750807133101,0.0,2.4516000747680664,0.0008832999737933278,0.357699990272522
1788356142.2807007,,,4.810000061988831,11.249699592590332,34.85811574850208,0.0,2.4516000747680664,0.0004945750115439296,0.37959998846054077
1788356292.3855286,,,23.599998950958252,11.251500129699707,34.85882107735599,0.0,2.4516000747680664,0.0005876499926671386,0.37229999899864197
1788356443.2314148,,,41.83000087738037,11.294400215148926,34.89007653462146,0.0,2.36080002784729,0.0005602749879471958,0.8614000082015991
1788356594.1716309,,,60.57000160217285,11.318499565124512,34.91325195144884,0.0,2.36080002784729,0.0007208749884739518,0.44530001282691956
1788356745.0175781,,,78.80000114440918,11.315099716186523,34.9202427704856,0.0,2.63319993019104,0.0010548500576987863,0.46720001101493835
1788359161.319641,,,4.749999940395355,11.255900382995605,34.860019184391156,0.0,2.4516000747680664,0.0005748749827034771,0.37229999899864197
1788359312.3979492,,,22.53999948501587,11.246899604797363,34.86852093469646,0.0,2.5423998832702637,0.0008431500173173845,0.39419999718666077
1788359463.2887268,,,40.50000190734863,11.27810001373291,34.88357398501081,0.0,2.4516000747680664,0.0006788999889977276,0.5475000143051147
1788359614.2303772,,,58.60000133514404,11.320199966430664,34.914504970059994,0.0,2.4516000747680664,0.0006989749963395298,0.45260000228881836
1788359765.0533142,,,76.72999858856201,11.321800231933594,34.92156326900761,0.0,2.5423998832702637,0.0010639750398695469,0.44530001282691956
1788360782.4466858,,,4.269999861717224,11.247300148010254,34.86182237057152,0.0,2.4516000747680664,0.0006478750146925449,0.41609999537467957
1788362221.7496033,,,5.180000066757202,11.250200271606445,34.861152612760804,0.0,2.4516000747680664,0.0005785250104963779,0.37229999899864197
1788362371.796936,,,22.50999927520752,11.226900100708008,34.85676631624644,0.0,2.4516000747680664,0.0005420250236056745,0.2992999851703644
1788362522.6306763,,,39.110000133514404,11.268600463867188,34.88504897193599,0.0,2.5423998832702637,0.0008358500199392438,0.41609999537467957
1788362673.0669556,,,56.60999774932861,11.315400123596191,34.91101195893124,0.0,2.4516000747680664,0.0007573749753646553,0.43070000410079956
1788362823.9151306,,,77.0900011062622,11.332099914550781,34.924140340094034,0.0,2.4516000747680664,0.0008522749994881451,0.39419999718666077
1788365258.1855469,,,4.510000050067902,11.257399559020996,34.86427138980305,0.0,2.4516000747680664,0.0005712250131182373,0.37229999899864197
1788365409.1308594,,,19.739999771118164,11.259900093078613,34.864417011095604,0.0,2.4516000747680664,0.0005913000204600394,0.35040000081062317
1788365559.9501953,,,35.75999975204468,11.284500122070312,34.89293513433344,0.0,2.4516000747680664,0.0009344000136479735,0.38690000772476196
1788365710.903839,,,50.19999980926514,11.300999641418457,34.9049929663779,0.0,2.4516000747680664,0.0008394999895244837,0.5037000179290771
1788366274.0,171.79860000000002,-44.74213333333334,,,,,,,
1788366287.0,171.79860000000002,-44.74213333333334,,,,,,,
1788366421.0,171.76288333333332,-44.703849999999996,,,,,,,
1788368096.273407,,,4.620000123977661,11.26099967956543,34.8687616504601,0.0,2.5423998832702637,0.0009563000057823956,0.40880000591278076
1788368246.3179016,,,20.899999141693115,11.260700225830078,34.868702991672535,0.0,2.5423998832702637,0.0008248999947682023,0.38690000772476196
1788368396.4543762,,,37.90999889373779,11.284700393676758,34.89416711700465,0.0,2.36080002784729,0.000509175006300211,0.32850000262260437
1788368547.392395,,,55.329999923706055,11.305399894714355,34.908556852759254,0.0,2.4516000747680664,0.0007993499748408794,0.39419999718666077
1788368697.4503174,,,72.2599983215332,11.325200080871582,34.923509513301354,0.0,2.4516000747680664,0.0008248999947682023,0.36500000953674316
1788368847.5867615,,,88.80000114440918,11.334099769592285,34.934081572416964,0.0,2.7239999771118164,0.00120449997484684,0.43799999356269836
1788369549.0853577,,,4.480000138282776,11.252400398254395,34.869119836066574,0.0,2.5423998832702637,0.0006971500115469098,0.34310001134872437
1788371072.7304077,,,4.7200000286102295,11.229000091552734,34.88274047829979,0.0,2.2699999809265137,0.00031755000236444175,0.3357999920845032
1788371222.8422852,,,20.880000591278076,11.249199867248535,34.88636293816719,0.0,2.2699999809265137,0.0006515249842777848,0.3357999920845032
1788371373.7782593,,,36.80999994277954,11.332200050354004,34.91178393943199,0.0,2.2699999809265137,0.0003303250123281032,0.35040000081062317
1788371523.9346924,,,52.5,11.324899673461914,34.92061394208521,0.0,2.2699999809265137,0.0006624750094488263,0.35040000081062317
1788371674.0496216,,,69.29999828338623,11.321700096130371,34.923484728677906,0.0,2.36080002784729,0.0006387499743141234,0.30660000443458557
1788371824.1118774,,,88.21999549865723,11.337599754333496,34.93726912886471,0.0,2.8148000240325928,0.001892525004222989,0.40880000591278076
1788373970.7551575,,,4.659999907016754,11.132599830627441,34.84627907472397,0.0,2.36080002784729,0.00037230001180432737,0.2992999851703644
1788374121.766327,,,23.480000495910645,11.234199523925781,34.879535686473076,0.0,2.2699999809265137,0.0003139000036753714,0.30660000443458557
1788374272.7815552,,,42.290000915527344,11.16450023651123,34.87511376237489,0.0,2.2699999809265137,0.00024819999816827476,0.24089999496936798
1788374423.1522827,,,60.819997787475586,11.129199981689453,34.876392957337615,0.0,2.9964001178741455,0.0017428749706596136,0.3357999920845032
1788374573.3530579,,,79.45000171661377,11.327500343322754,34.92536393976775,0.0,2.7239999771118164,0.0015694999601691961,0.357699990272522
1788376853.0374146,,,5.960000157356262,11.083700180053711,34.8256832299413,0.0,2.4516000747680664,0.0003303250123281032,0.2700999975204468
1788377004.0717773,,,24.040000438690186,11.17199993133545,34.856080564748005,0.0,2.36080002784729,0.000381424993975088,0.2700999975204468
1788377155.131012,,,42.44999885559082,11.204700469970703,34.86856757346075,0.0,2.2699999809265137,0.00033214999712072313,0.2847000062465668
1788377306.115326,,,61.020002365112305,11.131600379943848,34.873626938061896,0.0,2.5423998832702637,0.0012081499444320798,0.2773999869823456
1788377456.1771545,,,79.28999900817871,11.135600090026855,34.87539632165702,0.0,2.8148000240325928,0.0013340750010684133,0.2919999957084656
1788378252.860199,,,4.280000030994415,11.083399772644043,34.81914274069665,0.0,2.4516000747680664,0.00040697501390241086,0.262800008058548
1788379645.3106384,,,4.4999998807907104,11.0693998336792,34.81496485625422,0.0,2.4516000747680664,0.0002865249989554286,0.24819999933242798
1788379795.4430542,,,22.790000438690186,11.183500289916992,34.85181262453009,0.0,2.36080002784729,0.0003832500078715384,0.2847000062465668
1788379946.4918518,,,41.529998779296875,11.212499618530273,34.86864923259079,0.0,2.2699999809265137,0.00041974999476224184,0.2700999975204468
1788380096.598053,,,60.45000076293945,11.203800201416016,34.87071275833703,0.0,2.2699999809265137,0.00028287500026635826,0.24819999933242798
1788380246.8414612,,,78.9799976348877,11.129300117492676,34.874440124049265,0.0,2.63319993019104,0.0008851250167936087,0.24089999496936798
1788382539.5838013,,,4.799999892711639,11.053799629211426,34.807374669772315,0.0,2.4516000747680664,0.00029930000891909003,0.20440000295639038
1788382690.5602112,,,23.74000072479248,11.056699752807617,34.81037328463168,0.0,2.4516000747680664,0.00035952500184066594,0.24819999933242798
1788382840.79068,,,42.91999816894531,11.118000030517578,34.86276950177137,0.0,2.36080002784729,0.0003960249887313694,0.2554999887943268
1788382990.875885,,,62.41000175476074,11.1697998046875,34.86694558738578,0.0,2.2699999809265137,0.00035222500446252525,0.2554999887943268
1788383140.9413757,,,81.84000015258789,11.161999702453613,34.86395657438813,0.0,2.9964001178741455,0.0017009000293910503,0.2919999957084656
1788385322.945984,,,4.350000023841858,11.066300392150879,32.88440169575591,0.0,2.36080002784729,0.00023360000341199338,0.1678999960422516
1788385473.0609741,,,21.649999618530273,11.063599586486816,32.60431538792324,0.0,2.4516000747680664,0.00024090000079013407,0.22630000114440918
1788385623.1799927,,,38.3299994468689,11.07979965209961,32.55443071040821,0.0,2.36080002784729,0.0002938249963335693,0.2554999887943268
1788385774.2306213,,,55.11000156402588,11.138500213623047,34.860270824846204,0.0,2.9964001178741455,0.0015768000157549977,0.2992999851703644
1788385924.4048462,,,75.17000198364258,11.126199722290039,34.862153115920485,0.0,3.2688000202178955,0.0020896249916404486,0.32850000262260437
1788388128.0,171.76288333333332,-44.703849999999996,,,,,,,
1788388141.0,171.76288333333332,-44.703849999999996,,,,,,,
1788388299.0,171.72386666666668,-44.668416666666666,,,,,,,
1788389907.1233215,,,4.320000112056732,11.080499649047852,34.79803636681328,0.0,2.4516000747680664,0.0002518499968573451,0.1678999960422516
1788390058.1183777,,,21.770000457763672,11.095800399780273,34.828536965423694,0.0,2.36080002784729,0.00029747499502263963,0.24819999933242798
1788390208.7481384,,,39.670000076293945,11.093999862670898,34.84294154594092,0.0,2.4516000747680664,0.0005438500083982944,0.262800008058548
1788390359.5258484,,,57.96000003814697,11.11970043182373,34.85919237094942,0.0,3.177999973297119,0.001686300034634769,0.2847000062465668
1788390510.242981,,,76.35000228881836,11.094400405883789,34.86090122978723,0.0,3.5411999225616455,0.002306800102815032,0.35040000081062317
1788391290.5342102,,,4.519999921321869,11.117199897766113,34.82257869216786,0.0,2.36080002784729,0.00026279999292455614,0.1386999934911728
1788392677.8809204,,,4.769999980926514,11.129599571228027,34.83113859326107,0.0,2.36080002784729,0.00029017499764449894,0.15330000221729279
1788392828.0854797,,,22.349998950958252,11.10770034790039,34.835731917399606,0.0,2.36080002784729,0.0003047749924007803,0.24819999933242798
1788392978.526886,,,39.619998931884766,11.105400085449219,34.839428245775764,0.0,2.4516000747680664,0.0006132000125944614,0.262800008058548
1788393129.4845276,,,56.77000045776367,11.151399612426758,34.86233011749912,0.0,2.905600070953369,0.0013340750010684133,0.2992999851703644
1788393279.598175,,,73.75,11.071999549865723,34.855006475659664,0.0,3.5411999225616455,0.002445500111207366,0.37959998846054077
1788395380.7191467,,,4.699999988079071,11.124899864196777,34.83453118687274,0.0,2.36080002784729,0.0003303250123281032,0.1678999960422516
1788395531.691742,,,22.5,11.15999984741211,34.85490960385652,0.0,2.36080002784729,0.0003412750083953142,0.262800008058548
1788395682.4723206,,,42.08000183105469,11.1806001663208,34.86392159139058,0.0,2.36080002784729,0.00043799998820759356,0.2919999957084656
1788395833.2277222,,,64.0999984741211,11.178099632263184,34.86936718489605,0.0,2.7239999771118164,0.001065799966454506,0.30660000443458557
1788398104.7200012,,,4.390000104904175,11.193300247192383,34.83416605869742,0.0,2.36080002784729,0.00041244999738410115,0.16060000658035278
1788398255.5656738,,,21.90999984741211,11.107000350952148,34.8343001130596,0.0,2.4516000747680664,0.00033579999580979347,0.24819999933242798
1788398406.2548828,,,40.219998359680176,11.095399856567383,34.83827660560045,0.0,2.4516000747680664,0.0003412750083953142,0.2847000062465668
1788398556.990265,,,57.96000003814697,11.03849983215332,34.828730130320395,0.0,2.905600070953369,0.001178949954919517,0.2773999869823456
1788398707.9597778,,,75.44000148773193,11.113800048828125,34.85895059958924,0.0,3.2688000202178955,0.0022100750356912613,0.2919999957084656
1788400687.3384705,,,4.650000035762787,11.119000434875488,34.818819642182255,0.0,2.36080002784729,0.0002792250015772879,0.16060000658035278
1788400837.4011536,,,22.660000324249268,11.01140022277832,34.81380491635568,0.0,2.36080002784729,0.0002773999876808375,0.20440000295639038
1788400988.2289429,,,41.13999843597412,11.017499923706055,34.81638000076954,0.0,2.36080002784729,0.00024819999816827476,0.22630000114440918
1788401139.255188,,,59.039998054504395,11.029600143432617,34.82301554236011,0.0,3.177999973297119,0.001688124961219728,0.3138999938964844
1788401290.2722168,,,76.58999919891357,11.019599914550781,34.85637919988574,0.0,2.9964001178741455,0.0016497999895364046,0.30660000443458557
1788403278.5180664,,,4.790000021457672,11.063699722290039,34.812559510066244,0.0,2.36080002784729,0.00023542500275652856,0.1678999960422516
1788403429.5263672,,,23.18000078201294,11.0108003616333,34.811941824079476,0.0,2.36080002784729,0.0002518499968573451,0.262800008058548
1788403580.557373,,,41.86999797821045,11.020999908447266,34.8158255609944,0.0,2.4516000747680664,0.0002865249989554286,0.2554999887943268
1788403731.5960083,,,60.14999866485596,11.03320026397705,34.8246917661063,0.0,2.9964001178741455,0.0013213000493124127,0.30660000443458557
1788403881.7087708,,,77.57999897003174,11.017200469970703,34.85431907019266,0.0,2.905600070953369,0.0015877500409260392,0.30660000443458557
1788405781.870453,,,4.769999980926514,11.094200134277344,34.81266992262301,0.0,2.2699999809265137,0.00019345000328030437,0.17520000040531158
1788405932.6142883,,,23.03999900817871,11.024800300598145,34.81359853036115,0.0,2.36080002784729,0.0001989250013139099,0.22630000114440918
1788406083.2254028,,,41.469998359680176,11.026700019836426,34.81578864988667,0.0,2.36080002784729,0.00022264999279286712,0.24089999496936798
1788406233.7023315,,,60.0,11.021100044250488,34.82715656639845,0.0,3.0871999263763428,0.0014070749748498201,0.32850000262260437
1788408211.3035583,,,4.740000069141388,11.07759952545166,34.80717995419939,0.0,2.36080002784729,0.0003650000144261867,0.24819999933242798
1788408362.3052063,,,23.489999771118164,11.021400451660156,34.812029471372604,0.0,2.36080002784729,0.0002043999993475154,0.2554999887943268
1788408512.9692078,,,42.03999996185303,11.021300315856934,34.81506648250027,0.0,2.4516000747680664,0.00037230001180432737,0.2919999957084656
1788408663.0186768,,,60.289998054504395,11.004899978637695,34.835514598050445,0.0,2.8148000240325928,0.0012154500000178814,0.3138999938964844
1788409581.0,171.72386666666668,-44.668416666666666,,,,,,,
1788409594.0,171.72386666666668,-44.668416666666666,,,,,,,
1788409735.0,171.67194999999998,-44.63923333333334,,,,,,,
1788411130.8678894,,,4.8899999260902405,11.067700386047363,34.80602445820609,0.0,2.4516000747680664,0.00043069999082945287,0.35040000081062317
1788411280.975708,,,23.16999912261963,11.024700164794922,34.809442167095646,0.0,2.4516000747680664,0.0003631750005297363,0.32850000262260437
1788411431.011383,,,41.519999504089355,11.01710033416748,34.81479069959119,0.0,2.63319993019104,0.0007135749910958111,0.32850000262260437
1788411581.2070007,,,59.59000110626221,11.004799842834473,34.833428377938276,0.0,2.7239999771118164,0.001040249946527183,0.30660000443458557
1788413609.290924,,,4.620000123977661,11.076000213623047,34.80765409637656,0.0,2.36080002784729,0.00039420000393874943,0.357699990272522
1788413759.4212341,,,23.250000476837158,11.011699676513672,34.80656010708085,0.0,2.5423998832702637,0.0004416499868966639,0.39419999718666077
1788413910.344818,,,42.30000019073486,10.999500274658203,34.8200572480233,0.0,3.0871999263763428,0.0013687500031664968,0.38690000772476196
1788414061.2490234,,,61.630001068115234,11.021100044250488,34.8422006145204,0.0,2.4516000747680664,0.00047267499030567706,0.2700999975204468
1788415985.7242432,,,4.769999980926514,11.194600105285645,34.81386221601285,0.0,2.36080002784729,0.000288350012851879,0.2773999869823456
1788416136.4221191,,,21.18000030517578,11.019700050354004,34.811687497931054,0.0,2.4516000747680664,0.0003960249887313694,0.3357999920845032
1788416287.3676758,,,38.28000068664551,11.008299827575684,34.82579931277743,0.0,2.9964001178741455,0.0012993999989703298,0.357699990272522
1788416438.262909,,,57.719998359680176,11.004899978637695,34.8387676392845,0.0,2.63319993019104,0.0007062749937176704,0.2700999975204468
1788418356.2024536,,,4.769999980926514,11.235400199890137,34.807470517375094,0.0,2.2699999809265137,0.0002938249963335693,0.2773999869823456
1788418507.2165527,,,23.289999961853027,11.050800323486328,34.819664948528825,0.0,2.2699999809265137,0.00024819999816827476,0.36500000953674316
1788418657.3734741,,,42.2599983215332,11.011699676513672,34.83726357936275,0.0,2.7239999771118164,0.0008632250246591866,0.2919999957084656
1788418807.4231567,,,61.85999870300293,11.013899803161621,34.83555340830128,0.0,2.9964001178741455,0.0014034250052645802,0.34310001134872437
1788419500.3453064,,,4.600000083446503,11.197999954223633,34.80435474757086,0.0,2.2699999809265137,0.0002773999876808375,0.2554999887943268
1788420628.399475,,,4.370000064373016,11.172200202941895,34.80469867226019,0.0,2.36080002784729,0.00023360000341199338,0.22630000114440918
1788420779.419098,,,23.440001010894775,11.05780029296875,34.81415358335673,0.0,2.36080002784729,0.0005803499952889979,0.32120001316070557
1788420930.325714,,,42.69999980926514,11.024100303649902,34.83527718520864,0.0,2.63319993019104,0.0007829249952919781,0.39419999718666077
1788421081.2497253,,,62.3199987411499,11.014599800109863,34.833882260951874,0.0,2.9964001178741455,0.0014600000577047467,0.35040000081062317
1788422820.7696228,,,4.970000088214874,11.198100090026855,34.800612642275325,0.0,2.2699999809265137,0.00021352499607019126,0.21170000731945038
1788422970.9293518,,,22.980000972747803,11.060500144958496,34.80820742533796,0.0,2.36080002784729,0.00023360000341199338,0.2773999869823456
1788423121.9224548,,,42.64999866485596,11.032899856567383,34.833735146974355,0.0,2.63319993019104,0.0007226999732665718,0.36500000953674316
1788423272.8500366,,,62.51999855041504,11.011699676513672,34.83155271442795,0.0,2.9964001178741455,0.001222750055603683,0.34310001134872437
1788424933.195465,,,4.510000050067902,11.250900268554688,34.79730013727656,0.0,2.36080002784729,0.0002591499942354858,0.21170000731945038
1788425084.2053528,,,20.880000591278076,11.056400299072266,34.80306193288638,0.0,2.36080002784729,0.00022264999279286712,0.21899999678134918
1788425235.1948242,,,39.2300009727478,11.040399551391602,34.82306367522515,0.0,2.4516000747680664,0.000461724994238466,0.37229999899864197
1788425385.2338562,,,58.5099983215332,11.008099555969238,34.82698493797075,0.0,2.9964001178741455,0.0013048750115558505,0.34310001134872437
1788427052.242279,,,4.480000138282776,11.236599922180176,34.79811595988964,0.0,2.36080002784729,0.00029747499502263963,0.22630000114440918
1788427203.1523743,,,22.980000972747803,11.045999526977539,34.800602590403656,0.0,2.5423998832702637,0.00043252500472590327,0.24819999933242798
1788427354.0611572,,,41.479997634887695,11.044400215148926,34.81825684519073,0.0,2.63319993019104,0.0006478750146925449,0.357699990272522
1788427504.2745667,,,59.80999946594238,11.008199691772461,34.81861463401412,0.0,3.359600067138672,0.001985599985346198,0.38690000772476196
1788429181.5302124,,,4.670000076293945,11.226300239562988,34.79355782343621,0.0,2.4516000747680664,0.0003540499892551452,0.2847000062465668
1788429332.3417358,,,21.81999921798706,11.044500350952148,34.80124910508205,0.0,2.5423998832702637,0.0005055249785073102,0.2992999851703644
1788429483.3450928,,,38.980000019073486,11.040599822998047,34.80621826981152,0.0,3.5411999225616455,0.0020932750776410103,0.5182999968528748
1788429633.6149292,,,56.680002212524414,11.013899803161621,34.81021850367231,0.0,3.7228000164031982,0.0026426000986248255,0.42340001463890076
1788430981.0,171.67194999999998,-44.63923333333334,,,,,,,
1788430997.0,171.67194999999998,-44.63923333333334,,,,,,,
1788431135.0,171.63101666666668,-44.620533333333334,,,,,,,
1788432431.756134,,,4.659999907016754,11.247300148010254,34.79050343068215,0.0,2.4516000747680664,0.000381424993975088,0.3138999938964844
1788432582.4555054,,,22.090001106262207,11.03849983215332,34.799131498857655,0.0,2.5423998832702637,0.00046537499292753637,0.3357999920845032
1788432733.1896667,,,39.9399995803833,11.03339958190918,34.80443169883867,0.0,3.5411999225616455,0.0019472750136628747,0.5182999968528748
1788432883.6721497,,,57.290000915527344,11.017200469970703,34.80441612145443,0.0,3.7228000164031982,0.0023652000818401575,0.48910000920295715
1788434557.263153,,,4.449999928474426,11.355199813842773,34.79188052540604,0.0,2.36080002784729,0.0003047749924007803,0.2919999957084656
1788434708.1325684,,,21.630001068115234,11.033900260925293,34.7949153793031,0.0,2.63319993019104,0.0006259750225581229,0.40880000591278076
1788434859.0609436,,,39.40000057220459,11.038399696350098,34.7997324218017,0.0,2.8148000240325928,0.0008650500094518065,0.40880000591278076
1788435009.869629,,,56.75000190734863,11.012499809265137,34.801527640355445,0.0,3.8136000633239746,0.002332350006327033,0.5109999775886536
1788435604.3618774,,,4.129999876022339,11.288599967956543,34.78944794622208,0.0,2.4516000747680664,0.000312074989778921,0.2992999851703644
1788436632.000061,,,4.60999995470047,11.28499984741211,34.787969788840016,0.0,2.4516000747680664,0.0003412750083953142,0.2992999851703644
1788436782.0823975,,,21.989998817443848,11.015399932861328,34.790932677130606,0.0,2.5423998832702637,0.0003303250123281032,0.32120001316070557
1788436932.7843018,,,40.02999782562256,11.003999710083008,34.797129176002706,0.0,3.359600067138672,0.0015786249423399568,0.41609999537467957
1788437083.2005615,,,57.42000102996826,11.0068998336792,34.79984817513397,0.0,3.8136000633239746,0.002728374907746911,0.60589998960495
1788438721.9275208,,,4.099999964237213,11.201800346374512,34.78119004115039,0.0,2.36080002784729,0.00034309999318793416,0.30660000443458557
1788438872.9151611,,,21.670000553131104,11.017900466918945,34.78900492074779,0.0,2.5423998832702637,0.00043252500472590327,0.42340001463890076
1788439023.2641602,,,38.94999980926514,11.0024995803833,34.79733983680164,0.0,3.359600067138672,0.0018651500577107072,0.43799999356269836
1788439173.949463,,,56.09000205993652,11.008999824523926,34.80075109054355,0.0,3.7228000164031982,0.002450974890962243,0.5547999739646912
1788440859.6012268,,,4.269999861717224,11.116399765014648,34.77601087449183,0.0,2.4516000747680664,0.0003485750057734549,0.34310001134872437
1788441010.3627625,,,21.530001163482666,11.020899772644043,34.78961862545662,0.0,2.63319993019104,0.0005292500136420131,0.43070000410079956
1788441160.611786,,,38.959999084472656,11.012299537658691,34.792832803526004,0.0,2.8148000240325928,0.0006880249711684883,0.37959998846054077
1788441311.2763672,,,56.44000053405762,11.009499549865723,34.80081755048538,0.0,3.7228000164031982,0.002423600060865283,0.525600016117096
1788442949.0022888,,,4.5899999141693115,11.10770034790039,34.76706227394041,0.0,2.4516000747680664,0.00031025000498630106,0.35040000081062317
1788443099.9214478,,,22.049999237060547,11.020099639892578,34.790841198842756,0.0,2.63319993019104,0.000507350021507591,0.40880000591278076
1788443250.667328,,,39.40999984741211,11.022500038146973,34.79483895713532,0.0,2.8148000240325928,0.0007080999785102904,0.37959998846054077
1788443400.7649841,,,56.71999931335449,11.010299682617188,34.80183047970021,0.0,3.7228000164031982,0.002609750023111701,0.6643000245094299
1788444957.5046387,,,4.480000138282776,11.089400291442871,34.77227801104388,0.0,2.4516000747680664,0.0003284999984316528,0.2700999975204468
1788445108.310791,,,21.84000015258789,11.028900146484375,34.790779083291035,0.0,2.5423998832702637,0.0003284999984316528,0.3138999938964844
1788445259.2334595,,,40.04000186920166,11.027600288391113,34.791416634713926,0.0,2.63319993019104,0.0010219999821856618,0.43070000410079956
1788445410.0891418,,,58.00000190734863,11.00979995727539,34.80152981905881,0.0,3.5411999225616455,0.002339649945497513,0.57669997215271
1788446882.482666,,,4.120000004768372,11.066399574279785,34.77038827974109,0.0,2.4516000747680664,0.00030842499108985066,0.2847000062465668
1788447032.6604004,,,22.669999599456787,11.035900115966797,34.78995672763626,0.0,2.4516000747680664,0.0002390750014455989,0.22630000114440918
1788447183.5970154,,,42.36999988555908,11.027700424194336,34.79067496385057,0.0,2.63319993019104,0.0008522749994881451,0.36500000953674316
1788447817.6129456,,,4.519999921321869,11.07040023803711,34.7565438221556,0.0,2.4516000747680664,0.0002682750055100769,0.525600016117096
1788448761.277893,,,4.210000038146973,11.068699836730957,34.74223291225493,0.0,2.4516000747680664,0.0002700999903026968,0.39419999718666077
1788448911.5291138,,,21.84999942779541,11.036999702453613,34.79067996636591,0.0,2.4516000747680664,0.00029747499502263963,0.2992999851703644
1788449062.1393127,,,40.04000186920166,11.026399612426758,34.79265511331014,0.0,2.7239999771118164,0.0006205000099726021,0.32850000262260437
1788449213.0500488,,,58.359999656677246,11.004899978637695,34.80182321846276,0.0,3.4504001140594482,0.002449149964377284,0.5475000143051147
1788450682.6326904,,,4.959999918937683,11.01710033416748,34.71618781941403,0.0,2.5423998832702637,0.0003668249992188066,0.9271000027656555
1788450832.6785583,,,22.360000610351562,11.041000366210938,34.792147755353696,0.0,2.4516000747680664,0.00022812500537838787,0.2700999975204468
1788450983.568695,,,39.99000072479248,11.023500442504883,34.7913324650909,0.0,2.63319993019104,0.0005237750010564923,0.37959998846054077
1788451134.098175,,,57.069997787475586,11.004599571228027,34.80118964197594,0.0,3.4504001140594482,0.002169925021007657,0.5547999739646912
1788452816.0,171.63101666666668,-44.620533333333334,,,,,,,
1788452825.0,171.63101666666668,-44.620533333333334,,,,,,,
1788452975.0,171.59351666666666,-44.58505,,,,,,,
1788454151.2574463,,,4.779999852180481,10.924099922180176,34.68527530041688,0.0,2.63319993019104,0.00040332498610951006,1.3140000104904175
1788454302.2426758,,,21.600000858306885,11.027899742126465,34.78684131016442,0.0,2.4516000747680664,0.0003193749871570617,0.35040000081062317
1788454452.9863586,,,39.48999881744385,11.005599975585938,34.796951689176915,0.0,3.0871999263763428,0.0013067000545561314,0.49639999866485596
1788454603.9042358,,,57.08000183105469,11.004799842834473,34.80139283220867,0.0,3.4504001140594482,0.002241099951788783,0.5547999739646912
1788456044.631958,,,4.4200000166893005,10.93649959564209,34.674995848801224,0.0,2.63319993019104,0.00033579999580979347,1.5329999923706055
1788456194.8211365,,,21.97000026702881,11.030500411987305,34.79189772800791,0.0,2.63319993019104,0.0004945750115439296,1.4673000574111938
1788456345.7054749,,,39.700000286102295,11.01609992980957,34.79828389421305,0.0,3.2688000202178955,0.0019472750136628747,0.5985999703407288
1788456496.686615,,,57.30999946594238,11.01099967956543,34.7991040508001,0.0,3.2688000202178955,0.001730100018903613,0.7081000208854675
1788457910.3096619,,,4.300000071525574,10.906999588012695,34.66275281875931,0.0,2.7239999771118164,0.00033397501101717353,1.854200005531311
1788458061.3643188,,,21.979999542236328,11.01710033416748,34.78902428494929,0.0,3.4504001140594482,0.0018578500021249056,0.6715999841690063
1788458212.1671753,,,39.21999931335449,11.023900032043457,34.793196732259766,0.0,3.7228000164031982,0.0024108251091092825,0.7883999943733215
1788458363.0710754,,,56.70000076293945,11.027899742126465,34.79413477697647,0.0,3.7228000164031982,0.002538575092330575,0.6643000245094299
1788459812.5231628,,,4.050000011920929,10.891400337219238,34.66442031088861,0.0,2.63319993019104,0.00033214999712072313,1.138800024986267
1788459963.356842,,,19.450000524520874,10.9975004196167,34.76769256664811,0.0,2.7239999771118164,0.0005511500057764351,0.8540999889373779
1788460113.5889893,,,36.88999891281128,11.025500297546387,34.79252622163249,0.0,3.631999969482422,0.0022356249392032623,0.7519000172615051
1788460264.571991,,,54.060001373291016,11.030799865722656,34.79366930896372,0.0,3.631999969482422,0.002033049939200282,0.5182999968528748
1788461667.561554,,,4.480000138282776,10.874699592590332,34.66121627334689,0.0,2.7239999771118164,0.00043069999082945287,1.0877000093460083
1788461817.655365,,,21.34000062942505,10.93589973449707,34.70986099329853,0.0,2.7239999771118164,0.00040697501390241086,1.379699945449829
1788461968.557495,,,39.609999656677246,11.020700454711914,34.78876875086686,0.0,3.8136000633239746,0.00309520005248487,0.6277999877929688
1788463473.9000854,,,4.779999852180481,10.884499549865723,34.65740891686011,0.0,2.7239999771118164,0.0004343499895185232,1.7592999935150146
1788463624.9662476,,,22.40000009536743,10.92590045928955,34.70625237454737,0.0,2.8148000240325928,0.0005182999884709716,1.2264000177383423
1788463775.859192,,,38.74000072479248,11.021400451660156,34.78709611865199,0.0,4.085999965667725,0.002797724911943078,0.8029999732971191
1788463926.78891,,,55.47999858856201,11.026900291442871,34.79123883407078,0.0,3.5411999225616455,0.0024345500860363245,0.7957000136375427
1788465358.7791443,,,4.769999980926514,10.89490032196045,34.652170977260575,0.0,2.7239999771118164,0.0003284999984316528,0.8468000292778015
1788465508.851715,,,21.440000534057617,10.940600395202637,34.71396426756558,0.0,3.0871999263763428,0.0009143250063061714,1.0147000551223755
1788465659.6690063,,,37.96000003814697,11.021100044250488,34.786334024475345,0.0,3.9951999187469482,0.0028305749874562025,0.8614000082015991
1788465810.6626282,,,54.749999046325684,11.024800300598145,34.79006347628032,0.0,3.359600067138672,0.0018779250094667077,0.6351000070571899
1788467211.9960632,,,4.569999873638153,10.877699851989746,34.65272427836781,0.0,2.7239999771118164,0.00027557500288821757,1.438099980354309
1788467362.9615479,,,21.97000026702881,10.947199821472168,34.72397589778908,0.0,2.9964001178741455,0.0009599499753676355,1.1023000478744507
1788467513.8320312,,,39.18999910354614,11.018600463867188,34.78395907748371,0.0,3.631999969482422,0.001963699935004115,0.6205000281333923
1788468996.0751953,,,4.600000083446503,10.88860034942627,34.65581063249188,0.0,2.8148000240325928,0.00041427501128055155,0.7738000154495239
1788469146.4042358,,,21.700000762939453,10.927800178527832,34.71187124495293,0.0,2.905600070953369,0.0006405750173144042,0.8833000063896179
1788469297.21875,,,39.27000045776367,11.001199722290039,34.77365501563411,0.0,2.9964001178741455,0.0010822250042110682,0.6424000263214111
1788470788.596466,,,4.490000009536743,10.906200408935547,34.650310062364404,0.0,3.177999973297119,0.0010238250251859426,2.095099925994873
1788470939.4866638,,,20.68000078201294,10.897899627685547,34.68751780683865,0.0,2.7239999771118164,0.00040697501390241086,0.6205000281333923
1788471090.1032104,,,38.519999980926514,10.973199844360352,34.749877587344784,0.0,2.905600070953369,0.00089972501154989,0.6277999877929688
1788472553.076538,,,4.959999918937683,10.913800239562988,34.660420044325875,0.0,3.0871999263763428,0.0009216250036843121,1.7812000513076782
1788472703.8921204,,,21.510000228881836,10.909799575805664,34.67106940030058,0.0,2.9964001178741455,0.0007610250031575561,1.0657999515533447
1788472854.8097534,,,39.94999885559082,11.002599716186523,34.77372014131518,0.0,3.177999973297119,0.0012336999643594027,0.6570000052452087
1788474328.0,171.59351666666666,-44.58505,,,,,,,
1788474344.0,171.59351666666666,-44.58505,,,,,,,
1788474480.0,171.55598333333336,-44.57331666666668,,,,,,,
1788475601.0624695,,,4.650000035762787,10.937999725341797,34.66206801757346,0.0,2.9964001178741455,0.0008376750047318637,0.9052000045776367
1788475751.8884277,,,22.49000072479248,10.924300193786621,34.6857173579255,0.0,2.9964001178741455,0.0008194249821826816,1.2410000562667847
1788475902.0971375,,,38.81999969482422,10.998499870300293,34.76892432673677,0.0,2.9964001178741455,0.0008686999790370464,0.57669997215271
1788477330.892395,,,4.909999966621399,10.94789981842041,34.661784890219465,0.0,2.905600070953369,0.0006807249737903476,0.6715999841690063
1788477481.8978271,,,25.71000099182129,10.930800437927246,34.68931651588219,0.0,2.9964001178741455,0.0009070250089280307,1.6790000200271606
1788477632.1707764,,,45.56000232696533,11.041500091552734,34.7898342669305,0.0,2.8148000240325928,0.0006989749963395298,0.6643000245094299
1788479039.7082214,,,4.729999899864197,10.965499877929688,34.656015183106064,0.0,2.9964001178741455,0.0005967749748378992,0.7957000136375427
1788479190.62323,,,22.799999713897705,10.938799858093262,34.66995097219321,0.0,3.0871999263763428,0.0007665000157430768,0.9490000009536743
1788479341.6417236,,,41.64999961853027,11.010499954223633,34.76886303720317,0.0,2.905600070953369,0.0009490000084042549,0.7008000016212463
1788480673.4081726,,,4.53000009059906,10.990500450134277,34.654051280821896,0.0,2.8148000240325928,0.0005694000283256173,0.5694000124931335
1788480823.4602966,,,23.310000896453857,10.937700271606445,34.66966068783365,0.0,2.9964001178741455,0.0008358500199392438,1.6132999658584595
1788480973.8450928,,,41.77000045776367,11.03030014038086,34.764323842292384,0.0,3.5411999225616455,0.0022903750650584698,0.5694000124931335
1788482358.2954102,,,4.230000078678131,11.006699562072754,34.64187311858987,0.0,2.8148000240325928,0.0006861999863758683,0.8833000063896179
1788482508.452423,,,21.549999713897705,10.943400382995605,34.662559631975505,0.0,2.905600070953369,0.0007208749884739518,1.1023000478744507
1788482658.615265,,,39.37999963760376,11.012299537658691,34.74850471159858,0.0,3.5411999225616455,0.0017939750105142593,0.47450000047683716
1788484034.4201355,,,4.440000057220459,10.964599609375,34.63370716729612,0.0,2.905600070953369,0.0008486249716952443,1.773900032043457
1788484184.5717773,,,22.260000705718994,10.939499855041504,34.66573067475385,0.0,2.9964001178741455,0.0007957000052556396,1.138800024986267
1788484334.7337952,,,40.60999870300293,10.966899871826172,34.71732688375329,0.0,3.359600067138672,0.0014527000021189451,0.49639999866485596
1788485667.2657166,,,4.810000061988831,10.960399627685547,34.627815950086436,0.0,2.905600070953369,0.0006259750225581229,0.8321999907493591
1788485817.3918762,,,23.03999900817871,10.947400093078613,34.66550582256308,0.0,2.9964001178741455,0.0007792750257067382,0.9197999835014343
1788485967.68042,,,41.10000133514404,10.970399856567383,34.7150910260721,0.0,3.631999969482422,0.0017866749549284577,0.7519000172615051
1788486519.267334,,,4.580000042915344,10.997300148010254,34.623233500155415,0.0,2.8148000240325928,0.0005748749827034771,1.0877000093460083
1788487361.7546997,,,4.280000030994415,11.0108003616333,34.62429949466407,0.0,2.7239999771118164,0.0005420250236056745,0.7300000190734863
1788487512.0378418,,,24.079999923706055,10.951899528503418,34.66667912271711,0.0,2.9964001178741455,0.0008413249743171036,3.6719000339508057
1788487662.1512146,,,44.7599983215332,10.97029972076416,34.71384283886017,0.0,3.5411999225616455,0.0018322999821975827,0.6277999877929688
1788488991.6878662,,,4.2500001192092896,11.047499656677246,34.61502233787194,0.0,2.8148000240325928,0.0007464250084012747,1.2337000370025635
1788489142.5914612,,,19.65999960899353,10.96030044555664,34.66431704092394,0.0,2.905600070953369,0.0006132000125944614,1.5403000116348267
1788489292.9129333,,,36.610000133514404,10.941300392150879,34.68397879767063,0.0,3.2688000202178955,0.0011752999853342772,1.1168999671936035
1788490659.4189453,,,4.4999998807907104,11.008199691772461,34.61397620838722,0.0,2.8148000240325928,0.000509175006300211,0.7591999769210815
1788490810.3110352,,,22.55000114440918,10.951399803161621,34.668840500421815,0.0,2.9964001178741455,0.0008248999947682023,1.1753000020980835
1788490960.593628,,,42.56999969482422,10.949199676513672,34.70381987835386,0.0,3.2688000202178955,0.0013523249654099345,1.0219999551773071
1788492212.711609,,,4.709999859333038,11.003499984741211,34.61062939721805,0.0,2.8148000240325928,0.0005894749774597585,1.3213000297546387
1788492363.6999817,,,24.700000286102295,10.958800315856934,34.66957036204679,0.0,2.9964001178741455,0.0008540999842807651,1.058500051498413
1788492514.0093384,,,44.790000915527344,10.978099822998047,34.7212333160749,0.0,3.359600067138672,0.0016023500356823206,0.7226999998092651
1788493724.9715576,,,4.810000061988831,11.019200325012207,34.59906322754668,0.0,2.8148000240325928,0.0005420250236056745,1.1606999635696411
1788493875.0747375,,,21.80000066757202,10.959099769592285,34.666590880330084,0.0,3.0871999263763428,0.0007738000131212175,1.058500051498413
1788494025.2230835,,,38.410000801086426,10.96399974822998,34.70167114289952,0.0,3.5411999225616455,0.0016735249664634466,0.715399980545044
1788495327.664734,,,4.379999935626984,11.010199546813965,34.58638802992131,0.0,2.8148000240325928,0.0004690249916166067,0.9052000045776367
1788495718.0,171.55598333333336,-44.57331666666668,,,,,,,
1788495740.0,171.55598333333336,-44.57331666666668,,,,,,,
1788495881.0,171.55598333333336,-44.57331666666668,,,,,,,
1788495968.0,171.55598333333336,-44.57331666666668,,,,,,,
1788496029.0,171.55598333333336,-44.57331666666668,,,,,,,
1788496093.0,171.61371666666668,-44.562466666666666,,,,,,,
1788497108.3778076,,,4.659999907016754,11.022899627685547,34.602129394369506,0.0,2.8148000240325928,0.0005529749905690551,1.3213000297546387
1788497259.4037476,,,20.66999912261963,10.960200309753418,34.66605754161536,0.0,3.0871999263763428,0.0010219999821856618,1.051200032234192
1788497410.1332092,,,36.94000005722046,10.953800201416016,34.690294431256206,0.0,3.7228000164031982,0.0018760999664664268,1.2264000177383423
1788498747.1437683,,,4.639999866485596,11.020099639892578,34.615759380387416,0.0,2.8148000240325928,0.000507350021507591,2.095099925994873
1788498897.2009277,,,21.1299991607666,10.956500053405762,34.676248969933596,0.0,2.9964001178741455,0.0007555499905720353,0.9125000238418579
1788499047.634369,,,38.29999923706055,10.965200424194336,34.70388182005202,0.0,3.0871999263763428,0.0008048249874264002,0.9782000184059143
1788500523.5882263,,,4.5500001311302185,11.02340030670166,34.61887138092617,0.0,2.8148000240325928,0.0007007999811321497,1.6717000007629395
1788500674.6614075,,,21.579999923706055,10.953900337219238,34.67340827878449,0.0,2.9964001178741455,0.0010511999716982245,1.7884999513626099
1788500825.4766846,,,38.58000040054321,10.952199935913086,34.70336939008093,0.0,3.177999973297119,0.0012592499842867255,0.6570000052452087
1788502173.546173,,,4.350000023841858,11.0649995803833,34.607248273904595,0.0,2.8148000240325928,0.0005055249785073102,1.357800006866455
1788502323.596161,,,22.049999237060547,10.978400230407715,34.64972744961668,0.0,2.905600070953369,0.0007300000288523734,1.2264000177383423
1788502474.4634094,,,40.320000648498535,10.962800025939941,34.71234396070189,0.0,3.2688000202178955,0.0012136249570176005,0.5401999950408936
1788503769.6684875,,,4.399999976158142,11.039400100708008,34.60473930760375,0.0,2.8148000240325928,0.00044895001337863505,0.8906000256538391
1788503920.725525,,,22.669999599456787,10.937999725341797,34.666364982798626,0.0,2.9964001178741455,0.0006715999916195869,1.1241999864578247
1788504071.6559143,,,41.44000053405762,10.967499732971191,34.71728676194387,0.0,3.177999973297119,0.001107775024138391,0.5182999968528748
1788505449.5834045,,,4.830000102519989,11.007499694824219,34.60700049004851,0.0,2.8148000240325928,0.0005712250131182373,1.5476000308990479
1788505599.647644,,,21.27000093460083,10.929200172424316,34.66511985229238,0.0,2.905600070953369,0.000737300026230514,0.6277999877929688
1788505749.9358215,,,39.50999975204468,10.970100402832031,34.71718942792086,0.0,3.4504001140594482,0.0016388499643653631,0.8468000292778015
1788507156.0222778,,,4.869999885559082,10.987000465393066,34.61584879529903,0.0,2.905600070953369,0.0008103000000119209,1.5914000272750854
1788507306.1142273,,,22.360000610351562,10.932499885559082,34.65450610207083,0.0,2.9964001178741455,0.0006460499716922641,1.1461000442504883
1788507457.0605164,,,39.97999906539917,10.95460033416748,34.70766584612888,0.0,3.2688000202178955,0.001293924986384809,0.5475000143051147
1788508856.0945435,,,5.109999775886536,10.964699745178223,34.623317590280735,0.0,2.8148000240325928,0.0005383749958127737,1.6205999851226807
1788509006.195221,,,23.540000915527344,10.9306001663208,34.66537625752911,0.0,3.0871999263763428,0.0009818499675020576,1.1753000020980835
1788509157.124939,,,41.83000087738037,10.971799850463867,34.717835830098075,0.0,3.4504001140594482,0.0019764748867601156,0.6277999877929688
1788509701.5117493,,,4.5899999141693115,10.96969985961914,34.627821597763266,0.0,2.905600070953369,0.000509175006300211,1.5476000308990479
1788510551.726471,,,4.580000042915344,10.980899810791016,34.634029235275946,0.0,2.8148000240325928,0.0005237750010564923,1.3724000453948975
1788510702.596161,,,23.280000686645508,10.916500091552734,34.66403035363726,0.0,3.177999973297119,0.0006953250267542899,1.058500051498413
1788510853.3656006,,,42.08000183105469,10.96049976348877,34.71263321067216,0.0,3.359600067138672,0.0014180250000208616,0.6570000052452087
1788512268.260376,,,4.740000069141388,10.977399826049805,34.64056179185432,0.0,2.8148000240325928,0.0007135749910958111,1.6059999465942383
1788512419.2779846,,,20.58000087738037,10.969099998474121,34.65368320690326,0.0,2.8148000240325928,0.0005748749827034771,1.3869999647140503
1788512569.3486633,,,36.21999979019165,10.93589973449707,34.689066268646165,0.0,2.9964001178741455,0.0007263500010594726,0.7883999943733215
1788512720.2363281,,,52.059998512268066,11.018899917602539,34.758528405421764,0.0,3.5411999225616455,0.001779375015757978,1.219099998474121
1788514047.7989807,,,4.60999995470047,10.98009967803955,34.646363365749515,0.0,2.8148000240325928,0.00043799998820759356,1.3942999839782715
1788514197.9938965,,,23.410000801086426,10.930800437927246,34.686549338945795,0.0,2.9964001178741455,0.0007281749858520925,0.7810999751091003
1788514348.875702,,,41.519999504089355,10.972200393676758,34.71669512052319,0.0,3.177999973297119,0.0010986500419676304,0.7519000172615051
1788515752.6061707,,,4.440000057220459,10.968500137329102,34.65180944578465,0.0,2.7239999771118164,0.0005182999884709716,2.1972999572753906
1788515902.8680115,,,21.83000087738037,10.936699867248535,34.692677385019365,0.0,2.9964001178741455,0.0008066499722190201,0.8833000063896179
1788516053.8936768,,,39.000000953674316,10.996299743652344,34.73436907086505,0.0,3.177999973297119,0.0011023000115528703,0.5547999739646912
1788517486.0,171.61371666666668,-44.562466666666666,,,,,,,
1788517503.0,171.61371666666668,-44.562466666666666,,,,,,,
1788517640.0,171.68075000000002,-44.575383333333335,,,,,,,
1788518731.048645,,,4.799999892711639,10.946000099182129,34.66443301823848,0.0,2.7239999771118164,0.0004233999934513122,2.1754000186920166
1788518881.125,,,23.12000036239624,10.946599960327148,34.71552629162399,0.0,2.905600070953369,0.0007792750257067382,0.6643000245094299
1788519031.9731445,,,42.02000141143799,11.025099754333496,34.775327263097736,0.0,3.2688000202178955,0.0017465250566601753,0.49639999866485596
1788519592.796997,,,4.670000076293945,10.937700271606445,34.66874559414165,0.0,2.7239999771118164,0.000381424993975088,0.7081000208854675
1788520468.9199524,,,4.629999995231628,10.948599815368652,34.673949259398206,0.0,2.7239999771118164,0.000381424993975088,1.2555999755859375
1788520619.9691467,,,23.369998931884766,10.956000328063965,34.72760639276775,0.0,2.905600070953369,0.0007153999758884311,0.9635999798774719
1788520770.8591003,,,41.95000171661377,11.04800033569336,34.78619297278788,0.0,3.4504001140594482,0.0016114750178530812,0.43070000410079956
1788521348.6421204,,,5.040000081062317,10.951899528503418,34.67814218835308,0.0,2.7239999771118164,0.0004015000013168901,1.5476000308990479
1788522204.2302551,,,4.8500001430511475,10.94909954071045,34.680577771316244,0.0,2.7239999771118164,0.0003887249913532287,1.080399990081787
1788522354.2974548,,,23.580000400543213,10.962800025939941,34.72906591475623,0.0,2.9964001178741455,0.001107775024138391,1.6279000043869019
1788522505.072052,,,43.09999942779541,11.028900146484375,34.790506773297096,0.0,2.9964001178741455,0.001040249946527183,0.49639999866485596
1788523896.5749817,,,4.620000123977661,10.940099716186523,34.69020205765206,0.0,2.7239999771118164,0.0005201249732635915,0.8978999853134155
1788524046.6497192,,,23.440001010894775,10.984100341796875,34.76521410989767,0.0,2.8148000240325928,0.0006807249737903476,0.5037000179290771
1788524197.4171753,,,44.089999198913574,11.024100303649902,34.78383057003774,0.0,2.8148000240325928,0.0009344000136479735,0.5109999775886536
1788524741.7947388,,,4.339999854564667,10.955699920654297,34.69415861034075,0.0,2.7239999771118164,0.00043252500472590327,1.6205999851226807
1788525567.0729065,,,4.469999969005585,10.975500106811523,34.700743639364475,0.0,2.7239999771118164,0.000450774998171255,1.0877000093460083
1788525718.1018677,,,25.280001163482666,10.985899925231934,34.755584422112655,0.0,3.0871999263763428,0.00110959995072335,1.2702000141143799
1788525868.9183044,,,45.14999866485596,11.01039981842041,34.781666921867824,0.0,3.177999973297119,0.001386999967508018,0.5475000143051147
1788527353.5891724,,,4.339999854564667,10.995599746704102,34.71265082867486,0.0,2.63319993019104,0.00043252500472590327,1.000100016593933
1788527504.5534668,,,24.079999923706055,10.984800338745117,34.75386913683031,0.0,3.2688000202178955,0.0014198500430211425,1.1095999479293823
1788527655.1704102,,,43.439998626708984,11.023799896240234,34.78850139035378,0.0,3.359600067138672,0.0017611250514164567,0.48179998993873596
1788529181.9295654,,,5.109999775886536,11.030400276184082,34.72489729498543,0.0,2.63319993019104,0.0004361750034149736,0.8833000063896179
1788529331.9869385,,,21.770000457763672,10.981800079345703,34.745760228333666,0.0,3.0871999263763428,0.0009800250409170985,0.7591999769210815
1788529482.6874695,,,40.65000057220459,11.024100303649902,34.79056712128275,0.0,3.2688000202178955,0.0016096499748528004,0.60589998960495
1788531033.6906433,,,4.460000097751617,11.045000076293945,34.733126708764175,0.0,2.5423998832702637,0.00044895001337863505,0.8906000256538391
1788531184.7160645,,,21.110000610351562,10.98859977722168,34.745807349204014,0.0,2.905600070953369,0.0007281749858520925,0.715399980545044
1788531335.4929504,,,38.420000076293945,11.024700164794922,34.79160006904939,0.0,3.177999973297119,0.001224574982188642,0.44530001282691956
1788531486.1621094,,,54.780001640319824,11.02649974822998,34.792232557056494,0.0,3.177999973297119,0.0013559750514104962,0.5109999775886536
1788532965.0647583,,,4.510000050067902,11.042799949645996,34.73868041485743,0.0,2.4516000747680664,0.00021534999541472644,0.48910000920295715
1788533115.097168,,,21.540000438690186,11.03499984741211,34.74230556735033,0.0,2.5423998832702637,0.0002792250015772879,1.0365999937057495
1788533265.302948,,,38.55999946594238,11.02180004119873,34.79388746098714,0.0,3.2688000202178955,0.001408900017850101,0.5182999968528748
1788533415.911377,,,55.929999351501465,11.022899627685547,34.794929967279074,0.0,3.177999973297119,0.0015895749675109982,0.5037000179290771
1788533920.4779663,,,4.760000109672546,11.04520034790039,34.73739456712012,0.0,2.5423998832702637,0.0004945750115439296,0.49639999866485596
1788534858.0906677,,,4.930000007152557,11.024200439453125,34.73963513143231,0.0,2.5423998832702637,0.00033762500970624387,0.48179998993873596
1788535008.261139,,,22.950000762939453,11.010299682617188,34.7611771560503,0.0,2.5423998832702637,0.0002536750107537955,0.41609999537467957
1788535158.8731384,,,41.519999504089355,11.01449966430664,34.79838387086209,0.0,2.9964001178741455,0.0011369750136509538,0.41609999537467957
1788536698.6936035,,,4.679999947547913,11.021599769592285,34.74260864787738,0.0,2.5423998832702637,0.0003467499918770045,0.48910000920295715
1788536848.8167725,,,21.710000038146973,11.038800239562988,34.7460168304168,0.0,2.5423998832702637,0.0003540499892551452,0.44530001282691956
1788536999.7424927,,,38.77000093460083,11.027999877929688,34.792208108043326,0.0,2.7239999771118164,0.0006095499848015606,0.3357999920845032
1788537150.4209595,,,55.960001945495605,11.009300231933594,34.79922686735967,0.0,3.177999973297119,0.0014928500168025494,0.40880000591278076
1788538849.0,171.68075000000002,-44.575383333333335,,,,,,,
1788538861.0,171.68075000000002,-44.575383333333335,,,,,,,
1788539003.0,171.74228333333332,-44.57303333333332,,,,,,,
1788540220.415924,,,4.810000061988831,11.001099586486816,34.752985928909695,0.0,2.5423998832702637,0.00034309999318793416,0.40880000591278076
1788540370.5317078,,,21.359999179840088,11.030500411987305,34.75762910878855,0.0,2.5423998832702637,0.0003631750005297363,0.40149998664855957
1788540521.2966614,,,41.95000171661377,11.016500473022461,34.80158552871221,0.0,3.0871999263763428,0.001180774997919798,0.32850000262260437
1788542169.789215,,,4.930000007152557,11.022000312805176,34.7629879018829,0.0,2.5423998832702637,0.00033397501101717353,0.37959998846054077
1788542320.8855286,,,24.149999618530273,11.02180004119873,34.76232182341476,0.0,2.5423998832702637,0.0003066000062972307,0.37229999899864197
1788542471.5016785,,,44.53000068664551,11.016799926757812,34.809429902281515,0.0,2.9964001178741455,0.001111424993723631,0.32120001316070557
1788544138.297943,,,4.670000076293945,11.014300346374512,34.766310836889,0.0,2.4516000747680664,0.00028287500026635826,0.3357999920845032
1788544288.42099,,,22.269999980926514,11.034500122070312,34.76960038618886,0.0,2.4516000747680664,0.0003047749924007803,0.3357999920845032
1788544439.329895,,,39.92000102996826,11.05620002746582,34.80088193430197,0.0,2.5423998832702637,0.00040332498610951006,0.30660000443458557
1788544590.2023926,,,57.069997787475586,11.014399528503418,34.81585937803167,0.0,2.9964001178741455,0.0011826000409200788,0.32850000262260437
1788546105.3657837,,,4.819999933242798,11.027000427246094,34.771880833266316,0.0,2.4516000747680664,0.00030112499371171,0.32850000262260437
1788546255.484192,,,23.480000495910645,11.029199600219727,34.77128562313731,0.0,2.4516000747680664,0.0002682750055100769,0.32850000262260437
1788546406.4681702,,,44.93000030517578,11.043600082397461,34.8078864998119,0.0,2.7239999771118164,0.0006205000099726021,0.2847000062465668
1788548135.3089294,,,4.600000083446503,11.029000282287598,34.77587399997282,0.0,2.4516000747680664,0.00029747499502263963,0.357699990272522
1788548286.3138428,,,23.05999994277954,11.039999961853027,34.777810012254896,0.0,2.4516000747680664,0.00030112499371171,0.37959998846054077
1788548437.1835938,,,40.349998474121094,11.060700416564941,34.80021402827225,0.0,2.5423998832702637,0.0006059000152163208,0.3138999938964844
1788548587.8331604,,,57.769999504089355,11.020600318908691,34.82164295316882,0.0,3.359600067138672,0.0019527500262483954,0.34310001134872437
1788550118.303711,,,4.60999995470047,11.02280044555664,34.780150665351584,0.0,2.5423998832702637,0.00033579999580979347,0.35040000081062317
1788550269.2424011,,,22.390000820159912,11.043100357055664,34.782756584622724,0.0,2.5423998832702637,0.0003668249992188066,0.35040000081062317
1788550419.2721558,,,39.82000112533569,11.059100151062012,34.79638181052755,0.0,2.5423998832702637,0.0004361750034149736,0.32120001316070557
1788550569.9456177,,,57.10000038146973,11.03600025177002,34.82330425764111,0.0,3.177999973297119,0.0015859249979257584,0.32120001316070557
1788552241.598816,,,4.790000021457672,11.038000106811523,34.79111977563622,0.0,2.5423998832702637,0.00034492500708438456,0.32120001316070557
1788552392.5030823,,,22.160000801086426,11.045700073242188,34.7897783254753,0.0,2.5423998832702637,0.0004015000013168901,0.3357999920845032
1788552543.2695618,,,41.19999885559082,11.048999786376953,34.807034257222426,0.0,2.7239999771118164,0.0007099250215105712,0.3138999938964844
1788552694.2108154,,,58.540000915527344,11.052499771118164,34.8276613339546,0.0,3.0871999263763428,0.0021370749454945326,0.35040000081062317
1788554270.1796265,,,4.749999940395355,11.050399780273438,34.79315463149704,0.0,2.5423998832702637,0.00048180000158026814,0.357699990272522
1788554421.16687,,,21.080000400543213,11.051899909973145,34.79506480561625,0.0,2.5423998832702637,0.0004526000120677054,0.357699990272522
1788554572.1200256,,,39.44999933242798,11.052499771118164,34.79552327863105,0.0,2.5423998832702637,0.0005182999884709716,0.36500000953674316
1788554722.9088745,,,59.92000102996826,11.037199974060059,34.823096669222764,0.0,3.0871999263763428,0.001339550013653934,0.2919999957084656
1788556334.202301,,,4.410000145435333,11.049099922180176,34.7981339297201,0.0,2.4516000747680664,0.0003485750057734549,0.37229999899864197
1788556485.0256653,,,24.800000190734863,11.052900314331055,34.79783292867799,0.0,2.4516000747680664,0.0003741249965969473,0.357699990272522
1788556635.9896545,,,44.94999885559082,11.043399810791016,34.80776764666965,0.0,2.63319993019104,0.0005401999806053936,0.2992999851703644
1788556787.0118408,,,63.15999984741211,11.03439998626709,34.82369948620138,0.0,3.0871999263763428,0.0015457749832421541,0.32850000262260437
1788558288.3017273,,,4.950000047683716,11.070799827575684,34.80096263185227,0.0,2.4516000747680664,0.0003540499892551452,0.38690000772476196
1788558439.2670288,,,24.549999237060547,11.071599960327148,34.80186521115,0.0,2.4516000747680664,0.00033579999580979347,0.34310001134872437
1788558590.094635,,,43.379998207092285,11.057499885559082,34.80288691509102,0.0,2.5423998832702637,0.00040515000000596046,0.2992999851703644
1788558740.9542236,,,62.60000228881836,11.033900260925293,34.824324954289025,0.0,2.9964001178741455,0.0012264000251889229,0.3138999938964844
1788560483.0,171.74228333333332,-44.57303333333332,,,,,,,
1788560500.0,171.74228333333332,-44.57303333333332,,,,,,,
1788560674.0,171.81648333333334,-44.59176666666667,,,,,,,
1788561966.4794312,,,4.210000038146973,11.089099884033203,34.80439530785158,0.0,2.36080002784729,0.00025002501206472516,0.20440000295639038
1788562117.4927673,,,22.920000553131104,11.090299606323242,34.804918516226735,0.0,2.36080002784729,0.0002317750040674582,0.2847000062465668
1788562268.2705078,,,40.53999900817871,11.060999870300293,34.81151606294923,0.0,2.36080002784729,0.0002463750133756548,0.2700999975204468
1788562419.09198,,,58.55999946594238,11.054400444030762,34.828944040194614,0.0,3.0871999263763428,0.0013103500241413713,0.30660000443458557
1788564105.650299,,,4.5500001311302185,11.094300270080566,34.806093201711725,0.0,2.36080002784729,0.0002536750107537955,0.21899999678134918
1788564256.6367188,,,23.389999866485596,11.089200019836426,34.80594930441054,0.0,2.36080002784729,0.00028287500026635826,0.3357999920845032
1788564407.2200623,,,44.609999656677246,11.037099838256836,34.81918624637637,0.0,2.4516000747680664,0.00037960000918246806,0.2773999869823456
1788564558.1799316,,,65.3000020980835,11.006099700927734,34.829827061066986,0.0,2.905600070953369,0.0012026750482618809,0.2847000062465668
1788566246.0411377,,,4.560000002384186,11.098099708557129,34.80677327243073,0.0,2.36080002784729,0.00030112499371171,0.23360000550746918
1788566396.3971558,,,21.989998817443848,11.082300186157227,34.806835102198406,0.0,2.4516000747680664,0.0003029500076081604,0.357699990272522
1788566547.129303,,,39.130001068115234,11.064399719238281,34.81271657684089,0.0,2.4516000747680664,0.0003303250123281032,0.39419999718666077
1788566697.1756287,,,55.0,11.012900352478027,34.832293384624016,0.0,2.8148000240325928,0.0008942499989643693,0.2992999851703644
1788568429.1201782,,,4.539999961853027,11.088199615478516,34.807492351929824,0.0,2.36080002784729,0.00033762500970624387,0.262800008058548
1788568580.1220093,,,19.980000257492065,11.08180046081543,34.80821212732818,0.0,2.36080002784729,0.00029017499764449894,0.357699990272522
1788568731.0020752,,,35.980000495910645,11.068699836730957,34.81125238360005,0.0,2.4516000747680664,0.00039420000393874943,0.35040000081062317
1788568882.026062,,,51.77999973297119,11.012999534606934,34.83264862280672,0.0,2.7239999771118164,0.0010037500178441405,0.2847000062465668
1788570624.3118896,,,4.399999976158142,11.097900390625,34.808828976875716,0.0,2.4516000747680664,0.0003029500076081604,0.21170000731945038
1788570775.2203674,,,23.11000108718872,11.070300102233887,34.810130493804024,0.0,2.36080002784729,0.0002773999876808375,0.35040000081062317
1788570925.429718,,,41.96000099182129,11.056699752807617,34.81286298623401,0.0,2.36080002784729,0.0003066000062972307,0.3138999938964844
1788571075.4702759,,,60.39999961853027,11.011699676513672,34.837398107401995,0.0,2.8148000240325928,0.0010712749790400267,0.2554999887943268
1788572802.9101868,,,4.410000145435333,11.118900299072266,34.81224578473788,0.0,2.36080002784729,0.00031025000498630106,0.20440000295639038
1788572953.820282,,,23.8100004196167,11.064900398254395,34.814936660828785,0.0,2.36080002784729,0.0002609750081319362,0.357699990272522
1788573103.8623047,,,43.13000202178955,11.053899765014648,34.81788582140089,0.0,2.36080002784729,0.00028470001416280866,0.3357999920845032
1788573254.834076,,,61.529998779296875,11.01039981842041,34.8400225189778,0.0,2.8148000240325928,0.000947175023611635,0.24089999496936798
1788574998.4344177,,,4.269999861717224,11.099499702453613,34.81425086342556,0.0,2.36080002784729,0.00030112499371171,0.24819999933242798
1788575149.4635315,,,23.78999948501587,11.066300392150879,34.816110672683614,0.0,2.36080002784729,0.0002682750055100769,0.34310001134872437
1788575300.4309082,,,43.60000133514404,11.057999610900879,34.81927405229254,0.0,2.36080002784729,0.00025549999554641545,0.34310001134872437
1788575451.3838806,,,63.64999771118164,11.013099670410156,34.8399020503213,0.0,2.8148000240325928,0.0010110499570146203,0.2554999887943268
1788577145.278839,,,4.839999973773956,11.123000144958496,34.815342151257695,0.0,2.36080002784729,0.00027557500288821757,0.23360000550746918
1788577296.2303772,,,23.580000400543213,11.067700386047363,34.818668734382044,0.0,2.36080002784729,0.00024272500013466924,0.35040000081062317
1788577447.0118713,,,43.29999923706055,11.059700012207031,34.821987179419885,0.0,2.36080002784729,0.00024272500013466924,0.3357999920845032
1788577597.0381165,,,62.39999771118164,11.020999908447266,34.84055244259594,0.0,2.905600070953369,0.0011278500314801931,0.24819999933242798
1788578223.8785706,,,4.5899999141693115,11.168299674987793,34.802820464439684,0.0,2.36080002784729,0.0002773999876808375,0.23360000550746918
1788579405.7277832,,,4.53000009059906,11.132200241088867,34.816029478351346,0.0,2.2699999809265137,0.00028470001416280866,0.24819999933242798
1788579555.806427,,,20.780000686645508,11.069499969482422,34.81931967508397,0.0,2.36080002784729,0.00022995000472292304,0.37229999899864197
1788579706.8292847,,,36.84000015258789,11.061200141906738,34.820770793187855,0.0,2.36080002784729,0.00021899999410379678,0.37229999899864197
1788579857.8688965,,,53.57999801635742,11.046099662780762,34.83406400784559,0.0,2.36080002784729,0.00029930000891909003,0.32850000262260437
1788580008.919342,,,69.66000080108643,11.029000282287598,34.85375696982303,0.0,2.63319993019104,0.0006880249711684883,0.23360000550746918
1788581724.7831726,,,4.379999935626984,11.130999565124512,34.817135020553486,0.0,2.36080002784729,0.0002664499916136265,0.3138999938964844
1788582045.0,171.81648333333334,-44.59176666666667,,,,,,,
1788582071.0,171.81648333333334,-44.59176666666667,,,,,,,
1788582208.0,171.8920666666667,-44.57943333333333,,,,,,,
1788583584.4088745,,,4.510000050067902,11.123499870300293,34.81920314698531,0.0,2.2699999809265137,0.0009435249958187342,0.45989999175071716
1788583735.3847656,,,23.359999656677246,11.065400123596191,34.82124934712213,0.0,2.36080002784729,0.0001989250013139099,0.38690000772476196
1788583885.4212036,,,42.6800012588501,11.066100120544434,34.82417483127738,0.0,2.36080002784729,0.00026462500682100654,0.39419999718666077
1788584035.447815,,,61.77000045776367,11.064900398254395,34.86113505018375,0.0,2.63319993019104,0.0007007999811321497,0.24819999933242798
1788584757.9353638,,,4.7200000286102295,11.13860034942627,34.818842893408274,0.0,2.2699999809265137,0.00023360000341199338,0.36500000953674316
1788585949.3320618,,,4.819999933242798,11.132499694824219,34.82019744822333,0.0,2.2699999809265137,0.00022995000472292304,0.35040000081062317
1788586099.4229126,,,24.170000553131104,11.074299812316895,34.82261838608165,0.0,2.2699999809265137,0.00022082499344833195,0.40880000591278076
1788586250.3353882,,,44.40999984741211,11.071999549865723,34.825484121736174,0.0,2.36080002784729,0.0002390750014455989,0.40149998664855957
1788586401.358673,,,64.45000171661377,11.110300064086914,34.8690876271033,0.0,2.63319993019104,0.000737300026230514,0.2700999975204468
1788588341.2974854,,,4.53000009059906,11.143199920654297,34.82054713460597,0.0,2.2699999809265137,0.00020622499869205058,0.32850000262260437
1788588492.204071,,,23.540000915527344,11.081600189208984,34.82495434694248,0.0,2.2699999809265137,0.00022995000472292304,0.40880000591278076
1788588642.2302551,,,42.6800012588501,11.089200019836426,34.83048995956597,0.0,2.36080002784729,0.00025549999554641545,0.38690000772476196
1788588793.1432495,,,62.04999923706055,11.125300407409668,34.8483630905328,0.0,2.4516000747680664,0.00047997498768381774,0.2847000062465668
1788590720.5194092,,,4.259999990463257,11.131400108337402,34.82258647156222,0.0,2.5423998832702637,0.0002536750107537955,0.37229999899864197
1788590870.8277588,,,19.910000562667847,11.097700119018555,34.826872416728165,0.0,2.2699999809265137,0.00022812500537838787,0.39419999718666077
1788591021.8608093,,,36.27000093460083,11.102800369262695,34.83293154480183,0.0,2.36080002784729,0.00023725000210106373,0.41609999537467957
1788591172.8640442,,,52.059998512268066,11.098099708557129,34.83409243500748,0.0,2.36080002784729,0.0002445499994792044,0.42340001463890076
1788591322.93573,,,68.02000045776367,11.170499801635742,34.88606075261252,0.0,2.63319993019104,0.0008121249848045409,0.24089999496936798
1788592028.3701782,,,4.569999873638153,11.126199722290039,34.824288439767365,0.0,2.2699999809265137,0.00020987499738112092,0.36500000953674316
1788593232.0963745,,,4.440000057220459,11.136699676513672,34.82585292912144,0.0,2.2699999809265137,0.00021352499607019126,0.37229999899864197
1788593383.1071472,,,23.19000005722046,11.127300262451172,34.83799537929722,0.0,2.36080002784729,0.00028287500026635826,0.41609999537467957
1788593533.2049866,,,41.88000202178955,11.153900146484375,34.84831450182736,0.0,2.36080002784729,0.0003540499892551452,0.357699990272522
1788593684.2341003,,,61.44999980926514,11.171799659729004,34.85821541322638,0.0,2.36080002784729,0.00040332498610951006,0.32120001316070557
1788595603.7895203,,,4.60999995470047,11.14169979095459,34.832890857719356,0.0,2.2699999809265137,0.0002536750107537955,0.38690000772476196
1788595754.8170776,,,24.189999103546143,11.140199661254883,34.840258146129756,0.0,2.36080002784729,0.0003047749924007803,0.43799999356269836
1788595904.8432922,,,43.319997787475586,11.14840030670166,34.845613586016626,0.0,2.36080002784729,0.00032484999974258244,0.38690000772476196
1788596055.7054443,,,63.06000232696533,11.272899627685547,34.89767528201761,0.0,2.36080002784729,0.0004690249916166067,0.24089999496936798
1788598126.8937988,,,4.569999873638153,11.157899856567383,34.83956153866868,0.0,2.2699999809265137,0.0002682750055100769,0.40149998664855957
1788598277.7503357,,,23.77000093460083,11.16569995880127,34.84067168127738,0.0,2.36080002784729,0.00032484999974258244,0.37959998846054077
1788598428.5221863,,,44.94999885559082,11.174300193786621,34.846218168476064,0.0,2.4516000747680664,0.0003887249913532287,0.36500000953674316
1788598578.7424011,,,65.38000106811523,11.293000221252441,34.91442336876994,0.0,2.5423998832702637,0.0007957000052556396,0.23360000550746918
1788600576.1429138,,,4.4200000166893005,11.176799774169922,34.82341190980736,0.0,2.4516000747680664,0.000381424993975088,0.2773999869823456
1788600726.1799011,,,22.53000020980835,11.183500289916992,34.824664143981785,0.0,2.4516000747680664,0.0003887249913532287,0.262800008058548
1788600876.2044373,,,39.90000009536743,11.202199935913086,34.84532889103405,0.0,2.7239999771118164,0.0007464250084012747,0.262800008058548
1788601027.2285767,,,58.10999870300293,11.253499984741211,34.87883919899532,0.0,2.7239999771118164,0.0009435249958187342,0.22630000114440918
1788601178.1879883,,,76.44999980926514,11.3149995803833,34.9255496618501,0.0,2.63319993019104,0.0010311249643564224,0.2554999887943268
1788603108.4721985,,,4.309999942779541,11.135499954223633,34.800748335504004,0.0,2.4516000747680664,0.0003887249913532287,0.357699990272522
1788603259.3399963,,,22.55000114440918,11.151200294494629,34.81274621473823,0.0,2.4516000747680664,0.0003613499866332859,0.30660000443458557
1788603880.0,171.8920666666667,-44.57943333333333,,,,,,,
1788603893.0,171.8920666666667,-44.57943333333333,,,,,,,
1788604033.0,171.96384999999998,-44.6009,,,,,,,
1788605557.547058,,,4.090000092983246,11.154800415039062,34.80407806054985,0.0,2.36080002784729,0.00029930000891909003,0.3357999920845032
1788605708.5411377,,,21.670000553131104,11.155200004577637,34.80497129554197,0.0,2.36080002784729,0.0002773999876808375,0.34310001134872437
1788605859.0862427,,,38.510000705718994,11.140299797058105,34.82507460709496,0.0,2.36080002784729,0.00021352499607019126,0.38690000772476196
1788606009.1164856,,,55.45000076293945,11.165399551391602,34.843980404779415,0.0,2.4516000747680664,0.00041427501128055155,0.22630000114440918
1788606159.9634094,,,73.76999855041504,11.30210018157959,34.91743991940667,0.0,2.7239999771118164,0.001062149996869266,0.24819999933242798
1788608149.425476,,,4.449999928474426,11.156999588012695,34.806714526421906,0.0,2.36080002784729,0.0002792250015772879,0.32850000262260437
1788608300.425171,,,21.449999809265137,11.16450023651123,34.81159331061557,0.0,2.36080002784729,0.00029200001154094934,0.3357999920845032
1788608450.903839,,,38.489999771118164,11.186699867248535,34.84472743472653,0.0,2.4516000747680664,0.00043982500210404396,0.2847000062465668
1788608601.6570435,,,55.60999870300293,11.214099884033203,34.86262187853363,0.0,2.5423998832702637,0.0006259750225581229,0.23360000550746918
1788608752.197815,,,72.57999897003174,11.189900398254395,34.87885943001273,0.0,2.905600070953369,0.0011606999905779958,0.23360000550746918
1788609458.783081,,,4.3299999833106995,11.153499603271484,34.80749320689232,0.0,2.36080002784729,0.0003066000062972307,0.32850000262260437
1788610842.2346497,,,4.629999995231628,11.128800392150879,34.80047356724771,0.0,2.36080002784729,0.00027557500288821757,0.32850000262260437
1788610993.2525635,,,21.83000087738037,11.140399932861328,34.80716615141989,0.0,2.4516000747680664,0.0003631750005297363,0.3357999920845032
1788611144.1800537,,,38.75999927520752,11.156299591064453,34.82444232722886,0.0,2.5423998832702637,0.0005474999779835343,0.2919999957084656
1788611294.765503,,,54.99000072479248,11.215800285339355,34.88514891241962,0.0,2.8148000240325928,0.001042074989527464,0.24089999496936798
1788611445.8160095,,,72.7899980545044,11.221599578857422,34.89018088943803,0.0,2.8148000240325928,0.0011917250230908394,0.21899999678134918
1788613750.67807,,,4.4999998807907104,11.138899803161621,34.81158763610421,0.0,2.4516000747680664,0.0004890999989584088,0.2992999851703644
1788613901.6799927,,,21.86000108718872,11.138500213623047,34.81114379329416,0.0,2.4516000747680664,0.00037960000918246806,0.32850000262260437
1788614052.606903,,,39.26000118255615,11.187199592590332,34.840427366131834,0.0,2.8148000240325928,0.001038425019942224,0.24819999933242798
1788614203.405182,,,56.479997634887695,11.268600463867188,34.89714338134464,0.0,2.8148000240325928,0.0010712749790400267,0.21899999678134918
1788614354.1965942,,,73.96999835968018,11.269700050354004,34.90606265632797,0.0,2.8148000240325928,0.001222750055603683,0.24089999496936798
1788616593.679779,,,4.320000112056732,11.137700080871582,34.80573248682361,0.0,2.36080002784729,0.0002682750055100769,0.35040000081062317
1788616743.7662659,,,21.719999313354492,11.154999732971191,34.81459750168705,0.0,2.4516000747680664,0.00032667501363903284,0.36500000953674316
1788616894.6687927,,,39.639999866485596,11.170299530029297,34.82561721338779,0.0,2.4516000747680664,0.00040332498610951006,0.3357999920845032
1788617045.446289,,,58.319997787475586,11.231399536132812,34.866295047796136,0.0,2.905600070953369,0.0011296749580651522,0.22630000114440918
1788617195.8537598,,,75.65999984741211,11.270400047302246,34.90464512060733,0.0,2.7239999771118164,0.0010238250251859426,0.21170000731945038
1788619462.840393,,,4.659999907016754,11.129199981689453,34.803072177625474,0.0,2.36080002784729,0.0002591499942354858,0.35040000081062317
1788619613.819275,,,22.209999561309814,11.14169979095459,34.804966793604784,0.0,2.36080002784729,0.00025732500944286585,0.34310001134872437
1788619764.5941467,,,40.58000087738037,11.146100044250488,34.818452798770984,0.0,2.36080002784729,0.00024090000079013407,0.39419999718666077
1788619915.3762207,,,58.540000915527344,11.202699661254883,34.84814932143457,0.0,2.7239999771118164,0.0008431500173173845,0.23360000550746918
1788620066.116333,,,77.81000137329102,11.27299976348877,34.906680816743496,0.0,2.8148000240325928,0.0010767499916255474,0.24089999496936798
1788620879.6230469,,,4.169999957084656,11.139599800109863,34.80479587557318,0.0,2.36080002784729,0.0002938249963335693,0.3138999938964844
1788622311.8128662,,,4.790000021457672,11.13379955291748,34.81319991800705,0.0,2.36080002784729,0.0002865249989554286,0.2992999851703644
1788622461.9986572,,,23.250000476837158,11.143500328063965,34.814248562181604,0.0,2.36080002784729,0.0003029500076081604,0.30660000443458557
1788622612.6333923,,,40.380001068115234,11.146100044250488,34.821531081280504,0.0,2.4516000747680664,0.0005383749958127737,0.32850000262260437
1788622763.4375305,,,57.63000011444092,11.169599533081055,34.83325422473886,0.0,2.4516000747680664,0.00043069999082945287,0.2919999957084656
1788622914.4344482,,,75.3000020980835,11.15369987487793,34.86240693498236,0.0,2.7239999771118164,0.0009599499753676355,0.24089999496936798
1788625347.0,171.96384999999998,-44.6009,,,,,,,
1788625364.0,171.96384999999998,-44.6009,,,,,,,
1788625502.0,172.02911666666668,-44.604616666666665,,,,,,,
1788627172.211914,,,4.440000057220459,11.108200073242188,34.812408070305786,0.0,2.36080002784729,0.00031755000236444175,0.3357999920845032
1788627323.0795593,,,18.53000044822693,11.111300468444824,34.81180864125037,0.0,2.36080002784729,0.0002664499916136265,0.3357999920845032
1788627473.7656555,,,35.52999973297119,11.124799728393555,34.819784499358725,0.0,2.36080002784729,0.0002390750014455989,0.357699990272522
1788627624.6921692,,,52.6800012588501,11.125399589538574,34.83115022219236,0.0,2.36080002784729,0.0002956500102300197,0.34310001134872437
1788627775.6082153,,,68.85000228881836,11.125,34.8559613461384,0.0,2.7239999771118164,0.0008960749837569892,0.22630000114440918
1788627925.714264,,,87.08999633789062,11.117500305175781,34.858794830196004,0.0,2.905600070953369,0.0011023000115528703,0.24819999933242798
1788630192.3234253,,,4.580000042915344,11.095999717712402,34.79619353483799,0.0,2.36080002784729,0.00027557500288821757,0.37229999899864197
1788630343.2002869,,,22.170000076293945,11.109299659729004,34.7994122602994,0.0,2.36080002784729,0.0002700999903026968,0.37229999899864197
1788630494.1677551,,,39.679999351501465,11.137200355529785,34.82768631522535,0.0,2.36080002784729,0.0002536750107537955,0.3357999920845032
1788630644.200348,,,58.14000129699707,11.18529987335205,34.85436672905593,0.0,2.8148000240325928,0.001014700043015182,0.24089999496936798
1788630795.0877075,,,76.64999961853027,11.20930004119873,34.886594648421266,0.0,2.9964001178741455,0.0013778749853372574,0.24089999496936798
1788633122.8719788,,,4.440000057220459,11.087699890136719,34.78966240550238,0.0,2.36080002784729,0.0002317750040674582,0.39419999718666077
1788633273.0274048,,,22.890000343322754,11.109299659729004,34.79380707270268,0.0,2.36080002784729,0.0003212000010535121,0.37959998846054077
1788633423.8963013,,,40.48999786376953,11.201399803161621,34.84264068377271,0.0,2.5423998832702637,0.0005456749931909144,0.23360000550746918
1788633574.7486877,,,58.79000186920166,11.237600326538086,34.87154094209536,0.0,2.5423998832702637,0.0005876499926671386,0.2554999887943268
1788633725.7438965,,,76.64000034332275,11.223799705505371,34.886575018148484,0.0,2.36080002784729,0.0004106250125914812,0.2992999851703644
1788634674.6591187,,,4.210000038146973,11.108400344848633,34.79098954385372,0.0,2.36080002784729,0.0002463750133756548,0.38690000772476196
1788636087.8475952,,,4.350000023841858,11.095600128173828,34.78819856418995,0.0,2.36080002784729,0.0002445499994792044,0.40149998664855957
1788636238.8572998,,,20.329999923706055,11.111200332641602,34.792260093951036,0.0,2.36080002784729,0.00024090000079013407,0.38690000772476196
1788636389.0454102,,,35.59000015258789,11.186599731445312,34.83537683112253,0.0,2.63319993019104,0.0006150249973870814,0.2700999975204468
1788636540.036438,,,52.50999927520752,11.235400199890137,34.874743375736664,0.0,2.36080002784729,0.0004160999960731715,0.3138999938964844
1788636690.716858,,,68.6299991607666,11.218999862670898,34.87949623157647,0.0,2.2699999809265137,0.0002719250041991472,0.38690000772476196
1788636841.594757,,,84.47999954223633,11.291399955749512,34.91873011730171,0.0,2.5423998832702637,0.0007774499827064574,0.2554999887943268
1788639278.0097046,,,4.390000104904175,11.10319995880127,34.78606493784141,0.0,2.36080002784729,0.00020804999803658575,0.43799999356269836
1788639429.0281067,,,21.059999465942383,11.111000061035156,34.786141903746454,0.0,2.36080002784729,0.00022447500668931752,0.40880000591278076
1788639580.0317078,,,38.6299991607666,11.204500198364258,34.847099863633154,0.0,2.5423998832702637,0.0005511500057764351,0.22630000114440918
1788639730.686615,,,56.05000019073486,11.231300354003906,34.872670501328116,0.0,2.2699999809265137,0.00024272500013466924,0.37229999899864197
1788639881.6029358,,,72.98999786376953,11.249199867248535,34.889178499855774,0.0,2.2699999809265137,0.00031025000498630106,0.48179998993873596
1788640032.3829956,,,89.46999549865723,11.308099746704102,34.92856281618235,0.0,2.63319993019104,0.0009636000031605363,0.2554999887943268
1788642344.3177185,,,4.620000123977661,11.108699798583984,34.79092083079022,0.0,2.36080002784729,0.00020257500000298023,0.46720001101493835
1788642494.3858032,,,23.6299991607666,11.126299858093262,34.796504021227335,0.0,2.36080002784729,0.00021352499607019126,0.40149998664855957
1788642644.417511,,,43.15000057220459,11.230299949645996,34.86577372344793,0.0,2.2699999809265137,0.00024090000079013407,0.37229999899864197
1788642795.4182434,,,62.91999816894531,11.228899955749512,34.87594836425881,0.0,2.2699999809265137,0.0003029500076081604,0.41609999537467957
1788642945.5417786,,,82.2599983215332,11.3100004196167,34.93086799534551,0.0,2.63319993019104,0.0009289250010624528,0.24819999933242798
1788645237.690155,,,4.410000145435333,11.114800453186035,34.79609769500866,0.0,2.36080002784729,0.00023542500275652856,0.48910000920295715
1788645388.7224426,,,22.4399995803833,11.120100021362305,34.79613544084335,0.0,2.36080002784729,0.00022812500537838787,0.42340001463890076
1788645539.739685,,,42.6200008392334,11.18529987335205,34.837041076459556,0.0,2.36080002784729,0.00030112499371171,0.3357999920845032
1788645690.7677612,,,62.849998474121094,11.249799728393555,34.87873627466053,0.0,2.1791999340057373,0.00023360000341199338,0.43070000410079956
1788645841.670044,,,82.55000114440918,11.311599731445312,34.932002165850236,0.0,2.5423998832702637,0.0009070250089280307,0.24089999496936798
1788646964.0,172.02911666666668,-44.604616666666665,,,,,,,
1788646981.0,172.02911666666668,-44.604616666666665,,,,,,,
1788647123.0,172.10783333333336,-44.63425,,,,,,,
1788648911.1413574,,,4.729999899864197,11.118599891662598,34.795645277315515,0.0,2.36080002784729,0.00025549999554641545,0.5109999775886536
1788649061.2771606,,,21.589999198913574,11.126999855041504,34.7991481065117,0.0,2.36080002784729,0.00024819999816827476,0.43799999356269836
1788649212.140442,,,38.67000102996826,11.14900016784668,34.81955029837382,0.0,2.36080002784729,0.00031025000498630106,0.35040000081062317
1788649363.0399475,,,55.52999973297119,11.246199607849121,34.87587973557246,0.0,2.2699999809265137,0.0002518499968573451,0.38690000772476196
1788649513.271759,,,72.64999866485596,11.259400367736816,34.88920122766826,0.0,2.2699999809265137,0.0003284999984316528,0.34310001134872437
1788649664.276001,,,89.39999580383301,11.330699920654297,34.94883163498545,0.0,2.4516000747680664,0.000832199992146343,0.24819999933242798
1788652024.213562,,,4.699999988079071,11.108400344848633,34.790469885415106,0.0,2.36080002784729,0.0002664499916136265,0.5328999757766724
1788652175.2579346,,,21.719999313354492,11.137999534606934,34.808095247436384,0.0,2.36080002784729,0.0002682750055100769,0.40149998664855957
1788652326.2164307,,,38.69999885559082,11.145500183105469,34.82125930233859,0.0,2.36080002784729,0.00028104998636990786,0.357699990272522
1788652477.2070618,,,56.0099983215332,11.26140022277832,34.88262415942084,0.0,2.2699999809265137,0.0002773999876808375,0.40149998664855957
1788652627.7357178,,,72.36999988555908,11.25510025024414,34.88674592509793,0.0,2.2699999809265137,0.0002664499916136265,0.32850000262260437
1788652778.6689148,,,88.26000213623047,11.330100059509277,34.947924841215865,0.0,2.4516000747680664,0.0007226999732665718,0.24819999933242798
1788655246.1305542,,,4.560000002384186,11.11139965057373,34.789485727009044,0.0,2.36080002784729,0.0002445499994792044,0.5182999968528748
1788655396.2398987,,,20.109999179840088,11.141300201416016,34.81186495191008,0.0,2.36080002784729,0.0002773999876808375,0.41609999537467957
1788655546.3953552,,,36.05000019073486,11.144599914550781,34.82469353577459,0.0,2.36080002784729,0.0005128249758854508,0.35040000081062317
1788655697.3009949,,,52.03000068664551,11.257599830627441,34.88105039964422,0.0,2.2699999809265137,0.0002700999903026968,0.40149998664855957
1788655848.2889404,,,68.08000087738037,11.254799842834473,34.89272040917972,0.0,2.2699999809265137,0.00032302498584613204,0.32120001316070557
1788655998.32193,,,86.33000373840332,11.32859992980957,34.947726789707936,0.0,2.4516000747680664,0.0008376750047318637,0.262800008058548
1788658580.6139526,,,4.3299999833106995,11.10770034790039,34.7862160358434,0.0,2.36080002784729,0.00026279999292455614,0.5328999757766724
1788658731.6160278,,,21.83000087738037,11.140700340270996,34.8150474022177,0.0,2.4516000747680664,0.0002682750055100769,0.39419999718666077
1788658882.5376892,,,39.60000038146973,11.173100471496582,34.84209064215612,0.0,2.36080002784729,0.0002609750081319362,0.37959998846054077
1788659033.5638123,,,57.3199987411499,11.262499809265137,34.88169354524472,0.0,2.2699999809265137,0.0002865249989554286,0.40880000591278076
1788659184.5970154,,,74.31000232696533,11.301799774169922,34.91917007773603,0.0,2.36080002784729,0.0005201249732635915,0.23360000550746918
1788659335.5838623,,,90.88000297546387,11.333600044250488,34.94919197134283,0.0,2.4516000747680664,0.0007318250136449933,0.24089999496936798
1788660224.3921814,,,4.679999947547913,11.097999572753906,34.77770248493441,0.0,2.36080002784729,0.0002536750107537955,0.5547999739646912
1788661875.5895996,,,4.819999933242798,11.09570026397705,34.777126611503746,0.0,2.36080002784729,0.00025549999554641545,0.5547999739646912
1788662026.3926086,,,21.530001163482666,11.135499954223633,34.81502944876914,0.0,2.36080002784729,0.0002719250041991472,0.40149998664855957
1788662177.1962585,,,38.78999948501587,11.206399917602539,34.840158069996356,0.0,2.2699999809265137,0.00024272500013466924,0.40880000591278076
1788662328.094818,,,55.39999961853027,11.25730037689209,34.87923103765549,0.0,2.36080002784729,0.0005146500188857317,0.36500000953674316
1788662479.110321,,,72.30999946594238,11.316499710083008,34.932719550700995,0.0,2.36080002784729,0.0006424000021070242,0.2700999975204468
1788662630.0658264,,,88.85000228881836,11.324600219726562,34.940975169659445,0.0,2.4516000747680664,0.0007957000052556396,0.24819999933242798
1788665169.8729248,,,4.620000123977661,11.076199531555176,34.772352524098814,0.0,2.36080002784729,0.00027557500288821757,0.49639999866485596
1788665320.6950989,,,22.720000743865967,11.132599830627441,34.81495133752617,0.0,2.36080002784729,0.0002719250041991472,0.42340001463890076
1788665471.7134705,,,40.910000801086426,11.193300247192383,34.84713866378328,0.0,2.2699999809265137,0.0003284999984316528,0.42340001463890076
1788665621.8518677,,,58.14000129699707,11.252300262451172,34.881551041305045,0.0,2.36080002784729,0.00033214999712072313,0.2992999851703644
1788665771.9546509,,,75.37000179290771,11.283699989318848,34.92214960939913,0.0,2.1791999340057373,0.00022082499344833195,0.37229999899864197
1788665922.9812012,,,92.62999534606934,11.293999671936035,34.946466775149,0.0,2.1791999340057373,0.000450774998171255,0.2992999851703644
1788668755.0,172.10783333333336,-44.63425,,,,,,,
1788668772.0,172.10783333333336,-44.63425,,,,,,,
1788668918.0,172.18076666666667,-44.617533333333334,,,,,,,
1788670888.54187,,,4.5500001311302185,11.095100402832031,34.78738640618903,0.0,2.36080002784729,0.00023725000210106373,0.45260000228881836
1788671039.5458374,,,19.980000257492065,11.159000396728516,34.83070351391107,0.0,2.36080002784729,0.00031755000236444175,0.43070000410079956
1788671189.8064575,,,37.44999885559082,11.23390007019043,34.884593852413225,0.0,2.088399887084961,0.00016060000052675605,0.41609999537467957
1788671340.825348,,,55.19000053405762,11.25529956817627,34.90217779430748,0.0,2.088399887084961,0.0001843250065576285,0.39419999718666077
1788671491.6607666,,,71.98999881744385,11.286700248718262,34.91585331760605,0.0,2.1791999340057373,0.0003047749924007803,0.37229999899864197
1788671642.6907349,,,89.79000091552734,11.312700271606445,34.95580112757417,0.0,2.1791999340057373,0.0003303250123281032,0.3357999920845032
1788674395.5735168,,,4.410000145435333,11.075499534606934,34.791662587988334,0.0,2.4516000747680664,0.00014782500511500984,0.46720001101493835
1788674546.4527893,,,22.320001125335693,11.247300148010254,34.90003740855308,0.0,2.088399887084961,0.00017154999659396708,0.43799999356269836
1788674697.401001,,,40.46999931335449,11.262499809265137,34.9072038914722,0.0,2.088399887084961,0.00018980000459123403,0.40149998664855957
1788674847.5266113,,,58.90999794006348,11.280799865722656,34.91497773982185,0.0,2.088399887084961,0.0001916250039357692,0.46720001101493835
1788674998.5783997,,,77.88000106811523,11.311699867248535,34.940734950262566,0.0,2.088399887084961,0.0002536750107537955,0.3357999920845032
1788675149.5988464,,,96.28000259399414,11.310500144958496,34.96758865723982,0.0,2.2699999809265137,0.0006259750225581229,0.35040000081062317
1788676098.3171387,,,4.560000002384186,11.161700248718262,34.834370842357316,0.0,2.1791999340057373,0.0001916250039357692,0.6277999877929688
1788677843.1287842,,,4.539999961853027,11.17870044708252,34.848830144674,0.0,2.1791999340057373,0.00016789999790489674,0.7008000016212463
1788677994.088379,,,22.219998836517334,11.267600059509277,34.90865861861187,0.0,2.1791999340057373,0.00021534999541472644,0.42340001463890076
1788678145.0968933,,,39.5799994468689,11.276200294494629,34.914778033776294,0.0,2.088399887084961,0.00020075000065844506,0.45989999175071716
1788678296.1304321,,,56.99999809265137,11.246299743652344,34.90910543068833,0.0,2.088399887084961,0.00019345000328030437,0.7008000016212463
1788678447.158081,,,73.89999866485596,11.275799751281738,34.921557552210054,0.0,2.088399887084961,0.00019345000328030437,0.5913000106811523
1788678597.3788452,,,90.79999923706055,11.319199562072754,34.94958544303434,0.0,2.088399887084961,0.0002591499942354858,0.37959998846054077
1788681494.842743,,,4.5500001311302185,11.182499885559082,34.851593270038656,0.0,2.2699999809265137,0.00018797500524669886,0.6277999877929688
1788681644.928009,,,22.109999656677246,11.241600036621094,34.89818333195555,0.0,2.088399887084961,0.00018980000459123403,0.48179998993873596
1788681794.9616394,,,39.5799994468689,11.26509952545166,34.90802009578482,0.0,2.1791999340057373,0.00020257500000298023,0.42340001463890076
1788681945.0227966,,,56.75000190734863,11.24269962310791,34.90875484000092,0.0,2.088399887084961,0.00019345000328030437,0.45260000228881836
1788682096.0086365,,,74.14000034332275,11.266799926757812,34.91866298137192,0.0,2.088399887084961,0.00018797500524669886,0.36500000953674316
1788682246.109253,,,91.61999702453613,11.321200370788574,34.94286265206924,0.0,2.088399887084961,0.0002317750040674582,0.40880000591278076
1788685108.8347473,,,4.760000109672546,11.175000190734863,34.85422791108477,0.0,2.1791999340057373,0.00018980000459123403,0.5985999703407288
1788685259.751709,,,22.130000591278076,11.246600151062012,34.90029107394641,0.0,2.088399887084961,0.00037230001180432737,0.46720001101493835
1788685409.787506,,,39.130001068115234,11.263199806213379,34.907737025164984,0.0,2.1791999340057373,0.00019527500262483954,0.43070000410079956
1788685559.8361816,,,56.11999988555908,11.262499809265137,34.90874613146832,0.0,2.088399887084961,0.0001843250065576285,0.42340001463890076
1788685710.7438354,,,73.17999839782715,11.254400253295898,34.9153530062794,0.0,2.088399887084961,0.00016242499987129122,0.43799999356269836
1788685861.6312256,,,90.52000045776367,11.31659984588623,34.94344674514673,0.0,2.088399887084961,0.00029747499502263963,0.357699990272522
1788686011.6991577,,,107.18000411987305,11.298999786376953,34.963616883460034,0.0,2.2699999809265137,0.0006223249947652221,0.44530001282691956
1788688658.6645203,,,4.709999859333038,11.168800354003906,34.85784095779661,0.0,2.1791999340057373,0.00018797500524669886,0.6205000281333923
1788688809.6503296,,,23.05000066757202,11.242300033569336,34.89819055635267,0.0,2.088399887084961,0.00020987499738112092,0.57669997215271
1788688960.3378296,,,41.83000087738037,11.259599685668945,34.90994104480457,0.0,2.088399887084961,0.0001843250065576285,0.57669997215271
1788689111.2687073,,,60.65999984741211,11.253199577331543,34.91016756997633,0.0,2.088399887084961,0.00017154999659396708,0.41609999537467957
1788689262.1878357,,,79.52000141143799,11.281599998474121,34.927647432977466,0.0,2.088399887084961,0.00018067499331664294,0.36500000953674316
1788689413.2220764,,,97.53999710083008,11.312800407409668,34.953838188779784,0.0,2.088399887084961,0.00030842499108985066,0.38690000772476196
1788690605.0,172.18076666666667,-44.617533333333334,,,,,,,
1788690609.0,172.18076666666667,-44.617533333333334,,,,,,,
1788690754.0,172.26506666666663,-44.63118333333333,,,,,,,
1788692869.4361572,,,4.53000009059906,11.15369987487793,34.848243719541294,0.0,2.1791999340057373,0.0001770249946275726,0.5913000106811523
1788693019.5183716,,,21.28000020980835,11.219799995422363,34.89129074372623,0.0,2.1791999340057373,0.00014782500511500984,0.43799999356269836
1788693169.556305,,,37.860000133514404,11.242600440979004,34.90220140599079,0.0,2.088399887084961,0.00018615000590216368,0.45989999175071716
1788693319.6000671,,,54.92000102996826,11.249500274658203,34.90640492456759,0.0,2.1791999340057373,0.0002043999993475154,0.43799999356269836
1788693469.7317505,,,73.35000038146973,11.255900382995605,34.91554347693648,0.0,2.088399887084961,0.00016242499987129122,0.49639999866485596
1788693619.860077,,,93.29999923706055,11.297900199890137,34.93493224960658,0.0,2.088399887084961,0.00017884999397210777,0.357699990272522
1788694756.5507202,,,4.620000123977661,11.130999565124512,34.84462674600748,0.0,2.1791999340057373,0.00016789999790489674,0.5328999757766724
1788696517.7368164,,,4.729999899864197,11.104900360107422,34.84790738781668,0.0,2.1791999340057373,0.0001441750064259395,0.45260000228881836
1788696668.5973206,,,21.670000553131104,11.187100410461426,34.877659127149,0.0,2.1791999340057373,0.00014782500511500984,0.44530001282691956
1788696818.7778015,,,37.709999084472656,11.227800369262695,34.897416603719286,0.0,2.1791999340057373,0.00014965000445954502,0.46720001101493835
1788696968.8168945,,,56.36000156402588,11.24590015411377,34.90380830787049,0.0,2.088399887084961,0.0002536750107537955,0.40880000591278076
1788697118.869995,,,75.02999782562256,11.251999855041504,34.90845917493994,0.0,2.088399887084961,0.00016607499856036156,0.38690000772476196
1788697269.8833923,,,93.61000061035156,11.315299987792969,34.94647685307849,0.0,2.088399887084961,0.00021899999410379678,0.3138999938964844
1788700305.4180298,,,4.749999940395355,11.14009952545166,34.86263907777476,0.0,2.1791999340057373,0.0001770249946275726,0.5037000179290771
1788700456.4442444,,,23.919999599456787,11.148300170898438,34.86337556050307,0.0,2.1791999340057373,0.00017337499593850225,0.49639999866485596
1788700606.5023499,,,41.85999870300293,11.21660041809082,34.890269019961764,0.0,2.1791999340057373,0.00025732500944286585,0.38690000772476196
1788700756.501892,,,59.720001220703125,11.230600357055664,34.905681668867466,0.0,2.1791999340057373,0.00018980000459123403,0.36500000953674316
1788700907.5614624,,,76.98999881744385,11.306500434875488,34.94070275913552,0.0,2.088399887084961,0.00022447500668931752,0.37229999899864197
1788701058.5987244,,,95.3499984741211,11.305100440979004,34.9591364272646,0.0,2.1791999340057373,0.0003832500078715384,0.32850000262260437
1788701208.7659302,,,111.94000244140625,11.303299903869629,34.9612887078008,0.0,2.2699999809265137,0.0005201249732635915,0.3357999920845032
1788704094.846466,,,4.799999892711639,11.14680004119873,34.865125570839325,0.0,2.1791999340057373,0.00018797500524669886,0.525600016117096
1788704245.758545,,,24.000000953674316,11.145099639892578,34.86458280153285,0.0,2.1791999340057373,0.00018615000590216368,0.5401999950408936
1788704395.8518677,,,43.14000129699707,11.25469970703125,34.90317091040448,0.0,2.2699999809265137,0.00022995000472292304,0.37229999899864197
1788704546.8933716,,,62.119998931884766,11.292900085449219,34.930464711130625,0.0,2.1791999340057373,0.0004106250125914812,0.2992999851703644
1788704697.9360962,,,80.05999565124512,11.276800155639648,34.93989909824551,0.0,2.2699999809265137,0.0003668249992188066,0.30660000443458557
1788704847.9658813,,,98.21000099182129,11.30519962310791,34.96302503376099,0.0,2.2699999809265137,0.0006788999889977276,0.32850000262260437
1788707925.8426208,,,4.3299999833106995,11.145099639892578,34.86455865361983,0.0,2.1791999340057373,0.00019710000196937472,0.5401999950408936
1788708076.8002014,,,21.88999891281128,11.161299705505371,34.86549953498501,0.0,2.1791999340057373,0.00018797500524669886,0.5328999757766724
1788708227.6968994,,,39.99000072479248,11.245400428771973,34.89650595628013,0.0,2.1791999340057373,0.00020622499869205058,0.40880000591278076
1788708377.846527,,,57.820000648498535,11.29259967803955,34.930288150446934,0.0,2.1791999340057373,0.0003887249913532287,0.2554999887943268
1788708528.0404663,,,75.64000129699707,11.27869987487793,34.939276361557496,0.0,2.36080002784729,0.0005365500110201538,0.2919999957084656
1788708678.2425537,,,93.54999542236328,11.28219985961914,34.956452259755544,0.0,2.2699999809265137,0.0006770750042051077,0.34310001134872437
1788708828.257904,,,110.92000007629395,11.300800323486328,34.961731220918544,0.0,2.2699999809265137,0.0006953250267542899,0.32120001316070557
1788712109.0,172.26506666666663,-44.63118333333333,,,,,,,
1788712117.0,172.26506666666663,-44.63118333333333,,,,,,,
1788712261.0,172.25060000000002,-44.613749999999996,,,,,,,
1788714567.846161,,,4.339999854564667,11.131199836730957,34.862996693927236,0.0,2.1791999340057373,0.00018797500524669886,0.5182999968528748
1788714718.817871,,,20.320000648498535,11.175999641418457,34.87515930693837,0.0,2.1791999340057373,0.00021352499607019126,0.5328999757766724
1788714869.7099,,,36.08000040054321,11.246800422668457,34.8968303803846,0.0,2.1791999340057373,0.00020257500000298023,0.40880000591278076
1788715020.625885,,,51.73999786376953,11.282099723815918,34.924596375954145,0.0,2.1791999340057373,0.00028470001416280866,0.262800008058548
1788715171.5309448,,,67.12999820709229,11.306099891662598,34.93516599152772,0.0,2.1791999340057373,0.00043252500472590327,0.2919999957084656
1788715322.484558,,,84.51000213623047,11.267800331115723,34.95180882516949,0.0,2.2699999809265137,0.0006095499848015606,0.2700999975204468
1788715473.386261,,,103.5200023651123,11.273900032043457,34.95530936695107,0.0,2.36080002784729,0.0007117500063031912,0.2992999851703644
1788718674.6318665,,,4.740000069141388,11.140399932861328,34.86185970534322,0.0,2.1791999340057373,0.0001843250065576285,0.5182999968528748
1788718824.7557983,,,21.1299991607666,11.164299964904785,34.86897001723515,0.0,2.1791999340057373,0.0001916250039357692,0.525600016117096
1788718974.8560486,,,36.41000032424927,11.237799644470215,34.89110263061398,0.0,2.1791999340057373,0.00023725000210106373,0.41609999537467957
1788719125.8449402,,,52.91999816894531,11.258099555969238,34.915141692712844,0.0,2.1791999340057373,0.00020075000065844506,0.262800008058548
1788719275.901825,,,71.88000202178955,11.226200103759766,34.92419261360974,0.0,2.2699999809265137,0.0003741249965969473,0.262800008058548
1788719425.940979,,,91.30000114440918,11.25220012664795,34.95056504285306,0.0,2.36080002784729,0.0007354749832302332,0.2992999851703644
1788719577.0695496,,,111.3700008392334,11.270600318908691,34.95245891430229,0.0,2.4516000747680664,0.0006752500194124877,0.2992999851703644
1788722557.2456055,,,4.490000009536743,11.133500099182129,34.86971500858097,0.0,2.1791999340057373,0.0001916250039357692,0.45989999175071716
1788722708.276825,,,23.05000066757202,11.148599624633789,34.865075557856954,0.0,2.1791999340057373,0.00020075000065844506,0.45260000228881836
1788722859.3036194,,,43.07000160217285,11.228799819946289,34.883034089432044,0.0,2.1791999340057373,0.00020257500000298023,0.43070000410079956
1788723010.340271,,,62.880001068115234,11.302800178527832,34.93215304107891,0.0,2.1791999340057373,0.00025549999554641545,0.2700999975204468
1788723161.3197327,,,82.2700023651123,11.241900444030762,34.94778260563777,0.0,2.2699999809265137,0.0005931250052526593,0.2700999975204468
1788723311.413025,,,101.56999588012695,11.258299827575684,34.95231092929456,0.0,2.36080002784729,0.0007500749779865146,0.30660000443458557
1788726550.5668945,,,4.659999907016754,11.16189956665039,34.87098026502487,0.0,2.2699999809265137,0.00021352499607019126,0.39419999718666077
1788726700.6755066,,,19.459999799728394,11.159099578857422,34.870071312698535,0.0,2.1791999340057373,0.00027557500288821757,0.5182999968528748
1788726850.7459106,,,36.84000015258789,11.180500030517578,34.87641746567275,0.0,2.2699999809265137,0.00023725000210106373,0.45260000228881836
1788727000.7737122,,,53.77999782562256,11.2524995803833,34.900893470931074,0.0,2.2699999809265137,0.0002390750014455989,0.3138999938964844
1788727151.6967773,,,70.45000076293945,11.214400291442871,34.91803443988667,0.0,2.2699999809265137,0.00045625001075677574,0.2919999957084656
1788727302.7229614,,,87.41999626159668,11.230199813842773,34.945851920559754,0.0,2.36080002784729,0.0006569999968633056,0.2700999975204468
1788727452.763733,,,103.24000358581543,11.247900009155273,34.949215489185434,0.0,2.36080002784729,0.0008103000000119209,0.2992999851703644
1788730550.3896484,,,4.830000102519989,11.189299583435059,34.877463773297286,0.0,2.2699999809265137,0.0002317750040674582,0.262800008058548
1788730701.265686,,,22.5,11.195199966430664,34.87995334401665,0.0,2.2699999809265137,0.0002263000060338527,0.43799999356269836
1788731251.0,172.25060000000002,-44.613749999999996,,,,,,,
1788731254.0,172.25060000000002,-44.613749999999996,,,,,,,
1788731399.0,172.25060000000002,-44.613749999999996,,,,,,,
1788731496.0,172.25060000000002,-44.613749999999996,,,,,,,
1788731559.0,172.25060000000002,-44.613749999999996,,,,,,,
1788731622.0,172.25060000000002,-44.613749999999996,,,,,,,
1788731711.0,172.25060000000002,-44.613749999999996,,,,,,,
1788731748.0,172.22141666666664,-44.59231666666667,,,,,,,
1788733851.8325806,,,4.21999990940094,11.148500442504883,34.86008721794064,0.0,2.1791999340057373,0.00019345000328030437,0.2700999975204468
1788734001.9256287,,,21.119999885559082,11.133500099182129,34.859846961745745,0.0,2.2699999809265137,0.00019527500262483954,0.5182999968528748
1788734152.8104858,,,38.6299991607666,11.20259952545166,34.87674686520668,0.0,2.1791999340057373,0.0001989250013139099,0.48179998993873596
1788734303.6012878,,,55.440001487731934,11.294699668884277,34.9194373095931,0.0,2.1791999340057373,0.0002700999903026968,0.2847000062465668
1788734454.3917236,,,72.23000049591064,11.265700340270996,34.93366498453777,0.0,2.2699999809265137,0.0004927500267513096,0.262800008058548
1788734604.9983826,,,92.32999801635742,11.2298002243042,34.942942732958194,0.0,2.36080002784729,0.0006478750146925449,0.2700999975204468
1788737589.0755005,,,4.359999895095825,11.174599647521973,34.86076130814964,0.0,2.1791999340057373,0.00018250000721309334,0.2847000062465668
1788737739.2015686,,,19.16000008583069,11.153400421142578,34.86306443475215,0.0,2.2699999809265137,0.00018250000721309334,0.525600016117096
1788737889.859375,,,35.73999881744385,11.16569995880127,34.86725645241763,0.0,2.1791999340057373,0.00018615000590216368,0.5182999968528748
1788738040.50531,,,53.09000015258789,11.243599891662598,34.895727912794634,0.0,2.1791999340057373,0.00018980000459123403,0.37959998846054077
1788738191.2135925,,,69.62999820709229,11.31149959564209,34.929824799725594,0.0,2.1791999340057373,0.000461724994238466,0.3357999920845032
1788738342.0090027,,,87.11000442504883,11.320899963378906,34.94277654089861,0.0,2.2699999809265137,0.0004708500055130571,0.2847000062465668
1788738492.9277344,,,105.86999893188477,11.301799774169922,34.96234039310718,0.0,2.2699999809265137,0.0007263500010594726,0.32120001316070557
1788741179.0089111,,,4.560000002384186,11.27649974822998,34.87099358243068,0.0,2.1791999340057373,0.00015877500118222088,0.24819999933242798
1788741329.9655762,,,19.730000495910645,11.138999938964844,34.86352200767032,0.0,2.1791999340057373,0.00015877500118222088,0.40149998664855957
1788741480.9362793,,,35.07999897003174,11.127400398254395,34.8648413436447,0.0,2.1791999340057373,0.00014235000708140433,0.48179998993873596
1788741631.7146912,,,50.50000190734863,11.170100212097168,34.88194832495832,0.0,2.1791999340057373,0.00014600000577047467,0.44530001282691956
1788741782.5184326,,,68.53000164031982,11.228099822998047,34.89635948853157,0.0,2.1791999340057373,0.0002682750055100769,0.8248999714851379
1788741932.9706116,,,86.02999687194824,11.262999534606934,34.932546180497084,0.0,2.2699999809265137,0.0004781500028911978,0.2992999851703644
1788742083.663208,,,104.60000038146973,11.303999900817871,34.963298854836744,0.0,2.2699999809265137,0.0007975249900482595,0.357699990272522
1788744876.4051208,,,4.629999995231628,11.179800033569336,34.86108420392992,0.0,2.088399887084961,0.0001569500018376857,0.45260000228881836
1788745027.4801636,,,20.820000171661377,11.183799743652344,34.87549805456262,0.0,2.088399887084961,0.0001514750038040802,0.40880000591278076
1788745178.3208313,,,38.71000051498413,11.252699851989746,34.90049334361077,0.0,2.088399887084961,0.00017337499593850225,0.5182999968528748
1788745328.9930725,,,55.54999828338623,11.245400428771973,34.90623378494951,0.0,2.088399887084961,0.00014965000445954502,0.39419999718666077
1788745479.9045715,,,72.69999980926514,11.257399559020996,34.91133462696469,0.0,2.088399887084961,0.00016242499987129122,0.39419999718666077
1788745630.6058044,,,89.96999740600586,11.281299591064453,34.92515599108785,0.0,2.088399887084961,0.0001989250013139099,0.357699990272522
1788745781.6453247,,,106.90999984741211,11.310999870300293,34.959700913916194,0.0,2.1791999340057373,0.00043069999082945287,0.2992999851703644
1788746672.2931213,,,4.709999859333038,11.229399681091309,34.859597704917164,0.0,2.088399887084961,0.0001642499992158264,0.357699990272522
1788748376.384369,,,4.679999947547913,11.282999992370605,34.8632954937919,0.0,2.088399887084961,0.0001770249946275726,0.34310001134872437
1788748527.4236755,,,21.93000078201294,11.188400268554688,34.86904536175484,0.0,2.1791999340057373,0.00016242499987129122,0.5547999739646912
1788748677.8446045,,,41.30000114440918,11.258099555969238,34.894017556279834,0.0,2.088399887084961,0.00018797500524669886,0.57669997215271
1788748828.629486,,,60.52999973297119,11.258299827575684,34.9096611822689,0.0,2.088399887084961,0.0001642499992158264,0.41609999537467957
1788748979.3301697,,,78.70999813079834,11.271900177001953,34.921915342147955,0.0,2.088399887084961,0.00015330000314861536,0.32120001316070557
1788749129.9943237,,,96.35000228881836,11.310500144958496,34.957837805643386,0.0,2.088399887084961,0.0003066000062972307,0.2773999869823456
1788751786.7950134,,,4.760000109672546,11.270600318908691,34.861591290168526,0.0,2.088399887084961,0.0001843250065576285,0.57669997215271
1788751937.7476196,,,19.500000476837158,11.200799942016602,34.8630587533702,0.0,2.088399887084961,0.00019345000328030437,0.7372999787330627
1788752088.705536,,,35.19999980926514,11.210800170898438,34.868621352587894,0.0,2.1791999340057373,0.00016789999790489674,0.715399980545044
1788752676.0,172.22141666666664,-44.59231666666667,,,,,,,
1788752684.0,172.22141666666664,-44.59231666666667,,,,,,,
1788752827.0,172.20251666666672,-44.55696666666666,,,,,,,
1788754782.8726807,,,4.379999935626984,11.265899658203125,34.86383048928513,0.0,2.088399887084961,0.00016789999790489674,0.5620999932289124
1788754933.713623,,,22.980000972747803,11.208600044250488,34.86773123953769,0.0,2.088399887084961,0.00017519999528303742,0.7810999751091003
1788755084.6440735,,,43.00000190734863,11.204000473022461,34.86888741136212,0.0,2.1791999340057373,0.00016607499856036156,0.7810999751091003
1788755235.0335999,,,62.810001373291016,11.289299964904785,34.908457178628545,0.0,2.1791999340057373,0.00025549999554641545,0.2847000062465668
1788755385.7306213,,,83.02000045776367,11.278800010681152,34.92923619940323,0.0,2.1791999340057373,0.00030842499108985066,0.21899999678134918
1788755535.7918396,,,102.6099967956543,11.278200149536133,34.95957908877455,0.0,2.2699999809265137,0.0006752500194124877,0.262800008058548
1788758220.1044922,,,4.629999995231628,11.137800216674805,34.80788757128536,0.0,2.1791999340057373,0.00016789999790489674,0.5182999968528748
1788758371.0328674,,,20.769999027252197,11.174300193786621,34.84919756697357,0.0,2.088399887084961,0.0001569500018376857,0.715399980545044
1788758521.9531555,,,38.61999988555908,11.184399604797363,34.86296671833437,0.0,2.1791999340057373,0.0001770249946275726,0.8102999925613403
1788758672.6801147,,,58.80000114440918,11.257499694824219,34.89033551673234,0.0,2.1791999340057373,0.00016789999790489674,0.43070000410079956
1788758823.6636047,,,79.31000232696533,11.296899795532227,34.92674078502083,0.0,2.2699999809265137,0.0003540499892551452,0.262800008058548
1788758974.5561218,,,99.35999870300293,11.28600025177002,34.96176825947869,0.0,2.36080002784729,0.0007245250162668526,0.2919999957084656
1788761729.9506226,,,4.320000112056732,11.048800468444824,34.77320440853494,0.0,2.2699999809265137,0.0001697249972494319,0.5401999950408936
1788761880.9195251,,,20.280001163482666,11.178799629211426,34.83400651517029,0.0,2.2699999809265137,0.00018615000590216368,0.44530001282691956
1788762031.8670044,,,37.790000438690186,11.20989990234375,34.86712169182828,0.0,2.1791999340057373,0.00017337499593850225,0.5475000143051147
1788762182.4596252,,,54.650001525878906,11.250399589538574,34.89335468366545,0.0,2.1791999340057373,0.00016789999790489674,0.43799999356269836
1788762332.499878,,,71.46999835968018,11.28030014038086,34.918874642381894,0.0,2.2699999809265137,0.0003887249913532287,0.262800008058548
1788762483.078064,,,88.28000068664551,11.324600219726562,34.94846801884491,0.0,2.36080002784729,0.0005894749774597585,0.24089999496936798
1788765215.0596619,,,4.5500001311302185,11.04170036315918,34.78212781626293,0.0,2.1791999340057373,0.00015330000314861536,0.43799999356269836
1788765365.9780579,,,21.31999969482422,11.21030044555664,34.86358247103823,0.0,2.2699999809265137,0.0001989250013139099,0.5182999968528748
1788765516.717987,,,38.13999891281128,11.214200019836426,34.86885484393896,0.0,2.2699999809265137,0.00023542500275652856,0.44530001282691956
1788765666.8049316,,,55.279998779296875,11.286499977111816,34.909312559831385,0.0,2.36080002784729,0.00041974999476224184,0.24089999496936798
1788765817.596466,,,72.38999843597412,11.315299987792969,34.94631907182084,0.0,2.36080002784729,0.0006168499821797013,0.24089999496936798
1788765967.715271,,,89.09000396728516,11.316100120544434,34.947336041094516,0.0,2.36080002784729,0.0006661249790340662,0.23360000550746918
1788768617.7432556,,,4.490000009536743,11.137299537658691,34.83044218807859,0.0,2.1791999340057373,0.00018797500524669886,0.46720001101493835
1788768767.7999573,,,21.070001125335693,11.14050006866455,34.8301202988363,0.0,2.1791999340057373,0.00020804999803658575,0.48179998993873596
1788768917.8847961,,,40.71000099182129,11.227800369262695,34.86853686011372,0.0,2.2699999809265137,0.0002773999876808375,0.40149998664855957
1788769068.8903503,,,61.05000019073486,11.320099830627441,34.948221240788676,0.0,2.4516000747680664,0.0007208749884739518,0.23360000550746918
1788769218.9394836,,,80.41000366210938,11.321100234985352,34.949243896185216,0.0,2.4516000747680664,0.0007080999785102904,0.24089999496936798
1788769369.9064026,,,99.89999771118164,11.323399543762207,34.94908787687831,0.0,2.4516000747680664,0.0009781999979168177,0.22630000114440918
1788771913.0394897,,,4.350000023841858,11.147899627685547,34.84067613695459,0.0,2.1791999340057373,0.0002043999993475154,0.49639999866485596
1788772063.7978516,,,22.820000648498535,11.151100158691406,34.84199403176866,0.0,2.2699999809265137,0.00020622499869205058,0.49639999866485596
1788772214.7018738,,,41.29000186920166,11.177000045776367,34.851569775185276,0.0,2.2699999809265137,0.00021352499607019126,0.45989999175071716
1788772365.435608,,,59.629998207092285,11.3149995803833,34.932659535678255,0.0,2.4516000747680664,0.0007281749858520925,0.24089999496936798
1788772516.0384827,,,77.82000064849854,11.31149959564209,34.946606308114895,0.0,2.36080002784729,0.0006624750094488263,0.21899999678134918
1788772666.1687927,,,95.90999603271484,11.313300132751465,34.94566114884134,0.0,2.4516000747680664,0.0007062749937176704,0.22630000114440918
1788774180.0,172.20251666666672,-44.55696666666666,,,,,,,
1788774189.0,172.20251666666672,-44.55696666666666,,,,,,,
1788774342.0,172.19091666666668,-44.52241666666667,,,,,,,
1788776182.831543,,,4.519999921321869,11.132499694824219,34.84753220700622,0.0,2.1791999340057373,0.0002664499916136265,0.5037000179290771
1788776332.8857727,,,21.94999933242798,11.183699607849121,34.85886656372342,0.0,2.2699999809265137,0.00031025000498630106,0.46720001101493835
1788776483.0977478,,,41.469998359680176,11.1225004196167,34.851078713510596,0.0,2.2699999809265137,0.00020987499738112092,0.5109999775886536
1788776633.1325989,,,59.8199987411499,11.269800186157227,34.920231284948464,0.0,2.2699999809265137,0.00031025000498630106,0.2554999887943268
1788776783.3602295,,,78.48000049591064,11.288100242614746,34.93227276494194,0.0,2.36080002784729,0.00043069999082945287,0.24089999496936798
1788776933.460785,,,96.56000137329102,11.301899909973145,34.93891361581813,0.0,2.36080002784729,0.0005493250209838152,0.24089999496936798
1788779408.8770142,,,4.210000038146973,10.99530029296875,34.81502136679799,0.0,2.1791999340057373,0.00018615000590216368,0.5109999775886536
1788779559.0827332,,,22.039999961853027,10.993800163269043,34.81180622950585,0.0,2.2699999809265137,0.00018980000459123403,0.5182999968528748
1788779709.307495,,,39.94999885559082,11.146200180053711,34.882172659326365,0.0,2.1791999340057373,0.0001916250039357692,0.5694000124931335
1788779859.370636,,,57.220001220703125,11.120100021362305,34.87379182111902,0.0,2.1791999340057373,0.0002116999967256561,0.35040000081062317
1788780009.4896545,,,75.17000198364258,11.140700340270996,34.88992779154335,0.0,2.4516000747680664,0.000554799975361675,0.23360000550746918
1788780160.4104614,,,93.47000122070312,11.15880012512207,34.89622322846359,0.0,2.4516000747680664,0.0006734249764122069,0.21899999678134918
1788782465.4961548,,,4.729999899864197,11.01259994506836,34.800562095748184,0.0,2.2699999809265137,0.00018250000721309334,0.5475000143051147
1788782616.5655518,,,22.079999446868896,11.026100158691406,34.82578058273262,0.0,2.1791999340057373,0.00018797500524669886,0.525600016117096
1788782766.8269043,,,41.07999801635742,11.075699806213379,34.85787938362812,0.0,2.2699999809265137,0.00021352499607019126,0.45260000228881836
1788782917.7344666,,,60.2400016784668,11.098299980163574,34.86472153793992,0.0,2.2699999809265137,0.00029017499764449894,0.357699990272522
1788783068.526062,,,79.19000148773193,11.12339973449707,34.87974428319496,0.0,2.36080002784729,0.00037960000918246806,0.23360000550746918
1788785526.0570984,,,4.679999947547913,11.034000396728516,34.80135281389175,0.0,2.2699999809265137,0.0001697249972494319,0.525600016117096
1788785677.034851,,,22.039999961853027,11.05210018157959,34.81729735485826,0.0,2.2699999809265137,0.00017519999528303742,0.5182999968528748
1788785827.1490173,,,39.18999910354614,11.091699600219727,34.86179001303141,0.0,2.2699999809265137,0.00023725000210106373,0.44530001282691956
1788785978.0531921,,,57.03000068664551,11.095199584960938,34.86302177000167,0.0,2.2699999809265137,0.0002609750081319362,0.36500000953674316
1788786129.0750732,,,74.25000190734863,11.10569953918457,34.869061195627225,0.0,2.2699999809265137,0.00034492500708438456,0.262800008058548
1788786280.0767822,,,91.96000099182129,11.22819995880127,34.91570994715719,0.0,2.4516000747680664,0.0006551750120706856,0.22630000114440918
1788788642.3995667,,,4.269999861717224,11.068599700927734,34.80804598616006,0.0,2.2699999809265137,0.00019345000328030437,0.5037000179290771
1788788792.4969482,,,22.57999897003174,11.079400062561035,34.8117139623183,0.0,2.36080002784729,0.00018250000721309334,0.48179998993873596
1788788943.4487,,,39.27999973297119,11.100700378417969,34.8629787902466,0.0,2.2699999809265137,0.00025732500944286585,0.48179998993873596
1788789094.3700256,,,56.25999927520752,11.109700202941895,34.86704960191611,0.0,2.2699999809265137,0.00022812500537838787,0.37229999899864197
1788789244.4064941,,,72.7899980545044,11.15779972076416,34.88223683696334,0.0,2.2699999809265137,0.00022995000472292304,0.2919999957084656
1788789395.4082947,,,89.79000091552734,11.252699851989746,34.92315457509583,0.0,2.4516000747680664,0.0005785250104963779,0.24089999496936798
1788791727.0844116,,,4.3299999833106995,11.07229995727539,34.81039468625445,0.0,2.2699999809265137,0.0001989250013139099,0.45989999175071716
1788791878.0845642,,,23.350000381469727,11.090299606323242,34.813599616650464,0.0,2.2699999809265137,0.00019710000196937472,0.43070000410079956
1788792028.2945557,,,40.39999961853027,11.109100341796875,34.863874878801624,0.0,2.2699999809265137,0.00020622499869205058,0.5109999775886536
1788792179.2675476,,,59.15999889373779,11.125499725341797,34.87008845852953,0.0,2.2699999809265137,0.00022082499344833195,0.37229999899864197
1788792330.2755127,,,77.71999835968018,11.212800025939941,34.90079297401875,0.0,2.2699999809265137,0.0002390750014455989,0.2554999887943268
1788794735.1148682,,,4.650000035762787,11.060700416564941,34.8064858895584,0.0,2.2699999809265137,0.00016789999790489674,0.44530001282691956
1788794886.1106262,,,22.009999752044678,11.102899551391602,34.81551567876795,0.0,2.2699999809265137,0.00019710000196937472,0.44530001282691956
1788795036.1559143,,,39.609999656677246,11.115099906921387,34.86471443538561,0.0,2.1791999340057373,0.00017884999397210777,0.5109999775886536
1788795186.1957397,,,57.49000072479248,11.128800392150879,34.870596119739275,0.0,2.1791999340057373,0.0003759500104933977,0.40880000591278076
1788795336.3331604,,,75.47999858856201,11.234600067138672,34.90726585613062,0.0,2.1791999340057373,0.0002263000060338527,0.2700999975204468
1788796201.0,172.19091666666668,-44.52241666666667,,,,,,,
1788796214.0,172.19091666666668,-44.52241666666667,,,,,,,
1788796352.0,172.1697,-44.495749999999994,,,,,,,
1788798107.9627075,,,4.600000083446503,11.06350040435791,34.8051494243137,0.0,2.4516000747680664,0.0002463750133756548,0.47450000047683716
1788798258.9933167,,,22.980000972747803,11.054400444030762,34.803514528851174,0.0,2.2699999809265137,0.00016607499856036156,0.41609999537467957
1788798409.8954163,,,40.79999923706055,11.135299682617188,34.866337270276084,0.0,2.1791999340057373,0.00016060000052675605,0.48179998993873596
1788798560.5214539,,,59.52000141143799,11.170999526977539,34.8761579845841,0.0,2.1791999340057373,0.00016789999790489674,0.40880000591278076
1788798711.4996643,,,78.24999809265137,11.307299613952637,34.93293561738917,0.0,2.36080002784729,0.0005274250288493931,0.24819999933242798
1788801010.502411,,,4.629999995231628,11.044099807739258,34.801877922578136,0.0,2.2699999809265137,0.00017154999659396708,0.43070000410079956
1788801161.363739,,,21.94000005722046,11.067000389099121,34.80660233790486,0.0,2.2699999809265137,0.00018615000590216368,0.40149998664855957
1788801312.1646423,,,37.790000438690186,11.232999801635742,34.871875611516295,0.0,2.1791999340057373,0.00018067499331664294,0.39419999718666077
1788801463.1130066,,,56.14999771118164,11.221699714660645,34.88311291545979,0.0,2.1791999340057373,0.00020257500000298023,0.36500000953674316
1788801614.1006775,,,75.66999912261963,11.300399780273438,34.92375707924044,0.0,2.36080002784729,0.0004416499868966639,0.24089999496936798
1788803812.6182556,,,4.519999921321869,11.04170036315918,34.79661767480186,0.0,2.2699999809265137,0.00017884999397210777,0.41609999537467957
1788803963.5133667,,,23.440001010894775,11.052900314331055,34.80413074308146,0.0,2.2699999809265137,0.0001642499992158264,0.39419999718666077
1788804114.418518,,,42.10000038146973,11.239500045776367,34.86637427889153,0.0,2.36080002784729,0.00038690000656060874,0.262800008058548
1788804265.368103,,,61.22000217437744,11.247699737548828,34.883838395354,0.0,2.2699999809265137,0.0002792250015772879,0.262800008058548
1788804416.3084106,,,79.68999862670898,11.30739974975586,34.928428428605116,0.0,2.4516000747680664,0.0006186750251799822,0.21899999678134918
1788806505.557129,,,4.7200000286102295,11.030900001525879,34.797286100199635,0.0,2.2699999809265137,0.00016242499987129122,0.39419999718666077
1788806656.5866394,,,22.690000534057617,11.039199829101562,34.79720052272926,0.0,2.2699999809265137,0.0001697249972494319,0.40149998664855957
1788806807.4270325,,,40.989999771118164,11.135199546813965,34.8365651227595,0.0,2.36080002784729,0.00023725000210106373,0.2847000062465668
1788806958.3646545,,,59.59000110626221,11.150799751281738,34.85775501356743,0.0,2.63319993019104,0.0006387499743141234,0.21899999678134918
1788807109.244751,,,78.41000080108643,11.280900001525879,34.91163512316719,0.0,2.5423998832702637,0.0006533500272780657,0.22630000114440918
1788807968.1820374,,,4.079999923706055,11.04069995880127,34.797964682140574,0.0,2.2699999809265137,0.00018250000721309334,0.39419999718666077
1788809352.4384155,,,4.5899999141693115,11.026100158691406,34.79640528262916,0.0,2.2699999809265137,0.00017884999397210777,0.39419999718666077
1788809502.6619873,,,22.709999084472656,11.054400444030762,34.80054295814766,0.0,2.2699999809265137,0.00016789999790489674,0.37959998846054077
1788809653.6713867,,,41.560001373291016,11.106300354003906,34.82315226197961,0.0,2.36080002784729,0.00023725000210106373,0.3138999938964844
1788809804.35849,,,60.52000045776367,11.138899803161621,34.84810687810781,0.0,2.5423998832702637,0.0005255999858491123,0.22630000114440918
1788809955.1670227,,,78.63999843597412,11.147000312805176,34.851040005234275,0.0,2.63319993019104,0.0006533500272780657,0.21899999678134918
1788812129.4023438,,,4.560000002384186,11.046699523925781,34.79854620551281,0.0,2.2699999809265137,0.0001697249972494319,0.32120001316070557
1788812280.3953857,,,23.69999885559082,11.046799659729004,34.79582695623041,0.0,2.2699999809265137,0.00015512500249315053,0.41609999537467957
1788812431.389862,,,43.35000038146973,11.095399856567383,34.81942663657209,0.0,2.36080002784729,0.00022812500537838787,0.36500000953674316
1788812582.4085999,,,62.30999946594238,11.121800422668457,34.83861438558433,0.0,2.4516000747680664,0.0003650000144261867,0.262800008058548
1788812733.3721924,,,81.40999794006348,11.1451997756958,34.84901826181558,0.0,2.63319993019104,0.0005803499952889979,0.22630000114440918
1788814978.1424255,,,4.839999973773956,11.01930046081543,34.79165858965443,0.0,2.2699999809265137,0.00014782500511500984,0.2773999869823456
1788815128.2922058,,,20.989999771118164,11.031599998474121,34.79559008248024,0.0,2.36080002784729,0.00014965000445954502,0.43799999356269836
1788815279.1904297,,,37.67999887466431,11.084799766540527,34.81367403104201,0.0,2.36080002784729,0.00020987499738112092,0.40149998664855957
1788815429.3110962,,,53.75999927520752,11.109999656677246,34.827131433711976,0.0,2.36080002784729,0.0002865249989554286,0.3357999920845032
1788815580.2992249,,,69.25000190734863,11.121600151062012,34.83729284894958,0.0,2.4516000747680664,0.00039237499004229903,0.2700999975204468
1788817679.0,172.1697,-44.495749999999994,,,,,,,
1788817691.0,172.1697,-44.495749999999994,,,,,,,
1788817832.0,172.15166666666664,-44.462900000000005,,,,,,,
1788838851.0,172.15166666666664,-44.462900000000005,,,,,,,
1788838859.0,172.15166666666664,-44.462900000000005,,,,,,,
1788838919.0,172.14295000000004,-44.43155,,,,,,,
1788860577.0,172.14295000000004,-44.43155,,,,,,,
1788860585.0,172.14295000000004,-44.43155,,,,,,,
1788860687.0,172.14295000000004,-44.43155,,,,,,,
1788860749.0,172.14295000000004,-44.43155,,,,,,,
1788860810.0,172.1513833333333,-44.38786666666667,,,,,,,
1788882194.0,172.1513833333333,-44.38786666666667,,,,,,,
1788882211.0,172.1513833333333,-44.38786666666667,,,,,,,
1788882275.0,172.17485000000002,-44.36245000000001,,,,,,,
1788903739.0,172.17485000000002,-44.36245000000001,,,,,,,
1788903756.0,172.17485000000002,-44.36245000000001,,,,,,,
1788903817.0,172.19058333333334,-44.324716666666674,,,,,,,
1788925675.0,172.19058333333334,-44.324716666666674,,,,,,,
1788925692.0,172.19058333333334,-44.324716666666674,,,,,,,
1788925756.0,172.2132166666667,-44.30413333333333,,,,,,,
1788947214.0,172.2132166666667,-44.30413333333333,,,,,,,
1788947231.0,172.2132166666667,-44.30413333333333,,,,,,,
1788947291.0,172.23983333333334,-44.256266666666676,,,,,,,
1788968655.0,172.23983333333334,-44.256266666666676,,,,,,,
1788968672.0,172.23983333333334,-44.256266666666676,,,,,,,
1788968732.0,172.28405,-44.22135,,,,,,,
1788990269.0,172.28405,-44.22135,,,,,,,
